Latitude,Longitude,Total Segment Length (km),Average Modal Freeboard (m),Average Pressure Ridge (m),Ridge Fraction (%),Surface Roughness (m),File,Thickness (m),Source File
-69.27343031534416,-4.920430121772893,27.0,0.1,0.9456956386566162,0.5715776648786333,0.0616867616772651,processed_ATL10-02_20240101195909_02142201_006_01.h5,0.43,Combined_25km_jan24_gt1r.csv
-69.27343031534416,-4.920430121772893,27.0,0.1,0.9456956386566162,0.5715776648786333,0.0616867616772651,processed_ATL10-02_20240101195909_02142201_006_01.h5,0.43,Combined_25km_jan24_gt1r.csv
-74.4589562328357,-26.309706040886944,27.0,0.05,,0.0,0.0166113786399364,processed_ATL10-02_20240101213326_02152201_006_01.h5,0.25,Combined_25km_jan24_gt1r.csv
-74.21938530997002,-26.439316655412707,27.0,0.22,1.0871366262435913,0.0865410289002789,0.091240793466568,processed_ATL10-02_20240101213326_02152201_006_01.h5,0.86,Combined_25km_jan24_gt1r.csv
-73.9910772520602,-26.55975804475552,24.0,0.06,0.883075550198555,12.625916325487196,0.239704817533493,processed_ATL10-02_20240101213326_02152201_006_01.h5,0.28,Combined_25km_jan24_gt1r.csv
-74.4589562328357,-26.309706040886944,27.0,0.05,,0.0,0.0166113786399364,processed_ATL10-02_20240101213326_02152201_006_01.h5,0.25,Combined_25km_jan24_gt1r.csv
-74.21938530997002,-26.439316655412707,27.0,0.22,1.0871366262435913,0.0865410289002789,0.091240793466568,processed_ATL10-02_20240101213326_02152201_006_01.h5,0.86,Combined_25km_jan24_gt1r.csv
-73.9910772520602,-26.55975804475552,24.0,0.06,0.883075550198555,12.625916325487196,0.239704817533493,processed_ATL10-02_20240101213326_02152201_006_01.h5,0.28,Combined_25km_jan24_gt1r.csv
-72.84263266727353,-21.41250533119039,24.0,0.12,0.824021577835083,2.163313399069011,0.1603975296020507,processed_ATL10-02_20240102210747_02302201_006_01.h5,0.5,Combined_25km_jan24_gt1r.csv
-72.62312409686389,-21.513213134258194,18.0,0.1,,0.0,0.1265694499015808,processed_ATL10-02_20240102210747_02302201_006_01.h5,0.43,Combined_25km_jan24_gt1r.csv
-72.84263266727353,-21.41250533119039,24.0,0.12,0.824021577835083,2.163313399069011,0.1603975296020507,processed_ATL10-02_20240102210747_02302201_006_01.h5,0.5,Combined_25km_jan24_gt1r.csv
-72.62312409686389,-21.513213134258194,18.0,0.1,,0.0,0.1265694499015808,processed_ATL10-02_20240102210747_02302201_006_01.h5,0.43,Combined_25km_jan24_gt1r.csv
-75.67036265490216,-43.51238743448579,27.0,0.37,1.1667715708414714,7.078127945876783,0.2638408839702606,processed_ATL10-02_20240102224204_02312201_006_01.h5,1.41,Combined_25km_jan24_gt1r.csv
-75.41783536362892,-43.66951061625286,18.0,0.27,1.0214177370071411,2.531967878652116,0.181434154510498,processed_ATL10-02_20240102224204_02312201_006_01.h5,1.04,Combined_25km_jan24_gt1r.csv
-75.21855541428675,-43.78998615990733,27.0,0.21,1.0323420837521553,11.177827583418953,0.2703319787979126,processed_ATL10-02_20240102224204_02312201_006_01.h5,0.83,Combined_25km_jan24_gt1r.csv
-74.9926981191473,-43.9232604973719,24.0,0.32,1.0611078483717782,3.4852819866500795,0.207669973373413,processed_ATL10-02_20240102224204_02312201_006_01.h5,1.23,Combined_25km_jan24_gt1r.csv
-74.76691496717197,-44.05295733291767,27.0,0.3,0.9626561760902403,1.2418414388472836,0.1588882803916931,processed_ATL10-02_20240102224204_02312201_006_01.h5,1.15,Combined_25km_jan24_gt1r.csv
-74.54082321258687,-44.17955419393417,24.0,0.31,1.078458408514659,0.6727646104991436,0.1494650244712829,processed_ATL10-02_20240102224204_02312201_006_01.h5,1.19,Combined_25km_jan24_gt1r.csv
-74.31661369925436,-44.30187709415051,27.0,0.29,1.0163757279515266,1.9904469527925053,0.1823236495256424,processed_ATL10-02_20240102224204_02312201_006_01.h5,1.12,Combined_25km_jan24_gt1r.csv
-74.08867554383161,-44.42328271858747,24.0,0.3,1.1228933930397034,1.3301199942361563,0.1938870549201965,processed_ATL10-02_20240102224204_02312201_006_01.h5,1.15,Combined_25km_jan24_gt1r.csv
-73.86254272729923,-44.54079075503514,27.0,0.34,1.143878422677517,3.3033674065437584,0.2352139353752136,processed_ATL10-02_20240102224204_02312201_006_01.h5,1.3,Combined_25km_jan24_gt1r.csv
-73.63641534132539,-44.65558250014476,24.0,0.3,1.0908739070097606,3.229925397317857,0.2289266288280487,processed_ATL10-02_20240102224204_02312201_006_01.h5,1.15,Combined_25km_jan24_gt1r.csv
-75.67036265490216,-43.51238743448579,27.0,0.37,1.1667715708414714,7.078127945876783,0.2638408839702606,processed_ATL10-02_20240102224204_02312201_006_01.h5,1.41,Combined_25km_jan24_gt1r.csv
-75.41783536362892,-43.66951061625286,18.0,0.27,1.0214177370071411,2.531967878652116,0.181434154510498,processed_ATL10-02_20240102224204_02312201_006_01.h5,1.04,Combined_25km_jan24_gt1r.csv
-75.21855541428675,-43.78998615990733,27.0,0.21,1.0323420837521553,11.177827583418953,0.2703319787979126,processed_ATL10-02_20240102224204_02312201_006_01.h5,0.83,Combined_25km_jan24_gt1r.csv
-74.9926981191473,-43.9232604973719,24.0,0.32,1.0611078483717782,3.4852819866500795,0.207669973373413,processed_ATL10-02_20240102224204_02312201_006_01.h5,1.23,Combined_25km_jan24_gt1r.csv
-74.76691496717197,-44.05295733291767,27.0,0.3,0.9626561760902403,1.2418414388472836,0.1588882803916931,processed_ATL10-02_20240102224204_02312201_006_01.h5,1.15,Combined_25km_jan24_gt1r.csv
-74.54082321258687,-44.17955419393417,24.0,0.31,1.078458408514659,0.6727646104991436,0.1494650244712829,processed_ATL10-02_20240102224204_02312201_006_01.h5,1.19,Combined_25km_jan24_gt1r.csv
-74.31661369925436,-44.30187709415051,27.0,0.29,1.0163757279515266,1.9904469527925053,0.1823236495256424,processed_ATL10-02_20240102224204_02312201_006_01.h5,1.12,Combined_25km_jan24_gt1r.csv
-74.08867554383161,-44.42328271858747,24.0,0.3,1.1228933930397034,1.3301199942361563,0.1938870549201965,processed_ATL10-02_20240102224204_02312201_006_01.h5,1.15,Combined_25km_jan24_gt1r.csv
-73.86254272729923,-44.54079075503514,27.0,0.34,1.143878422677517,3.3033674065437584,0.2352139353752136,processed_ATL10-02_20240102224204_02312201_006_01.h5,1.3,Combined_25km_jan24_gt1r.csv
-73.63641534132539,-44.65558250014476,24.0,0.3,1.0908739070097606,3.229925397317857,0.2289266288280487,processed_ATL10-02_20240102224204_02312201_006_01.h5,1.15,Combined_25km_jan24_gt1r.csv
-71.70325511354083,-16.734127326138363,18.0,0.16,0.901625394821167,1.848839595913887,0.1112892404198646,processed_ATL10-02_20240103080749_02372201_006_01.h5,0.65,Combined_25km_jan24_gt1r.csv
-71.70325511354083,-16.734127326138363,18.0,0.16,0.901625394821167,1.848839595913887,0.1112892404198646,processed_ATL10-02_20240103080749_02372201_006_01.h5,0.65,Combined_25km_jan24_gt1r.csv
-75.62237495998656,-42.34885337259282,27.0,0.21,1.0323613371167863,11.072555950118437,0.260433167219162,processed_ATL10-02_20240103094206_02382201_006_01.h5,0.83,Combined_25km_jan24_gt1r.csv
-75.62237495998656,-42.34885337259282,27.0,0.21,1.0323613371167863,11.072555950118437,0.260433167219162,processed_ATL10-02_20240103094206_02382201_006_01.h5,0.83,Combined_25km_jan24_gt1r.csv
-68.37796775278612,-41.035912227051,15.0,0.12,,0.0,0.0653970390558242,processed_ATL10-02_20240103221625_02462201_006_01.h5,0.5,Combined_25km_jan24_gt1r.csv
-68.1520317571793,-41.10764314058727,24.0,0.09,,0.0,0.0882566049695015,processed_ATL10-02_20240103221625_02462201_006_01.h5,0.39,Combined_25km_jan24_gt1r.csv
-67.95245343334047,-41.1700563069753,21.0,0.08,,0.0,0.0716692954301834,processed_ATL10-02_20240103221625_02462201_006_01.h5,0.36,Combined_25km_jan24_gt1r.csv
-67.67806208976761,-41.254512815245455,18.0,0.1,,0.0,0.0839275047183036,processed_ATL10-02_20240103221625_02462201_006_01.h5,0.43,Combined_25km_jan24_gt1r.csv
-68.37796775278612,-41.035912227051,15.0,0.12,,0.0,0.0653970390558242,processed_ATL10-02_20240103221625_02462201_006_01.h5,0.5,Combined_25km_jan24_gt1r.csv
-68.1520317571793,-41.10764314058727,24.0,0.09,,0.0,0.0882566049695015,processed_ATL10-02_20240103221625_02462201_006_01.h5,0.39,Combined_25km_jan24_gt1r.csv
-67.95245343334047,-41.1700563069753,21.0,0.08,,0.0,0.0716692954301834,processed_ATL10-02_20240103221625_02462201_006_01.h5,0.36,Combined_25km_jan24_gt1r.csv
-67.67806208976761,-41.254512815245455,18.0,0.1,,0.0,0.0839275047183036,processed_ATL10-02_20240103221625_02462201_006_01.h5,0.43,Combined_25km_jan24_gt1r.csv
-69.20033256638706,-23.631892138154864,12.0,0.04,,0.0,0.0374767892062664,processed_ATL10-02_20240106205923_02912201_006_01.h5,0.21,Combined_25km_jan24_gt1r.csv
-66.58127316742377,-24.444578938003666,3.0,0.13,,0.0,0.032884731888771,processed_ATL10-02_20240106205923_02912201_006_01.h5,0.54,Combined_25km_jan24_gt1r.csv
-66.4617050299567,-24.478470158203383,24.0,0.08,,0.0,0.0399824753403663,processed_ATL10-02_20240106205923_02912201_006_01.h5,0.36,Combined_25km_jan24_gt1r.csv
-66.23381298658855,-24.54238049865136,27.0,0.09,1.0352696180343628,0.0494176418417029,0.0599034242331981,processed_ATL10-02_20240106205923_02912201_006_01.h5,0.39,Combined_25km_jan24_gt1r.csv
-66.00650708453082,-24.605275951582747,24.0,0.11,,0.0,0.0642433166503906,processed_ATL10-02_20240106205923_02912201_006_01.h5,0.46,Combined_25km_jan24_gt1r.csv
-69.20033256638706,-23.631892138154864,12.0,0.04,,0.0,0.0374767892062664,processed_ATL10-02_20240106205923_02912201_006_01.h5,0.21,Combined_25km_jan24_gt1r.csv
-66.58127316742377,-24.444578938003666,3.0,0.13,,0.0,0.032884731888771,processed_ATL10-02_20240106205923_02912201_006_01.h5,0.54,Combined_25km_jan24_gt1r.csv
-66.4617050299567,-24.478470158203383,24.0,0.08,,0.0,0.0399824753403663,processed_ATL10-02_20240106205923_02912201_006_01.h5,0.36,Combined_25km_jan24_gt1r.csv
-66.23381298658855,-24.54238049865136,27.0,0.09,1.0352696180343628,0.0494176418417029,0.0599034242331981,processed_ATL10-02_20240106205923_02912201_006_01.h5,0.39,Combined_25km_jan24_gt1r.csv
-66.00650708453082,-24.605275951582747,24.0,0.11,,0.0,0.0642433166503906,processed_ATL10-02_20240106205923_02912201_006_01.h5,0.46,Combined_25km_jan24_gt1r.csv
-77.43810439273598,-44.413324038372686,21.0,0.21,0.874832808971405,0.7546427194029093,0.1381571292877197,processed_ATL10-02_20240107093341_02992201_006_01.h5,0.83,Combined_25km_jan24_gt1r.csv
-75.36513151914976,-42.96782570000624,9.0,0.15,0.8694271743297577,5.179939046502113,0.2023106068372726,processed_ATL10-02_20240107093341_02992201_006_01.h5,0.61,Combined_25km_jan24_gt1r.csv
-74.75729951117852,-42.6109233739733,12.0,0.25,,0.0,0.1197910532355308,processed_ATL10-02_20240107093341_02992201_006_01.h5,0.97,Combined_25km_jan24_gt1r.csv
-74.48321499394851,-42.45796443962064,6.0,0.2,,0.0,0.1072496473789215,processed_ATL10-02_20240107093341_02992201_006_01.h5,0.79,Combined_25km_jan24_gt1r.csv
-74.35597610922159,-42.38854244301513,3.0,0.04,,0.0,0.1015504673123359,processed_ATL10-02_20240107093341_02992201_006_01.h5,0.21,Combined_25km_jan24_gt1r.csv
-77.43810439273598,-44.413324038372686,21.0,0.21,0.874832808971405,0.7546427194029093,0.1381571292877197,processed_ATL10-02_20240107093341_02992201_006_01.h5,0.83,Combined_25km_jan24_gt1r.csv
-75.36513151914976,-42.96782570000624,9.0,0.15,0.8694271743297577,5.179939046502113,0.2023106068372726,processed_ATL10-02_20240107093341_02992201_006_01.h5,0.61,Combined_25km_jan24_gt1r.csv
-74.75729951117852,-42.6109233739733,12.0,0.25,,0.0,0.1197910532355308,processed_ATL10-02_20240107093341_02992201_006_01.h5,0.97,Combined_25km_jan24_gt1r.csv
-74.48321499394851,-42.45796443962064,6.0,0.2,,0.0,0.1072496473789215,processed_ATL10-02_20240107093341_02992201_006_01.h5,0.79,Combined_25km_jan24_gt1r.csv
-74.35597610922159,-42.38854244301513,3.0,0.04,,0.0,0.1015504673123359,processed_ATL10-02_20240107093341_02992201_006_01.h5,0.21,Combined_25km_jan24_gt1r.csv
-73.31538356802862,-39.87933851052945,24.0,0.21,0.9247395892937978,5.4386091767810285,0.241605520248413,processed_ATL10-02_20240107220759_03072201_006_01.h5,0.83,Combined_25km_jan24_gt1r.csv
-73.02032896818855,-40.02038902237089,12.0,0.33,0.8569696545600891,1.1339928954839706,0.1451650708913803,processed_ATL10-02_20240107220759_03072201_006_01.h5,1.26,Combined_25km_jan24_gt1r.csv
-72.88659057503736,-40.083093122185055,12.0,0.1,0.8614461223284403,6.873483443632722,0.1960493922233581,processed_ATL10-02_20240107220759_03072201_006_01.h5,0.43,Combined_25km_jan24_gt1r.csv
-69.86308094795774,-41.31273138393755,15.0,0.07,0.7148657441139221,2.1422097086906438,0.0987594872713089,processed_ATL10-02_20240107220759_03072201_006_01.h5,0.32,Combined_25km_jan24_gt1r.csv
-69.73893318919941,-41.35691174955935,12.0,0.04,0.7465784549713135,5.703973327763379,0.1634988486766815,processed_ATL10-02_20240107220759_03072201_006_01.h5,0.21,Combined_25km_jan24_gt1r.csv
-73.31538356802862,-39.87933851052945,24.0,0.21,0.9247395892937978,5.4386091767810285,0.241605520248413,processed_ATL10-02_20240107220759_03072201_006_01.h5,0.83,Combined_25km_jan24_gt1r.csv
-73.02032896818855,-40.02038902237089,12.0,0.33,0.8569696545600891,1.1339928954839706,0.1451650708913803,processed_ATL10-02_20240107220759_03072201_006_01.h5,1.26,Combined_25km_jan24_gt1r.csv
-72.88659057503736,-40.083093122185055,12.0,0.1,0.8614461223284403,6.873483443632722,0.1960493922233581,processed_ATL10-02_20240107220759_03072201_006_01.h5,0.43,Combined_25km_jan24_gt1r.csv
-69.86308094795774,-41.31273138393755,15.0,0.07,0.7148657441139221,2.1422097086906438,0.0987594872713089,processed_ATL10-02_20240107220759_03072201_006_01.h5,0.32,Combined_25km_jan24_gt1r.csv
-69.73893318919941,-41.35691174955935,12.0,0.04,0.7465784549713135,5.703973327763379,0.1634988486766815,processed_ATL10-02_20240107220759_03072201_006_01.h5,0.21,Combined_25km_jan24_gt1r.csv
-74.17909531860117,-36.58435222780694,3.0,0.0,,0.0,0.0355237834155559,processed_ATL10-02_20240108090800_03142201_006_01.h5,0.07,Combined_25km_jan24_gt1r.csv
-73.78210899569382,-36.37785300500804,12.0,0.06,1.0750643908977509,37.84868307411671,0.4547581374645233,processed_ATL10-02_20240108090800_03142201_006_01.h5,0.28,Combined_25km_jan24_gt1r.csv
-71.51457296562234,-35.34342852250684,12.0,0.16,0.9609347581863404,5.794651247560978,0.173577606678009,processed_ATL10-02_20240108090800_03142201_006_01.h5,0.65,Combined_25km_jan24_gt1r.csv
-71.43526831044439,-35.31103220076706,6.0,0.07,,0.0,0.1622107774019241,processed_ATL10-02_20240108090800_03142201_006_01.h5,0.32,Combined_25km_jan24_gt1r.csv
-71.07873034489553,-35.16825365498997,9.0,0.2,,0.0,0.0729912370443344,processed_ATL10-02_20240108090800_03142201_006_01.h5,0.79,Combined_25km_jan24_gt1r.csv
-70.8984252610358,-35.09775595968388,21.0,0.22,1.0449016094207764,1.2945289058344704,0.1334582418203354,processed_ATL10-02_20240108090800_03142201_006_01.h5,0.86,Combined_25km_jan24_gt1r.csv
-70.69134136800798,-35.01802121731727,24.0,0.15,0.9260334968566896,2.8074328205548227,0.1765483617782592,processed_ATL10-02_20240108090800_03142201_006_01.h5,0.61,Combined_25km_jan24_gt1r.csv
-70.47079488317932,-34.934622812901964,24.0,0.08,0.6629694700241089,0.0744545832276344,0.1082377582788467,processed_ATL10-02_20240108090800_03142201_006_01.h5,0.36,Combined_25km_jan24_gt1r.csv
-70.2103698764477,-34.837986661194485,15.0,0.05,,0.0,0.0625606253743171,processed_ATL10-02_20240108090800_03142201_006_01.h5,0.25,Combined_25km_jan24_gt1r.csv
-70.01234644191449,-34.76589634704752,18.0,0.13,0.7430053353309631,0.2839240555961926,0.100621186196804,processed_ATL10-02_20240108090800_03142201_006_01.h5,0.54,Combined_25km_jan24_gt1r.csv
-69.8040000892799,-34.69118209426981,15.0,0.13,,0.0,0.0801897570490837,processed_ATL10-02_20240108090800_03142201_006_01.h5,0.54,Combined_25km_jan24_gt1r.csv
-69.66033603287835,-34.640316521386694,3.0,0.1,,0.0,0.0358241721987724,processed_ATL10-02_20240108090800_03142201_006_01.h5,0.43,Combined_25km_jan24_gt1r.csv
-74.17909531860117,-36.58435222780694,3.0,0.0,,0.0,0.0355237834155559,processed_ATL10-02_20240108090800_03142201_006_01.h5,0.07,Combined_25km_jan24_gt1r.csv
-73.78210899569382,-36.37785300500804,12.0,0.06,1.0750643908977509,37.84868307411671,0.4547581374645233,processed_ATL10-02_20240108090800_03142201_006_01.h5,0.28,Combined_25km_jan24_gt1r.csv
-71.51457296562234,-35.34342852250684,12.0,0.16,0.9609347581863404,5.794651247560978,0.173577606678009,processed_ATL10-02_20240108090800_03142201_006_01.h5,0.65,Combined_25km_jan24_gt1r.csv
-71.43526831044439,-35.31103220076706,6.0,0.07,,0.0,0.1622107774019241,processed_ATL10-02_20240108090800_03142201_006_01.h5,0.32,Combined_25km_jan24_gt1r.csv
-71.07873034489553,-35.16825365498997,9.0,0.2,,0.0,0.0729912370443344,processed_ATL10-02_20240108090800_03142201_006_01.h5,0.79,Combined_25km_jan24_gt1r.csv
-70.8984252610358,-35.09775595968388,21.0,0.22,1.0449016094207764,1.2945289058344704,0.1334582418203354,processed_ATL10-02_20240108090800_03142201_006_01.h5,0.86,Combined_25km_jan24_gt1r.csv
-70.69134136800798,-35.01802121731727,24.0,0.15,0.9260334968566896,2.8074328205548227,0.1765483617782592,processed_ATL10-02_20240108090800_03142201_006_01.h5,0.61,Combined_25km_jan24_gt1r.csv
-70.47079488317932,-34.934622812901964,24.0,0.08,0.6629694700241089,0.0744545832276344,0.1082377582788467,processed_ATL10-02_20240108090800_03142201_006_01.h5,0.36,Combined_25km_jan24_gt1r.csv
-70.2103698764477,-34.837986661194485,15.0,0.05,,0.0,0.0625606253743171,processed_ATL10-02_20240108090800_03142201_006_01.h5,0.25,Combined_25km_jan24_gt1r.csv
-70.01234644191449,-34.76589634704752,18.0,0.13,0.7430053353309631,0.2839240555961926,0.100621186196804,processed_ATL10-02_20240108090800_03142201_006_01.h5,0.54,Combined_25km_jan24_gt1r.csv
-69.8040000892799,-34.69118209426981,15.0,0.13,,0.0,0.0801897570490837,processed_ATL10-02_20240108090800_03142201_006_01.h5,0.54,Combined_25km_jan24_gt1r.csv
-69.66033603287835,-34.640316521386694,3.0,0.1,,0.0,0.0358241721987724,processed_ATL10-02_20240108090800_03142201_006_01.h5,0.43,Combined_25km_jan24_gt1r.csv
-68.6129340939408,-12.406744441779022,24.0,0.05,,0.0,0.0281389728188514,processed_ATL10-02_20240108200801_03212201_006_01.h5,0.25,Combined_25km_jan24_gt1r.csv
-68.37550442077203,-12.483381563798895,24.0,0.05,,0.0,0.0421364605426788,processed_ATL10-02_20240108200801_03212201_006_01.h5,0.25,Combined_25km_jan24_gt1r.csv
-68.6129340939408,-12.406744441779022,24.0,0.05,,0.0,0.0281389728188514,processed_ATL10-02_20240108200801_03212201_006_01.h5,0.25,Combined_25km_jan24_gt1r.csv
-68.37550442077203,-12.483381563798895,24.0,0.05,,0.0,0.0421364605426788,processed_ATL10-02_20240108200801_03212201_006_01.h5,0.25,Combined_25km_jan24_gt1r.csv
-74.4138234952124,-31.00031738122544,27.0,0.09,0.7340717315673828,0.7133475608295865,0.1282017081975937,processed_ATL10-02_20240109084218_03292201_006_01.h5,0.39,Combined_25km_jan24_gt1r.csv
-74.24174477991058,-30.907247427857172,12.0,0.09,0.8067207336425781,0.6495615467429161,0.1236623972654342,processed_ATL10-02_20240109084218_03292201_006_01.h5,0.39,Combined_25km_jan24_gt1r.csv
-73.93231428534374,-30.74449687904453,21.0,0.31,0.9024532238642374,7.58290205683027,0.2044990956783294,processed_ATL10-02_20240109084218_03292201_006_01.h5,1.19,Combined_25km_jan24_gt1r.csv
-74.4138234952124,-31.00031738122544,27.0,0.09,0.7340717315673828,0.7133475608295865,0.1282017081975937,processed_ATL10-02_20240109084218_03292201_006_01.h5,0.39,Combined_25km_jan24_gt1r.csv
-74.24174477991058,-30.907247427857172,12.0,0.09,0.8067207336425781,0.6495615467429161,0.1236623972654342,processed_ATL10-02_20240109084218_03292201_006_01.h5,0.39,Combined_25km_jan24_gt1r.csv
-73.93231428534374,-30.74449687904453,21.0,0.31,0.9024532238642374,7.58290205683027,0.2044990956783294,processed_ATL10-02_20240109084218_03292201_006_01.h5,1.19,Combined_25km_jan24_gt1r.csv
-69.72501366863779,-6.320315917891577,27.0,0.08,1.080593228340149,0.4012280454238255,0.053792655467987,processed_ATL10-02_20240109194220_03362201_006_01.h5,0.36,Combined_25km_jan24_gt1r.csv
-69.72501366863779,-6.320315917891577,27.0,0.08,1.080593228340149,0.4012280454238255,0.053792655467987,processed_ATL10-02_20240109194220_03362201_006_01.h5,0.36,Combined_25km_jan24_gt1r.csv
-74.2086925306005,-28.00216184719132,24.0,0.16,0.8846904993057251,8.802060084417462,0.1833608150482177,processed_ATL10-02_20240109211637_03372201_006_01.h5,0.65,Combined_25km_jan24_gt1r.csv
-73.98116682463491,-28.12202482791634,27.0,0.17,1.0246095458666484,7.349477211634318,0.1415764242410659,processed_ATL10-02_20240109211637_03372201_006_01.h5,0.68,Combined_25km_jan24_gt1r.csv
-73.7441293301997,-28.24393634866407,27.0,0.23,0.809947649637858,2.4241342312759824,0.1458468735218048,processed_ATL10-02_20240109211637_03372201_006_01.h5,0.9,Combined_25km_jan24_gt1r.csv
-73.50403981842582,-28.3643861309614,21.0,0.05,0.882477879524231,20.094028008835657,0.2240843325853347,processed_ATL10-02_20240109211637_03372201_006_01.h5,0.25,Combined_25km_jan24_gt1r.csv
-73.34111716988204,-28.44444714425391,15.0,0.07,0.9847180843353271,7.575810551643372,0.1501726955175399,processed_ATL10-02_20240109211637_03372201_006_01.h5,0.32,Combined_25km_jan24_gt1r.csv
-71.93212724386815,-29.084696074809084,21.0,0.04,0.7338094413280487,3.0211334249803,0.1666089445352554,processed_ATL10-02_20240109211637_03372201_006_01.h5,0.21,Combined_25km_jan24_gt1r.csv
-71.72833066601643,-29.170654570360867,24.0,0.08,0.7655079875673566,2.8714595129713416,0.1522955596446991,processed_ATL10-02_20240109211637_03372201_006_01.h5,0.36,Combined_25km_jan24_gt1r.csv
-74.2086925306005,-28.00216184719132,24.0,0.16,0.8846904993057251,8.802060084417462,0.1833608150482177,processed_ATL10-02_20240109211637_03372201_006_01.h5,0.65,Combined_25km_jan24_gt1r.csv
-73.98116682463491,-28.12202482791634,27.0,0.17,1.0246095458666484,7.349477211634318,0.1415764242410659,processed_ATL10-02_20240109211637_03372201_006_01.h5,0.68,Combined_25km_jan24_gt1r.csv
-73.7441293301997,-28.24393634866407,27.0,0.23,0.809947649637858,2.4241342312759824,0.1458468735218048,processed_ATL10-02_20240109211637_03372201_006_01.h5,0.9,Combined_25km_jan24_gt1r.csv
-73.50403981842582,-28.3643861309614,21.0,0.05,0.882477879524231,20.094028008835657,0.2240843325853347,processed_ATL10-02_20240109211637_03372201_006_01.h5,0.25,Combined_25km_jan24_gt1r.csv
-73.34111716988204,-28.44444714425391,15.0,0.07,0.9847180843353271,7.575810551643372,0.1501726955175399,processed_ATL10-02_20240109211637_03372201_006_01.h5,0.32,Combined_25km_jan24_gt1r.csv
-71.93212724386815,-29.084696074809084,21.0,0.04,0.7338094413280487,3.0211334249803,0.1666089445352554,processed_ATL10-02_20240109211637_03372201_006_01.h5,0.21,Combined_25km_jan24_gt1r.csv
-71.72833066601643,-29.170654570360867,24.0,0.08,0.7655079875673566,2.8714595129713416,0.1522955596446991,processed_ATL10-02_20240109211637_03372201_006_01.h5,0.36,Combined_25km_jan24_gt1r.csv
-74.7811820699271,-25.494286865940868,12.0,0.05,,0.0,0.0619249567389488,processed_ATL10-02_20240110081640_03442201_006_01.h5,0.25,Combined_25km_jan24_gt1r.csv
-73.74390279861967,-24.937472974624587,12.0,0.06,0.8331737816333771,20.87411256507039,0.2234158515930175,processed_ATL10-02_20240110081640_03442201_006_01.h5,0.28,Combined_25km_jan24_gt1r.csv
-73.64890833431514,-24.88951100291867,6.0,0.04,0.7932173609733582,2.916622534394264,0.0588609613478183,processed_ATL10-02_20240110081640_03442201_006_01.h5,0.21,Combined_25km_jan24_gt1r.csv
-73.29059639417139,-24.712857801642052,12.0,0.04,0.8970259428024292,4.449958633631468,0.1307905167341232,processed_ATL10-02_20240110081640_03442201_006_01.h5,0.21,Combined_25km_jan24_gt1r.csv
-73.12927072397817,-24.63549201826785,24.0,0.08,0.814657598733902,11.187432054430246,0.2143964767456054,processed_ATL10-02_20240110081640_03442201_006_01.h5,0.36,Combined_25km_jan24_gt1r.csv
-72.89190790869918,-24.52383972576603,21.0,0.09,0.8655410806337992,4.40883854670184,0.1427082866430282,processed_ATL10-02_20240110081640_03442201_006_01.h5,0.39,Combined_25km_jan24_gt1r.csv
-72.67885394223663,-24.42571800883461,24.0,0.14,0.8291129044124058,6.687664549099281,0.2022507786750793,processed_ATL10-02_20240110081640_03442201_006_01.h5,0.57,Combined_25km_jan24_gt1r.csv
-72.45232124928809,-24.323589137306307,27.0,0.08,0.7383827964464823,1.7154618269867368,0.1538573056459427,processed_ATL10-02_20240110081640_03442201_006_01.h5,0.36,Combined_25km_jan24_gt1r.csv
-72.23853950919161,-24.229121919905555,21.0,0.13,0.8282907605171204,2.3914740287831853,0.1898593157529831,processed_ATL10-02_20240110081640_03442201_006_01.h5,0.54,Combined_25km_jan24_gt1r.csv
-72.02906249792446,-24.13838199446752,18.0,0.07,0.7750884890556335,0.9375788892308872,0.1351872533559799,processed_ATL10-02_20240110081640_03442201_006_01.h5,0.32,Combined_25km_jan24_gt1r.csv
-71.89264590334575,-24.08012837995189,3.0,0.05,,0.0,0.0628815367817878,processed_ATL10-02_20240110081640_03442201_006_01.h5,0.25,Combined_25km_jan24_gt1r.csv
-74.7811820699271,-25.494286865940868,12.0,0.05,,0.0,0.0619249567389488,processed_ATL10-02_20240110081640_03442201_006_01.h5,0.25,Combined_25km_jan24_gt1r.csv
-73.74390279861967,-24.937472974624587,12.0,0.06,0.8331737816333771,20.87411256507039,0.2234158515930175,processed_ATL10-02_20240110081640_03442201_006_01.h5,0.28,Combined_25km_jan24_gt1r.csv
-73.64890833431514,-24.88951100291867,6.0,0.04,0.7932173609733582,2.916622534394264,0.0588609613478183,processed_ATL10-02_20240110081640_03442201_006_01.h5,0.21,Combined_25km_jan24_gt1r.csv
-73.29059639417139,-24.712857801642052,12.0,0.04,0.8970259428024292,4.449958633631468,0.1307905167341232,processed_ATL10-02_20240110081640_03442201_006_01.h5,0.21,Combined_25km_jan24_gt1r.csv
-73.12927072397817,-24.63549201826785,24.0,0.08,0.814657598733902,11.187432054430246,0.2143964767456054,processed_ATL10-02_20240110081640_03442201_006_01.h5,0.36,Combined_25km_jan24_gt1r.csv
-72.89190790869918,-24.52383972576603,21.0,0.09,0.8655410806337992,4.40883854670184,0.1427082866430282,processed_ATL10-02_20240110081640_03442201_006_01.h5,0.39,Combined_25km_jan24_gt1r.csv
-72.67885394223663,-24.42571800883461,24.0,0.14,0.8291129044124058,6.687664549099281,0.2022507786750793,processed_ATL10-02_20240110081640_03442201_006_01.h5,0.57,Combined_25km_jan24_gt1r.csv
-72.45232124928809,-24.323589137306307,27.0,0.08,0.7383827964464823,1.7154618269867368,0.1538573056459427,processed_ATL10-02_20240110081640_03442201_006_01.h5,0.36,Combined_25km_jan24_gt1r.csv
-72.23853950919161,-24.229121919905555,21.0,0.13,0.8282907605171204,2.3914740287831853,0.1898593157529831,processed_ATL10-02_20240110081640_03442201_006_01.h5,0.54,Combined_25km_jan24_gt1r.csv
-72.02906249792446,-24.13838199446752,18.0,0.07,0.7750884890556335,0.9375788892308872,0.1351872533559799,processed_ATL10-02_20240110081640_03442201_006_01.h5,0.32,Combined_25km_jan24_gt1r.csv
-71.89264590334575,-24.08012837995189,3.0,0.05,,0.0,0.0628815367817878,processed_ATL10-02_20240110081640_03442201_006_01.h5,0.25,Combined_25km_jan24_gt1r.csv
-70.1631648364971,-24.07146747571941,27.0,0.09,0.7486014664173126,0.1684980156521002,0.0910453498363494,processed_ATL10-02_20240110205100_03522201_006_01.h5,0.39,Combined_25km_jan24_gt1r.csv
-70.02930435059378,-24.120172207226958,6.0,0.09,,0.0,0.0788725689053535,processed_ATL10-02_20240110205100_03522201_006_01.h5,0.39,Combined_25km_jan24_gt1r.csv
-70.1631648364971,-24.07146747571941,27.0,0.09,0.7486014664173126,0.1684980156521002,0.0910453498363494,processed_ATL10-02_20240110205100_03522201_006_01.h5,0.39,Combined_25km_jan24_gt1r.csv
-70.02930435059378,-24.120172207226958,6.0,0.09,,0.0,0.0788725689053535,processed_ATL10-02_20240110205100_03522201_006_01.h5,0.39,Combined_25km_jan24_gt1r.csv
-77.49458947343777,-43.76969013913413,27.0,0.37,1.1763302087783811,8.739323339735469,0.3046572804450989,processed_ATL10-02_20240110222517_03532201_006_01.h5,1.41,Combined_25km_jan24_gt1r.csv
-77.25603894140062,-43.95891760820404,27.0,0.21,1.1264210939407349,9.626955207851198,0.3065177202224731,processed_ATL10-02_20240110222517_03532201_006_01.h5,0.83,Combined_25km_jan24_gt1r.csv
-77.03039784774126,-44.13205083624349,24.0,0.15,0.9206212759017944,11.947261809837071,0.2652447521686554,processed_ATL10-02_20240110222517_03532201_006_01.h5,0.61,Combined_25km_jan24_gt1r.csv
-76.81983867138035,-44.28863728736481,24.0,0.33,1.2988879680633545,17.842384055256844,0.395159900188446,processed_ATL10-02_20240110222517_03532201_006_01.h5,1.26,Combined_25km_jan24_gt1r.csv
-76.50404350970456,-44.51526523101791,6.0,0.61,1.6044018268585205,12.43821233510971,0.482744038105011,processed_ATL10-02_20240110222517_03532201_006_01.h5,2.28,Combined_25km_jan24_gt1r.csv
-76.33216046515791,-44.63438733278304,15.0,0.14,0.9977715611457824,11.147468537092209,0.3009237945079803,processed_ATL10-02_20240110222517_03532201_006_01.h5,0.57,Combined_25km_jan24_gt1r.csv
-77.49458947343777,-43.76969013913413,27.0,0.37,1.1763302087783811,8.739323339735469,0.3046572804450989,processed_ATL10-02_20240110222517_03532201_006_01.h5,1.41,Combined_25km_jan24_gt1r.csv
-77.25603894140062,-43.95891760820404,27.0,0.21,1.1264210939407349,9.626955207851198,0.3065177202224731,processed_ATL10-02_20240110222517_03532201_006_01.h5,0.83,Combined_25km_jan24_gt1r.csv
-77.03039784774126,-44.13205083624349,24.0,0.15,0.9206212759017944,11.947261809837071,0.2652447521686554,processed_ATL10-02_20240110222517_03532201_006_01.h5,0.61,Combined_25km_jan24_gt1r.csv
-76.81983867138035,-44.28863728736481,24.0,0.33,1.2988879680633545,17.842384055256844,0.395159900188446,processed_ATL10-02_20240110222517_03532201_006_01.h5,1.26,Combined_25km_jan24_gt1r.csv
-76.50404350970456,-44.51526523101791,6.0,0.61,1.6044018268585205,12.43821233510971,0.482744038105011,processed_ATL10-02_20240110222517_03532201_006_01.h5,2.28,Combined_25km_jan24_gt1r.csv
-76.33216046515791,-44.63438733278304,15.0,0.14,0.9977715611457824,11.147468537092209,0.3009237945079803,processed_ATL10-02_20240110222517_03532201_006_01.h5,0.57,Combined_25km_jan24_gt1r.csv
-75.16220098154821,-43.62443117438296,18.0,0.17,0.7362042665481567,0.9187100920826196,0.1207316294312477,processed_ATL10-02_20240111092520_03602201_006_01.h5,0.68,Combined_25km_jan24_gt1r.csv
-74.9641458674029,-43.507997277803256,3.0,0.02,,0.0,0.1635780781507492,processed_ATL10-02_20240111092520_03602201_006_01.h5,0.14,Combined_25km_jan24_gt1r.csv
-73.45819512952679,-42.70341817120288,3.0,0.07,,0.0,0.1241680011153221,processed_ATL10-02_20240111092520_03602201_006_01.h5,0.32,Combined_25km_jan24_gt1r.csv
-73.3248527626357,-42.638293675491646,27.0,0.13,0.7724392414093018,0.4951156779295868,0.1319424211978912,processed_ATL10-02_20240111092520_03602201_006_01.h5,0.54,Combined_25km_jan24_gt1r.csv
-73.11209598692054,-42.53599583140396,21.0,0.24,0.9602257013320924,0.799329685313361,0.1426108330488205,processed_ATL10-02_20240111092520_03602201_006_01.h5,0.94,Combined_25km_jan24_gt1r.csv
-69.69380135657018,-41.14007085779887,21.0,0.16,0.9268659949302672,4.642637180430548,0.1559685915708542,processed_ATL10-02_20240111092520_03602201_006_01.h5,0.65,Combined_25km_jan24_gt1r.csv
-69.53505820358666,-41.08442659012319,15.0,0.2,0.77665114402771,0.1909038424491882,0.1140546947717666,processed_ATL10-02_20240111092520_03602201_006_01.h5,0.79,Combined_25km_jan24_gt1r.csv
-75.16220098154821,-43.62443117438296,18.0,0.17,0.7362042665481567,0.9187100920826196,0.1207316294312477,processed_ATL10-02_20240111092520_03602201_006_01.h5,0.68,Combined_25km_jan24_gt1r.csv
-74.9641458674029,-43.507997277803256,3.0,0.02,,0.0,0.1635780781507492,processed_ATL10-02_20240111092520_03602201_006_01.h5,0.14,Combined_25km_jan24_gt1r.csv
-73.45819512952679,-42.70341817120288,3.0,0.07,,0.0,0.1241680011153221,processed_ATL10-02_20240111092520_03602201_006_01.h5,0.32,Combined_25km_jan24_gt1r.csv
-73.3248527626357,-42.638293675491646,27.0,0.13,0.7724392414093018,0.4951156779295868,0.1319424211978912,processed_ATL10-02_20240111092520_03602201_006_01.h5,0.54,Combined_25km_jan24_gt1r.csv
-73.11209598692054,-42.53599583140396,21.0,0.24,0.9602257013320924,0.799329685313361,0.1426108330488205,processed_ATL10-02_20240111092520_03602201_006_01.h5,0.94,Combined_25km_jan24_gt1r.csv
-69.69380135657018,-41.14007085779887,21.0,0.16,0.9268659949302672,4.642637180430548,0.1559685915708542,processed_ATL10-02_20240111092520_03602201_006_01.h5,0.65,Combined_25km_jan24_gt1r.csv
-69.53505820358666,-41.08442659012319,15.0,0.2,0.77665114402771,0.1909038424491882,0.1140546947717666,processed_ATL10-02_20240111092520_03602201_006_01.h5,0.79,Combined_25km_jan24_gt1r.csv
-69.40179415421622,-18.630548880824502,6.0,0.08,,0.0,0.0286942776292562,processed_ATL10-02_20240111202522_03672201_006_01.h5,0.36,Combined_25km_jan24_gt1r.csv
-69.00537696902254,-18.765332326870745,3.0,0.04,,0.0,0.0252879858016967,processed_ATL10-02_20240111202522_03672201_006_01.h5,0.21,Combined_25km_jan24_gt1r.csv
-68.8724273214892,-18.8096285723792,24.0,0.07,,0.0,0.049458734691143,processed_ATL10-02_20240111202522_03672201_006_01.h5,0.32,Combined_25km_jan24_gt1r.csv
-68.64726271409295,-18.88373595349718,27.0,0.09,,0.0,0.062386579811573,processed_ATL10-02_20240111202522_03672201_006_01.h5,0.39,Combined_25km_jan24_gt1r.csv
-68.48091277046512,-18.93776687547152,9.0,0.08,,0.0,0.091371513903141,processed_ATL10-02_20240111202522_03672201_006_01.h5,0.36,Combined_25km_jan24_gt1r.csv
-68.19109741464733,-19.03029680250117,18.0,0.1,,0.0,0.0408001951873302,processed_ATL10-02_20240111202522_03672201_006_01.h5,0.43,Combined_25km_jan24_gt1r.csv
-67.9917165768646,-19.092895823756702,24.0,0.08,,0.0,0.0572384893894195,processed_ATL10-02_20240111202522_03672201_006_01.h5,0.36,Combined_25km_jan24_gt1r.csv
-67.77076046299022,-19.161245969118816,24.0,0.08,,0.0,0.0479992181062698,processed_ATL10-02_20240111202522_03672201_006_01.h5,0.36,Combined_25km_jan24_gt1r.csv
-67.53680687845173,-19.23252517584699,24.0,0.04,,0.0,0.0510330349206924,processed_ATL10-02_20240111202522_03672201_006_01.h5,0.21,Combined_25km_jan24_gt1r.csv
-67.3105014521407,-19.300398393954552,27.0,0.09,,0.0,0.0533921979367733,processed_ATL10-02_20240111202522_03672201_006_01.h5,0.39,Combined_25km_jan24_gt1r.csv
-69.40179415421622,-18.630548880824502,6.0,0.08,,0.0,0.0286942776292562,processed_ATL10-02_20240111202522_03672201_006_01.h5,0.36,Combined_25km_jan24_gt1r.csv
-69.00537696902254,-18.765332326870745,3.0,0.04,,0.0,0.0252879858016967,processed_ATL10-02_20240111202522_03672201_006_01.h5,0.21,Combined_25km_jan24_gt1r.csv
-68.8724273214892,-18.8096285723792,24.0,0.07,,0.0,0.049458734691143,processed_ATL10-02_20240111202522_03672201_006_01.h5,0.32,Combined_25km_jan24_gt1r.csv
-68.64726271409295,-18.88373595349718,27.0,0.09,,0.0,0.062386579811573,processed_ATL10-02_20240111202522_03672201_006_01.h5,0.39,Combined_25km_jan24_gt1r.csv
-68.48091277046512,-18.93776687547152,9.0,0.08,,0.0,0.091371513903141,processed_ATL10-02_20240111202522_03672201_006_01.h5,0.36,Combined_25km_jan24_gt1r.csv
-68.19109741464733,-19.03029680250117,18.0,0.1,,0.0,0.0408001951873302,processed_ATL10-02_20240111202522_03672201_006_01.h5,0.43,Combined_25km_jan24_gt1r.csv
-67.9917165768646,-19.092895823756702,24.0,0.08,,0.0,0.0572384893894195,processed_ATL10-02_20240111202522_03672201_006_01.h5,0.36,Combined_25km_jan24_gt1r.csv
-67.77076046299022,-19.161245969118816,24.0,0.08,,0.0,0.0479992181062698,processed_ATL10-02_20240111202522_03672201_006_01.h5,0.36,Combined_25km_jan24_gt1r.csv
-67.53680687845173,-19.23252517584699,24.0,0.04,,0.0,0.0510330349206924,processed_ATL10-02_20240111202522_03672201_006_01.h5,0.21,Combined_25km_jan24_gt1r.csv
-67.3105014521407,-19.300398393954552,27.0,0.09,,0.0,0.0533921979367733,processed_ATL10-02_20240111202522_03672201_006_01.h5,0.39,Combined_25km_jan24_gt1r.csv
-77.58071875699943,-37.98515869881791,27.0,0.15,0.9705100158850352,5.703968927264214,0.1946510672569275,processed_ATL10-02_20240111215940_03682201_006_01.h5,0.61,Combined_25km_jan24_gt1r.csv
-77.34246662437029,-38.17647406594808,27.0,0.24,0.9747808873653412,6.585594665052162,0.2256142497062683,processed_ATL10-02_20240111215940_03682201_006_01.h5,0.94,Combined_25km_jan24_gt1r.csv
-77.11774039882339,-38.35108866456193,24.0,0.31,1.098984755575657,6.200256652664393,0.2351229190826416,processed_ATL10-02_20240111215940_03682201_006_01.h5,1.19,Combined_25km_jan24_gt1r.csv
-77.00855242138459,-38.4341279950552,3.0,0.69,,0.0,0.1913397461175918,processed_ATL10-02_20240111215940_03682201_006_01.h5,2.57,Combined_25km_jan24_gt1r.csv
-76.16297933268764,-39.03548379967532,12.0,0.22,0.9304498632748922,0.7432665675878525,0.159494400024414,processed_ATL10-02_20240111215940_03682201_006_01.h5,0.86,Combined_25km_jan24_gt1r.csv
-76.00374647269297,-39.14125811025623,24.0,0.3,1.048474669456482,4.126831528265029,0.2228822708129882,processed_ATL10-02_20240111215940_03682201_006_01.h5,1.15,Combined_25km_jan24_gt1r.csv
-75.77812548793402,-39.287664307046086,27.0,0.27,1.0270440578460691,4.429448447707626,0.2222823053598404,processed_ATL10-02_20240111215940_03682201_006_01.h5,1.04,Combined_25km_jan24_gt1r.csv
-75.55244839048201,-39.430183667636285,24.0,0.2,0.9922543934413364,4.913802410010248,0.2372099459171295,processed_ATL10-02_20240111215940_03682201_006_01.h5,0.79,Combined_25km_jan24_gt1r.csv
-75.326677199569,-39.56883017348536,27.0,0.36,1.1508915066719054,0.8568672515037987,0.1914020329713821,processed_ATL10-02_20240111215940_03682201_006_01.h5,1.37,Combined_25km_jan24_gt1r.csv
-75.10085091815779,-39.70388209610549,24.0,0.36,1.178222119808197,2.3894955520518124,0.2173608690500259,processed_ATL10-02_20240111215940_03682201_006_01.h5,1.37,Combined_25km_jan24_gt1r.csv
-74.87497132656463,-39.83535766645628,27.0,0.19,0.9410385191440582,2.8367044714589915,0.1887210309505462,processed_ATL10-02_20240111215940_03682201_006_01.h5,0.75,Combined_25km_jan24_gt1r.csv
-74.74502111910617,-39.90962105613418,3.0,0.05,,0.0,0.1165506169199943,processed_ATL10-02_20240111215940_03682201_006_01.h5,0.25,Combined_25km_jan24_gt1r.csv
-74.11889401008891,-40.25189910788414,6.0,0.05,0.7304451167583466,17.306890338659286,0.2657369375228882,processed_ATL10-02_20240111215940_03682201_006_01.h5,0.25,Combined_25km_jan24_gt1r.csv
-74.0241331305892,-40.30165497074187,15.0,0.05,1.122642159461975,6.790704727172852,0.1957709193229675,processed_ATL10-02_20240111215940_03682201_006_01.h5,0.25,Combined_25km_jan24_gt1r.csv
-73.2070274953681,-40.71058238472275,3.0,0.09,,0.0,0.0174983348697423,processed_ATL10-02_20240111215940_03682201_006_01.h5,0.39,Combined_25km_jan24_gt1r.csv
-73.06588983014461,-40.77768648370678,27.0,0.1,0.8457548022270203,9.395863664233024,0.2038982510566711,processed_ATL10-02_20240111215940_03682201_006_01.h5,0.43,Combined_25km_jan24_gt1r.csv
-72.93011661961,-40.84159293764111,6.0,0.12,0.894297331571579,10.474516451358795,0.2792430818080902,processed_ATL10-02_20240111215940_03682201_006_01.h5,0.5,Combined_25km_jan24_gt1r.csv
-77.58071875699943,-37.98515869881791,27.0,0.15,0.9705100158850352,5.703968927264214,0.1946510672569275,processed_ATL10-02_20240111215940_03682201_006_01.h5,0.61,Combined_25km_jan24_gt1r.csv
-77.34246662437029,-38.17647406594808,27.0,0.24,0.9747808873653412,6.585594665052162,0.2256142497062683,processed_ATL10-02_20240111215940_03682201_006_01.h5,0.94,Combined_25km_jan24_gt1r.csv
-77.11774039882339,-38.35108866456193,24.0,0.31,1.098984755575657,6.200256652664393,0.2351229190826416,processed_ATL10-02_20240111215940_03682201_006_01.h5,1.19,Combined_25km_jan24_gt1r.csv
-77.00855242138459,-38.4341279950552,3.0,0.69,,0.0,0.1913397461175918,processed_ATL10-02_20240111215940_03682201_006_01.h5,2.57,Combined_25km_jan24_gt1r.csv
-76.16297933268764,-39.03548379967532,12.0,0.22,0.9304498632748922,0.7432665675878525,0.159494400024414,processed_ATL10-02_20240111215940_03682201_006_01.h5,0.86,Combined_25km_jan24_gt1r.csv
-76.00374647269297,-39.14125811025623,24.0,0.3,1.048474669456482,4.126831528265029,0.2228822708129882,processed_ATL10-02_20240111215940_03682201_006_01.h5,1.15,Combined_25km_jan24_gt1r.csv
-75.77812548793402,-39.287664307046086,27.0,0.27,1.0270440578460691,4.429448447707626,0.2222823053598404,processed_ATL10-02_20240111215940_03682201_006_01.h5,1.04,Combined_25km_jan24_gt1r.csv
-75.55244839048201,-39.430183667636285,24.0,0.2,0.9922543934413364,4.913802410010248,0.2372099459171295,processed_ATL10-02_20240111215940_03682201_006_01.h5,0.79,Combined_25km_jan24_gt1r.csv
-75.326677199569,-39.56883017348536,27.0,0.36,1.1508915066719054,0.8568672515037987,0.1914020329713821,processed_ATL10-02_20240111215940_03682201_006_01.h5,1.37,Combined_25km_jan24_gt1r.csv
-75.10085091815779,-39.70388209610549,24.0,0.36,1.178222119808197,2.3894955520518124,0.2173608690500259,processed_ATL10-02_20240111215940_03682201_006_01.h5,1.37,Combined_25km_jan24_gt1r.csv
-74.87497132656463,-39.83535766645628,27.0,0.19,0.9410385191440582,2.8367044714589915,0.1887210309505462,processed_ATL10-02_20240111215940_03682201_006_01.h5,0.75,Combined_25km_jan24_gt1r.csv
-74.74502111910617,-39.90962105613418,3.0,0.05,,0.0,0.1165506169199943,processed_ATL10-02_20240111215940_03682201_006_01.h5,0.25,Combined_25km_jan24_gt1r.csv
-74.11889401008891,-40.25189910788414,6.0,0.05,0.7304451167583466,17.306890338659286,0.2657369375228882,processed_ATL10-02_20240111215940_03682201_006_01.h5,0.25,Combined_25km_jan24_gt1r.csv
-74.0241331305892,-40.30165497074187,15.0,0.05,1.122642159461975,6.790704727172852,0.1957709193229675,processed_ATL10-02_20240111215940_03682201_006_01.h5,0.25,Combined_25km_jan24_gt1r.csv
-73.2070274953681,-40.71058238472275,3.0,0.09,,0.0,0.0174983348697423,processed_ATL10-02_20240111215940_03682201_006_01.h5,0.39,Combined_25km_jan24_gt1r.csv
-73.06588983014461,-40.77768648370678,27.0,0.1,0.8457548022270203,9.395863664233024,0.2038982510566711,processed_ATL10-02_20240111215940_03682201_006_01.h5,0.43,Combined_25km_jan24_gt1r.csv
-72.93011661961,-40.84159293764111,6.0,0.12,0.894297331571579,10.474516451358795,0.2792430818080902,processed_ATL10-02_20240111215940_03682201_006_01.h5,0.5,Combined_25km_jan24_gt1r.csv
-75.06708954534395,-37.85936874406985,27.0,0.16,0.883916437625885,1.320318417209718,0.1236889064311981,processed_ATL10-02_20240112085939_03752201_006_01.h5,0.65,Combined_25km_jan24_gt1r.csv
-68.93998595346523,-35.172559472632805,21.0,0.04,,0.0,0.0587274990975856,processed_ATL10-02_20240112085939_03752201_006_01.h5,0.21,Combined_25km_jan24_gt1r.csv
-68.74333251287368,-35.10752996664901,24.0,0.04,0.7020387053489685,0.1607245212653651,0.0617227777838707,processed_ATL10-02_20240112085939_03752201_006_01.h5,0.21,Combined_25km_jan24_gt1r.csv
-68.55627451317832,-35.04647990298544,18.0,0.09,,0.0,0.0727473422884941,processed_ATL10-02_20240112085939_03752201_006_01.h5,0.39,Combined_25km_jan24_gt1r.csv
-75.06708954534395,-37.85936874406985,27.0,0.16,0.883916437625885,1.320318417209718,0.1236889064311981,processed_ATL10-02_20240112085939_03752201_006_01.h5,0.65,Combined_25km_jan24_gt1r.csv
-68.93998595346523,-35.172559472632805,21.0,0.04,,0.0,0.0587274990975856,processed_ATL10-02_20240112085939_03752201_006_01.h5,0.21,Combined_25km_jan24_gt1r.csv
-68.74333251287368,-35.10752996664901,24.0,0.04,0.7020387053489685,0.1607245212653651,0.0617227777838707,processed_ATL10-02_20240112085939_03752201_006_01.h5,0.21,Combined_25km_jan24_gt1r.csv
-68.55627451317832,-35.04647990298544,18.0,0.09,,0.0,0.0727473422884941,processed_ATL10-02_20240112085939_03752201_006_01.h5,0.39,Combined_25km_jan24_gt1r.csv
-75.4554229732409,-28.06687081307744,27.0,0.09,0.854198780324724,9.756491902387804,0.2511596977710724,processed_ATL10-02_20240113210819_03982201_006_01.h5,0.39,Combined_25km_jan24_gt1r.csv
-75.22963381100158,-28.20400616147148,24.0,0.09,0.8838889683995929,12.79212711378932,0.2558871507644653,processed_ATL10-02_20240113210819_03982201_006_01.h5,0.39,Combined_25km_jan24_gt1r.csv
-75.00378807896726,-28.337487841710917,27.0,0.11,0.9142370025316874,11.269228305253716,0.2669262886047363,processed_ATL10-02_20240113210819_03982201_006_01.h5,0.46,Combined_25km_jan24_gt1r.csv
-74.7778732106033,-28.46759154209118,24.0,0.05,0.7942509278655052,7.083196972962469,0.2118088901042938,processed_ATL10-02_20240113210819_03982201_006_01.h5,0.25,Combined_25km_jan24_gt1r.csv
-74.55191505534292,-28.594304774794693,27.0,0.25,1.022667129834493,7.382833450618717,0.2645354270935058,processed_ATL10-02_20240113210819_03982201_006_01.h5,0.97,Combined_25km_jan24_gt1r.csv
-74.32590225061787,-28.7179597351566,24.0,0.08,0.8507818207144737,8.591684338171035,0.2516805827617645,processed_ATL10-02_20240113210819_03982201_006_01.h5,0.36,Combined_25km_jan24_gt1r.csv
-74.09982522466514,-28.83858129943614,27.0,0.39,1.1155902445316317,8.163819619868365,0.247575893998146,processed_ATL10-02_20240113210819_03982201_006_01.h5,1.48,Combined_25km_jan24_gt1r.csv
-73.9673812408482,-28.908035201813817,3.0,0.7,1.315563082695007,0.3989106975495815,0.2330108731985092,processed_ATL10-02_20240113210819_03982201_006_01.h5,2.6,Combined_25km_jan24_gt1r.csv
-73.6523802466713,-29.06888693302389,24.0,0.08,0.975420080125332,19.05968515202403,0.3241774439811706,processed_ATL10-02_20240113210819_03982201_006_01.h5,0.36,Combined_25km_jan24_gt1r.csv
-73.42127670497152,-29.18373990889017,24.0,0.06,0.9274823814630508,15.300727728754282,0.2924427390098572,processed_ATL10-02_20240113210819_03982201_006_01.h5,0.28,Combined_25km_jan24_gt1r.csv
-73.19567111172093,-29.293216770331085,27.0,0.11,0.8567317202687263,18.61183170436157,0.2710417211055755,processed_ATL10-02_20240113210819_03982201_006_01.h5,0.46,Combined_25km_jan24_gt1r.csv
-72.96861664880942,-29.40095382693623,24.0,0.08,0.8318053930997849,20.87587700225413,0.277731329202652,processed_ATL10-02_20240113210819_03982201_006_01.h5,0.36,Combined_25km_jan24_gt1r.csv
-72.74222290850197,-29.50590554623885,27.0,0.25,0.9348209649324416,10.59080045670271,0.2657617628574371,processed_ATL10-02_20240113210819_03982201_006_01.h5,0.97,Combined_25km_jan24_gt1r.csv
-72.51578136810495,-29.60865437834046,24.0,0.14,0.8643060177564621,10.556542279664429,0.2502441108226776,processed_ATL10-02_20240113210819_03982201_006_01.h5,0.57,Combined_25km_jan24_gt1r.csv
-72.30264979423242,-29.703343800616825,24.0,0.12,0.8583422601222992,5.685768212424591,0.2242477238178253,processed_ATL10-02_20240113210819_03982201_006_01.h5,0.5,Combined_25km_jan24_gt1r.csv
-72.0761558896516,-29.801926796795826,27.0,0.14,0.7885931304522923,2.857898242978586,0.1809224933385849,processed_ATL10-02_20240113210819_03982201_006_01.h5,0.57,Combined_25km_jan24_gt1r.csv
-71.83860017401396,-29.9031660994274,27.0,0.18,0.9210129261016846,2.412976428038544,0.187113806605339,processed_ATL10-02_20240113210819_03982201_006_01.h5,0.72,Combined_25km_jan24_gt1r.csv
-71.68984117815359,-29.965545771222068,6.0,0.04,0.765079915523529,1.0721172206103802,0.1243786662817001,processed_ATL10-02_20240113210819_03982201_006_01.h5,0.21,Combined_25km_jan24_gt1r.csv
-71.44917517848,-30.064553428334627,6.0,0.18,,0.0,0.0815228223800659,processed_ATL10-02_20240113210819_03982201_006_01.h5,0.72,Combined_25km_jan24_gt1r.csv
-70.93466998791699,-30.269497982568275,21.0,0.08,0.7664224704106649,0.3448626658480082,0.0949877649545669,processed_ATL10-02_20240113210819_03982201_006_01.h5,0.36,Combined_25km_jan24_gt1r.csv
-75.4554229732409,-28.06687081307744,27.0,0.09,0.854198780324724,9.756491902387804,0.2511596977710724,processed_ATL10-02_20240113210819_03982201_006_01.h5,0.39,Combined_25km_jan24_gt1r.csv
-75.22963381100158,-28.20400616147148,24.0,0.09,0.8838889683995929,12.79212711378932,0.2558871507644653,processed_ATL10-02_20240113210819_03982201_006_01.h5,0.39,Combined_25km_jan24_gt1r.csv
-75.00378807896726,-28.337487841710917,27.0,0.11,0.9142370025316874,11.269228305253716,0.2669262886047363,processed_ATL10-02_20240113210819_03982201_006_01.h5,0.46,Combined_25km_jan24_gt1r.csv
-74.7778732106033,-28.46759154209118,24.0,0.05,0.7942509278655052,7.083196972962469,0.2118088901042938,processed_ATL10-02_20240113210819_03982201_006_01.h5,0.25,Combined_25km_jan24_gt1r.csv
-74.55191505534292,-28.594304774794693,27.0,0.25,1.022667129834493,7.382833450618717,0.2645354270935058,processed_ATL10-02_20240113210819_03982201_006_01.h5,0.97,Combined_25km_jan24_gt1r.csv
-74.32590225061787,-28.7179597351566,24.0,0.08,0.8507818207144737,8.591684338171035,0.2516805827617645,processed_ATL10-02_20240113210819_03982201_006_01.h5,0.36,Combined_25km_jan24_gt1r.csv
-74.09982522466514,-28.83858129943614,27.0,0.39,1.1155902445316317,8.163819619868365,0.247575893998146,processed_ATL10-02_20240113210819_03982201_006_01.h5,1.48,Combined_25km_jan24_gt1r.csv
-73.9673812408482,-28.908035201813817,3.0,0.7,1.315563082695007,0.3989106975495815,0.2330108731985092,processed_ATL10-02_20240113210819_03982201_006_01.h5,2.6,Combined_25km_jan24_gt1r.csv
-73.6523802466713,-29.06888693302389,24.0,0.08,0.975420080125332,19.05968515202403,0.3241774439811706,processed_ATL10-02_20240113210819_03982201_006_01.h5,0.36,Combined_25km_jan24_gt1r.csv
-73.42127670497152,-29.18373990889017,24.0,0.06,0.9274823814630508,15.300727728754282,0.2924427390098572,processed_ATL10-02_20240113210819_03982201_006_01.h5,0.28,Combined_25km_jan24_gt1r.csv
-73.19567111172093,-29.293216770331085,27.0,0.11,0.8567317202687263,18.61183170436157,0.2710417211055755,processed_ATL10-02_20240113210819_03982201_006_01.h5,0.46,Combined_25km_jan24_gt1r.csv
-72.96861664880942,-29.40095382693623,24.0,0.08,0.8318053930997849,20.87587700225413,0.277731329202652,processed_ATL10-02_20240113210819_03982201_006_01.h5,0.36,Combined_25km_jan24_gt1r.csv
-72.74222290850197,-29.50590554623885,27.0,0.25,0.9348209649324416,10.59080045670271,0.2657617628574371,processed_ATL10-02_20240113210819_03982201_006_01.h5,0.97,Combined_25km_jan24_gt1r.csv
-72.51578136810495,-29.60865437834046,24.0,0.14,0.8643060177564621,10.556542279664429,0.2502441108226776,processed_ATL10-02_20240113210819_03982201_006_01.h5,0.57,Combined_25km_jan24_gt1r.csv
-72.30264979423242,-29.703343800616825,24.0,0.12,0.8583422601222992,5.685768212424591,0.2242477238178253,processed_ATL10-02_20240113210819_03982201_006_01.h5,0.5,Combined_25km_jan24_gt1r.csv
-72.0761558896516,-29.801926796795826,27.0,0.14,0.7885931304522923,2.857898242978586,0.1809224933385849,processed_ATL10-02_20240113210819_03982201_006_01.h5,0.57,Combined_25km_jan24_gt1r.csv
-71.83860017401396,-29.9031660994274,27.0,0.18,0.9210129261016846,2.412976428038544,0.187113806605339,processed_ATL10-02_20240113210819_03982201_006_01.h5,0.72,Combined_25km_jan24_gt1r.csv
-71.68984117815359,-29.965545771222068,6.0,0.04,0.765079915523529,1.0721172206103802,0.1243786662817001,processed_ATL10-02_20240113210819_03982201_006_01.h5,0.21,Combined_25km_jan24_gt1r.csv
-71.44917517848,-30.064553428334627,6.0,0.18,,0.0,0.0815228223800659,processed_ATL10-02_20240113210819_03982201_006_01.h5,0.72,Combined_25km_jan24_gt1r.csv
-70.93466998791699,-30.269497982568275,21.0,0.08,0.7664224704106649,0.3448626658480082,0.0949877649545669,processed_ATL10-02_20240113210819_03982201_006_01.h5,0.36,Combined_25km_jan24_gt1r.csv
-74.7842697372281,-26.274797804562837,24.0,0.09,0.8776287138462067,14.105193119030446,0.2259102016687393,processed_ATL10-02_20240114080820_04052201_006_01.h5,0.39,Combined_25km_jan24_gt1r.csv
-74.56908010790927,-26.15393301529457,24.0,0.32,1.1989457209904988,7.023257674882188,0.1984373331069946,processed_ATL10-02_20240114080820_04052201_006_01.h5,1.23,Combined_25km_jan24_gt1r.csv
-74.34301291874213,-26.03011930630632,27.0,0.14,0.9722612433963352,12.703619017783138,0.3290952444076538,processed_ATL10-02_20240114080820_04052201_006_01.h5,0.57,Combined_25km_jan24_gt1r.csv
-74.17021283032773,-25.937427560022968,12.0,0.09,0.9030105471611024,15.682071587070824,0.3112237155437469,processed_ATL10-02_20240114080820_04052201_006_01.h5,0.39,Combined_25km_jan24_gt1r.csv
-73.81919323049516,-25.75451473343284,12.0,0.12,1.024784505367279,1.4136463403701782,0.1785430908203125,processed_ATL10-02_20240114080820_04052201_006_01.h5,0.5,Combined_25km_jan24_gt1r.csv
-73.66464455677574,-25.676193371656407,24.0,0.08,0.9083135053515434,14.67553658876568,0.2969134747982025,processed_ATL10-02_20240114080820_04052201_006_01.h5,0.36,Combined_25km_jan24_gt1r.csv
-73.43844066085934,-25.563703835626303,27.0,0.11,0.9721727636125352,15.993936297794184,0.3305380642414093,processed_ATL10-02_20240114080820_04052201_006_01.h5,0.46,Combined_25km_jan24_gt1r.csv
-73.21210121214355,-25.45368695578416,24.0,0.09,0.932507472378867,5.585133166459855,0.2514581680297851,processed_ATL10-02_20240114080820_04052201_006_01.h5,0.39,Combined_25km_jan24_gt1r.csv
-72.9858283928406,-25.34625245211642,27.0,0.06,0.8569253285725912,9.609824005100462,0.251137226819992,processed_ATL10-02_20240114080820_04052201_006_01.h5,0.28,Combined_25km_jan24_gt1r.csv
-72.75943622403986,-25.241096347701813,24.0,0.28,1.078354373574257,10.448596943751909,0.271573543548584,processed_ATL10-02_20240114080820_04052201_006_01.h5,1.08,Combined_25km_jan24_gt1r.csv
-72.53303416328846,-25.1382641576802,27.0,0.08,0.7835113737318251,6.713914198593961,0.2072844356298446,processed_ATL10-02_20240114080820_04052201_006_01.h5,0.36,Combined_25km_jan24_gt1r.csv
-72.30657633075523,-25.037542413256823,24.0,0.13,0.7455094030925206,3.741496510338038,0.1883029043674469,processed_ATL10-02_20240114080820_04052201_006_01.h5,0.54,Combined_25km_jan24_gt1r.csv
-72.08006637460312,-24.93892812962966,27.0,0.09,0.7868076629108853,5.719763501029876,0.2055311352014541,processed_ATL10-02_20240114080820_04052201_006_01.h5,0.39,Combined_25km_jan24_gt1r.csv
-71.85351842148,-24.842279223216927,24.0,0.13,0.8176578623907906,0.4791990155354142,0.1583924293518066,processed_ATL10-02_20240114080820_04052201_006_01.h5,0.54,Combined_25km_jan24_gt1r.csv
-71.64027843485408,-24.75314934497523,24.0,0.1,0.6720570921897888,0.1972280209884047,0.1148454993963241,processed_ATL10-02_20240114080820_04052201_006_01.h5,0.43,Combined_25km_jan24_gt1r.csv
-71.41365470435511,-24.66026241928339,27.0,0.12,0.776053786277771,0.374874643360575,0.1037192344665527,processed_ATL10-02_20240114080820_04052201_006_01.h5,0.5,Combined_25km_jan24_gt1r.csv
-71.18697565713313,-24.56913345001092,24.0,0.08,0.7867714762687683,0.335406232625246,0.1137884408235549,processed_ATL10-02_20240114080820_04052201_006_01.h5,0.36,Combined_25km_jan24_gt1r.csv
-70.9603085701122,-24.4798082624876,27.0,0.1,0.857498049736023,1.1323036315540471,0.1363471001386642,processed_ATL10-02_20240114080820_04052201_006_01.h5,0.43,Combined_25km_jan24_gt1r.csv
-70.73352858079012,-24.392104838591774,24.0,0.09,0.7997728288173676,0.2092745155096054,0.0907661765813827,processed_ATL10-02_20240114080820_04052201_006_01.h5,0.39,Combined_25km_jan24_gt1r.csv
-70.50683699178127,-24.30607902668113,27.0,0.1,0.7705871760845184,0.17325009426309,0.0954687371850013,processed_ATL10-02_20240114080820_04052201_006_01.h5,0.43,Combined_25km_jan24_gt1r.csv
-70.2795072159137,-24.221380843789525,24.0,0.09,,0.0,0.0714765936136245,processed_ATL10-02_20240114080820_04052201_006_01.h5,0.39,Combined_25km_jan24_gt1r.csv
-70.05322078158086,-24.138608007000958,27.0,0.11,,0.0,0.0860756933689117,processed_ATL10-02_20240114080820_04052201_006_01.h5,0.46,Combined_25km_jan24_gt1r.csv
-74.7842697372281,-26.274797804562837,24.0,0.09,0.8776287138462067,14.105193119030446,0.2259102016687393,processed_ATL10-02_20240114080820_04052201_006_01.h5,0.39,Combined_25km_jan24_gt1r.csv
-74.56908010790927,-26.15393301529457,24.0,0.32,1.1989457209904988,7.023257674882188,0.1984373331069946,processed_ATL10-02_20240114080820_04052201_006_01.h5,1.23,Combined_25km_jan24_gt1r.csv
-74.34301291874213,-26.03011930630632,27.0,0.14,0.9722612433963352,12.703619017783138,0.3290952444076538,processed_ATL10-02_20240114080820_04052201_006_01.h5,0.57,Combined_25km_jan24_gt1r.csv
-74.17021283032773,-25.937427560022968,12.0,0.09,0.9030105471611024,15.682071587070824,0.3112237155437469,processed_ATL10-02_20240114080820_04052201_006_01.h5,0.39,Combined_25km_jan24_gt1r.csv
-73.81919323049516,-25.75451473343284,12.0,0.12,1.024784505367279,1.4136463403701782,0.1785430908203125,processed_ATL10-02_20240114080820_04052201_006_01.h5,0.5,Combined_25km_jan24_gt1r.csv
-73.66464455677574,-25.676193371656407,24.0,0.08,0.9083135053515434,14.67553658876568,0.2969134747982025,processed_ATL10-02_20240114080820_04052201_006_01.h5,0.36,Combined_25km_jan24_gt1r.csv
-73.43844066085934,-25.563703835626303,27.0,0.11,0.9721727636125352,15.993936297794184,0.3305380642414093,processed_ATL10-02_20240114080820_04052201_006_01.h5,0.46,Combined_25km_jan24_gt1r.csv
-73.21210121214355,-25.45368695578416,24.0,0.09,0.932507472378867,5.585133166459855,0.2514581680297851,processed_ATL10-02_20240114080820_04052201_006_01.h5,0.39,Combined_25km_jan24_gt1r.csv
-72.9858283928406,-25.34625245211642,27.0,0.06,0.8569253285725912,9.609824005100462,0.251137226819992,processed_ATL10-02_20240114080820_04052201_006_01.h5,0.28,Combined_25km_jan24_gt1r.csv
-72.75943622403986,-25.241096347701813,24.0,0.28,1.078354373574257,10.448596943751909,0.271573543548584,processed_ATL10-02_20240114080820_04052201_006_01.h5,1.08,Combined_25km_jan24_gt1r.csv
-72.53303416328846,-25.1382641576802,27.0,0.08,0.7835113737318251,6.713914198593961,0.2072844356298446,processed_ATL10-02_20240114080820_04052201_006_01.h5,0.36,Combined_25km_jan24_gt1r.csv
-72.30657633075523,-25.037542413256823,24.0,0.13,0.7455094030925206,3.741496510338038,0.1883029043674469,processed_ATL10-02_20240114080820_04052201_006_01.h5,0.54,Combined_25km_jan24_gt1r.csv
-72.08006637460312,-24.93892812962966,27.0,0.09,0.7868076629108853,5.719763501029876,0.2055311352014541,processed_ATL10-02_20240114080820_04052201_006_01.h5,0.39,Combined_25km_jan24_gt1r.csv
-71.85351842148,-24.842279223216927,24.0,0.13,0.8176578623907906,0.4791990155354142,0.1583924293518066,processed_ATL10-02_20240114080820_04052201_006_01.h5,0.54,Combined_25km_jan24_gt1r.csv
-71.64027843485408,-24.75314934497523,24.0,0.1,0.6720570921897888,0.1972280209884047,0.1148454993963241,processed_ATL10-02_20240114080820_04052201_006_01.h5,0.43,Combined_25km_jan24_gt1r.csv
-71.41365470435511,-24.66026241928339,27.0,0.12,0.776053786277771,0.374874643360575,0.1037192344665527,processed_ATL10-02_20240114080820_04052201_006_01.h5,0.5,Combined_25km_jan24_gt1r.csv
-71.18697565713313,-24.56913345001092,24.0,0.08,0.7867714762687683,0.335406232625246,0.1137884408235549,processed_ATL10-02_20240114080820_04052201_006_01.h5,0.36,Combined_25km_jan24_gt1r.csv
-70.9603085701122,-24.4798082624876,27.0,0.1,0.857498049736023,1.1323036315540471,0.1363471001386642,processed_ATL10-02_20240114080820_04052201_006_01.h5,0.43,Combined_25km_jan24_gt1r.csv
-70.73352858079012,-24.392104838591774,24.0,0.09,0.7997728288173676,0.2092745155096054,0.0907661765813827,processed_ATL10-02_20240114080820_04052201_006_01.h5,0.39,Combined_25km_jan24_gt1r.csv
-70.50683699178127,-24.30607902668113,27.0,0.1,0.7705871760845184,0.17325009426309,0.0954687371850013,processed_ATL10-02_20240114080820_04052201_006_01.h5,0.43,Combined_25km_jan24_gt1r.csv
-70.2795072159137,-24.221380843789525,24.0,0.09,,0.0,0.0714765936136245,processed_ATL10-02_20240114080820_04052201_006_01.h5,0.39,Combined_25km_jan24_gt1r.csv
-70.05322078158086,-24.138608007000958,27.0,0.11,,0.0,0.0860756933689117,processed_ATL10-02_20240114080820_04052201_006_01.h5,0.46,Combined_25km_jan24_gt1r.csv
-71.54374022750713,-24.31499963994581,27.0,0.11,0.7928955554962158,0.1925880917244487,0.1179345697164535,processed_ATL10-02_20240114204239_04132201_006_01.h5,0.46,Combined_25km_jan24_gt1r.csv
-71.31705612046795,-24.407180905220667,24.0,0.08,0.7780175507068634,0.3235053125536069,0.107486791908741,processed_ATL10-02_20240114204239_04132201_006_01.h5,0.36,Combined_25km_jan24_gt1r.csv
-71.18371471548153,-24.46060711829918,6.0,0.1,,0.0,0.0734691470861435,processed_ATL10-02_20240114204239_04132201_006_01.h5,0.43,Combined_25km_jan24_gt1r.csv
-70.62378497643324,-24.678226955986133,24.0,0.09,0.808880627155304,0.4891915712505579,0.0846021845936775,processed_ATL10-02_20240114204239_04132201_006_01.h5,0.39,Combined_25km_jan24_gt1r.csv
-70.41018093510708,-24.75863366838935,24.0,0.09,,0.0,0.0792144760489463,processed_ATL10-02_20240114204239_04132201_006_01.h5,0.39,Combined_25km_jan24_gt1r.csv
-70.22694459257339,-24.826526489483047,18.0,0.09,,0.0,0.0724242702126503,processed_ATL10-02_20240114204239_04132201_006_01.h5,0.39,Combined_25km_jan24_gt1r.csv
-69.24434532811131,-25.17428799115951,6.0,0.12,,0.0,0.065264381468296,processed_ATL10-02_20240114204239_04132201_006_01.h5,0.5,Combined_25km_jan24_gt1r.csv
-69.06319146468012,-25.23557196306622,27.0,0.08,,0.0,0.051222413778305,processed_ATL10-02_20240114204239_04132201_006_01.h5,0.36,Combined_25km_jan24_gt1r.csv
-68.8405524756337,-25.30984528422956,24.0,0.08,,0.0,0.0642373859882354,processed_ATL10-02_20240114204239_04132201_006_01.h5,0.36,Combined_25km_jan24_gt1r.csv
-68.60925952424425,-25.385714875803604,27.0,0.09,,0.0,0.0474398955702781,processed_ATL10-02_20240114204239_04132201_006_01.h5,0.39,Combined_25km_jan24_gt1r.csv
-68.4100315283615,-25.45010888550266,18.0,0.11,,0.0,0.0400289706885814,processed_ATL10-02_20240114204239_04132201_006_01.h5,0.46,Combined_25km_jan24_gt1r.csv
-71.54374022750713,-24.31499963994581,27.0,0.11,0.7928955554962158,0.1925880917244487,0.1179345697164535,processed_ATL10-02_20240114204239_04132201_006_01.h5,0.46,Combined_25km_jan24_gt1r.csv
-71.31705612046795,-24.407180905220667,24.0,0.08,0.7780175507068634,0.3235053125536069,0.107486791908741,processed_ATL10-02_20240114204239_04132201_006_01.h5,0.36,Combined_25km_jan24_gt1r.csv
-71.18371471548153,-24.46060711829918,6.0,0.1,,0.0,0.0734691470861435,processed_ATL10-02_20240114204239_04132201_006_01.h5,0.43,Combined_25km_jan24_gt1r.csv
-70.62378497643324,-24.678226955986133,24.0,0.09,0.808880627155304,0.4891915712505579,0.0846021845936775,processed_ATL10-02_20240114204239_04132201_006_01.h5,0.39,Combined_25km_jan24_gt1r.csv
-70.41018093510708,-24.75863366838935,24.0,0.09,,0.0,0.0792144760489463,processed_ATL10-02_20240114204239_04132201_006_01.h5,0.39,Combined_25km_jan24_gt1r.csv
-70.22694459257339,-24.826526489483047,18.0,0.09,,0.0,0.0724242702126503,processed_ATL10-02_20240114204239_04132201_006_01.h5,0.39,Combined_25km_jan24_gt1r.csv
-69.24434532811131,-25.17428799115951,6.0,0.12,,0.0,0.065264381468296,processed_ATL10-02_20240114204239_04132201_006_01.h5,0.5,Combined_25km_jan24_gt1r.csv
-69.06319146468012,-25.23557196306622,27.0,0.08,,0.0,0.051222413778305,processed_ATL10-02_20240114204239_04132201_006_01.h5,0.36,Combined_25km_jan24_gt1r.csv
-68.8405524756337,-25.30984528422956,24.0,0.08,,0.0,0.0642373859882354,processed_ATL10-02_20240114204239_04132201_006_01.h5,0.36,Combined_25km_jan24_gt1r.csv
-68.60925952424425,-25.385714875803604,27.0,0.09,,0.0,0.0474398955702781,processed_ATL10-02_20240114204239_04132201_006_01.h5,0.39,Combined_25km_jan24_gt1r.csv
-68.4100315283615,-25.45010888550266,18.0,0.11,,0.0,0.0400289706885814,processed_ATL10-02_20240114204239_04132201_006_01.h5,0.46,Combined_25km_jan24_gt1r.csv
-77.65341518332148,-44.418808326928016,27.0,0.19,1.05735445022583,9.166072135687704,0.2688957750797272,processed_ATL10-02_20240114221656_04142201_006_01.h5,0.75,Combined_25km_jan24_gt1r.csv
-77.41521163748799,-44.61211130360623,27.0,0.22,0.9080033004283904,0.7769710798230436,0.1471154987812042,processed_ATL10-02_20240114221656_04142201_006_01.h5,0.86,Combined_25km_jan24_gt1r.csv
-77.65341518332148,-44.418808326928016,27.0,0.19,1.05735445022583,9.166072135687704,0.2688957750797272,processed_ATL10-02_20240114221656_04142201_006_01.h5,0.75,Combined_25km_jan24_gt1r.csv
-77.41521163748799,-44.61211130360623,27.0,0.22,0.9080033004283904,0.7769710798230436,0.1471154987812042,processed_ATL10-02_20240114221656_04142201_006_01.h5,0.86,Combined_25km_jan24_gt1r.csv
-71.96207378191005,-19.178875578502,27.0,0.13,,0.0,0.0737757682800293,processed_ATL10-02_20240115074239_04202201_006_01.h5,0.54,Combined_25km_jan24_gt1r.csv
-71.73840636273088,-19.084478953522108,24.0,0.17,0.9184637069702148,0.1883245175122283,0.0900667682290077,processed_ATL10-02_20240115074239_04202201_006_01.h5,0.68,Combined_25km_jan24_gt1r.csv
-70.77830873870414,-18.69990932997632,12.0,0.11,0.6830824017524719,0.0642158091068267,0.0695686116814613,processed_ATL10-02_20240115074239_04202201_006_01.h5,0.46,Combined_25km_jan24_gt1r.csv
-70.6050606338128,-18.63380888008924,27.0,0.17,,0.0,0.0860665589570999,processed_ATL10-02_20240115074239_04202201_006_01.h5,0.68,Combined_25km_jan24_gt1r.csv
-70.37831427964143,-18.54856630191191,24.0,0.24,,0.0,0.0930874645709991,processed_ATL10-02_20240115074239_04202201_006_01.h5,0.94,Combined_25km_jan24_gt1r.csv
-71.96207378191005,-19.178875578502,27.0,0.13,,0.0,0.0737757682800293,processed_ATL10-02_20240115074239_04202201_006_01.h5,0.54,Combined_25km_jan24_gt1r.csv
-71.73840636273088,-19.084478953522108,24.0,0.17,0.9184637069702148,0.1883245175122283,0.0900667682290077,processed_ATL10-02_20240115074239_04202201_006_01.h5,0.68,Combined_25km_jan24_gt1r.csv
-70.77830873870414,-18.69990932997632,12.0,0.11,0.6830824017524719,0.0642158091068267,0.0695686116814613,processed_ATL10-02_20240115074239_04202201_006_01.h5,0.46,Combined_25km_jan24_gt1r.csv
-70.6050606338128,-18.63380888008924,27.0,0.17,,0.0,0.0860665589570999,processed_ATL10-02_20240115074239_04202201_006_01.h5,0.68,Combined_25km_jan24_gt1r.csv
-70.37831427964143,-18.54856630191191,24.0,0.24,,0.0,0.0930874645709991,processed_ATL10-02_20240115074239_04202201_006_01.h5,0.94,Combined_25km_jan24_gt1r.csv
-70.59914407307551,-18.97624360959576,27.0,0.08,0.6788657903671265,0.0255492619342274,0.0626918971538543,processed_ATL10-02_20240115201657_04282201_006_01.h5,0.36,Combined_25km_jan24_gt1r.csv
-70.373520015029,-19.06102655081872,24.0,0.1,0.7172390818595886,0.0288241542875766,0.0680718421936035,processed_ATL10-02_20240115201657_04282201_006_01.h5,0.43,Combined_25km_jan24_gt1r.csv
-70.06553578771089,-19.174354393873998,9.0,0.11,,0.0,0.0524090677499771,processed_ATL10-02_20240115201657_04282201_006_01.h5,0.46,Combined_25km_jan24_gt1r.csv
-69.91877749642697,-19.227336333423857,24.0,0.11,,0.0,0.0573733747005462,processed_ATL10-02_20240115201657_04282201_006_01.h5,0.46,Combined_25km_jan24_gt1r.csv
-69.69197523799116,-19.308089782483524,27.0,0.12,,0.0,0.0563191175460815,processed_ATL10-02_20240115201657_04282201_006_01.h5,0.5,Combined_25km_jan24_gt1r.csv
-69.4650273973838,-19.38749137947245,24.0,0.14,0.8806461691856384,0.0781137030571699,0.0633402466773986,processed_ATL10-02_20240115201657_04282201_006_01.h5,0.57,Combined_25km_jan24_gt1r.csv
-69.2381247815834,-19.46545607939477,27.0,0.15,,0.0,0.0692661106586456,processed_ATL10-02_20240115201657_04282201_006_01.h5,0.61,Combined_25km_jan24_gt1r.csv
-69.01122880939292,-19.542111031847853,24.0,0.14,,0.0,0.0599980056285858,processed_ATL10-02_20240115201657_04282201_006_01.h5,0.57,Combined_25km_jan24_gt1r.csv
-68.7852403560935,-19.61716477444776,27.0,0.17,,0.0,0.0754574835300445,processed_ATL10-02_20240115201657_04282201_006_01.h5,0.68,Combined_25km_jan24_gt1r.csv
-68.47718721725781,-19.717580114061413,6.0,0.12,,0.0,0.056777324527502,processed_ATL10-02_20240115201657_04282201_006_01.h5,0.5,Combined_25km_jan24_gt1r.csv
-68.33737282008465,-19.76239241781066,15.0,0.14,,0.0,0.067194677889347,processed_ATL10-02_20240115201657_04282201_006_01.h5,0.57,Combined_25km_jan24_gt1r.csv
-68.1170309603804,-19.832218258441365,27.0,0.14,,0.0,0.083564892411232,processed_ATL10-02_20240115201657_04282201_006_01.h5,0.57,Combined_25km_jan24_gt1r.csv
-67.88999659888623,-19.903063581259893,24.0,0.13,,0.0,0.0763332545757293,processed_ATL10-02_20240115201657_04282201_006_01.h5,0.54,Combined_25km_jan24_gt1r.csv
-67.66336456705422,-19.97270174829955,27.0,0.19,,0.0,0.0873735845088958,processed_ATL10-02_20240115201657_04282201_006_01.h5,0.75,Combined_25km_jan24_gt1r.csv
-67.43537069400247,-20.04174019656846,24.0,0.19,,0.0,0.0832850784063339,processed_ATL10-02_20240115201657_04282201_006_01.h5,0.75,Combined_25km_jan24_gt1r.csv
-70.59914407307551,-18.97624360959576,27.0,0.08,0.6788657903671265,0.0255492619342274,0.0626918971538543,processed_ATL10-02_20240115201657_04282201_006_01.h5,0.36,Combined_25km_jan24_gt1r.csv
-70.373520015029,-19.06102655081872,24.0,0.1,0.7172390818595886,0.0288241542875766,0.0680718421936035,processed_ATL10-02_20240115201657_04282201_006_01.h5,0.43,Combined_25km_jan24_gt1r.csv
-70.06553578771089,-19.174354393873998,9.0,0.11,,0.0,0.0524090677499771,processed_ATL10-02_20240115201657_04282201_006_01.h5,0.46,Combined_25km_jan24_gt1r.csv
-69.91877749642697,-19.227336333423857,24.0,0.11,,0.0,0.0573733747005462,processed_ATL10-02_20240115201657_04282201_006_01.h5,0.46,Combined_25km_jan24_gt1r.csv
-69.69197523799116,-19.308089782483524,27.0,0.12,,0.0,0.0563191175460815,processed_ATL10-02_20240115201657_04282201_006_01.h5,0.5,Combined_25km_jan24_gt1r.csv
-69.4650273973838,-19.38749137947245,24.0,0.14,0.8806461691856384,0.0781137030571699,0.0633402466773986,processed_ATL10-02_20240115201657_04282201_006_01.h5,0.57,Combined_25km_jan24_gt1r.csv
-69.2381247815834,-19.46545607939477,27.0,0.15,,0.0,0.0692661106586456,processed_ATL10-02_20240115201657_04282201_006_01.h5,0.61,Combined_25km_jan24_gt1r.csv
-69.01122880939292,-19.542111031847853,24.0,0.14,,0.0,0.0599980056285858,processed_ATL10-02_20240115201657_04282201_006_01.h5,0.57,Combined_25km_jan24_gt1r.csv
-68.7852403560935,-19.61716477444776,27.0,0.17,,0.0,0.0754574835300445,processed_ATL10-02_20240115201657_04282201_006_01.h5,0.68,Combined_25km_jan24_gt1r.csv
-68.47718721725781,-19.717580114061413,6.0,0.12,,0.0,0.056777324527502,processed_ATL10-02_20240115201657_04282201_006_01.h5,0.5,Combined_25km_jan24_gt1r.csv
-68.33737282008465,-19.76239241781066,15.0,0.14,,0.0,0.067194677889347,processed_ATL10-02_20240115201657_04282201_006_01.h5,0.57,Combined_25km_jan24_gt1r.csv
-68.1170309603804,-19.832218258441365,27.0,0.14,,0.0,0.083564892411232,processed_ATL10-02_20240115201657_04282201_006_01.h5,0.57,Combined_25km_jan24_gt1r.csv
-67.88999659888623,-19.903063581259893,24.0,0.13,,0.0,0.0763332545757293,processed_ATL10-02_20240115201657_04282201_006_01.h5,0.54,Combined_25km_jan24_gt1r.csv
-67.66336456705422,-19.97270174829955,27.0,0.19,,0.0,0.0873735845088958,processed_ATL10-02_20240115201657_04282201_006_01.h5,0.75,Combined_25km_jan24_gt1r.csv
-67.43537069400247,-20.04174019656846,24.0,0.19,,0.0,0.0832850784063339,processed_ATL10-02_20240115201657_04282201_006_01.h5,0.75,Combined_25km_jan24_gt1r.csv
-77.10164697804547,-34.28800181402029,15.0,0.06,0.8742275834083557,8.839599043130875,0.226047545671463,processed_ATL10-02_20240117082533_04512201_006_01.h5,0.28,Combined_25km_jan24_gt1r.csv
-76.76774446205448,-34.0390541438925,6.0,0.08,0.934607207775116,8.044882118701935,0.1248649805784225,processed_ATL10-02_20240117082533_04512201_006_01.h5,0.36,Combined_25km_jan24_gt1r.csv
-76.58429279760996,-33.907187622622715,24.0,0.1,0.9520401358604432,4.822277085622773,0.1922406107187271,processed_ATL10-02_20240117082533_04512201_006_01.h5,0.43,Combined_25km_jan24_gt1r.csv
-76.37272477276494,-33.75892368690346,24.0,0.14,0.8124412894248962,0.3158784471452236,0.1239315122365951,processed_ATL10-02_20240117082533_04512201_006_01.h5,0.57,Combined_25km_jan24_gt1r.csv
-76.14644224298036,-33.6048643495595,27.0,0.1,0.6883150935173035,0.4304184060957696,0.1116399466991424,processed_ATL10-02_20240117082533_04512201_006_01.h5,0.43,Combined_25km_jan24_gt1r.csv
-77.10164697804547,-34.28800181402029,15.0,0.06,0.8742275834083557,8.839599043130875,0.226047545671463,processed_ATL10-02_20240117082533_04512201_006_01.h5,0.28,Combined_25km_jan24_gt1r.csv
-76.76774446205448,-34.0390541438925,6.0,0.08,0.934607207775116,8.044882118701935,0.1248649805784225,processed_ATL10-02_20240117082533_04512201_006_01.h5,0.36,Combined_25km_jan24_gt1r.csv
-76.58429279760996,-33.907187622622715,24.0,0.1,0.9520401358604432,4.822277085622773,0.1922406107187271,processed_ATL10-02_20240117082533_04512201_006_01.h5,0.43,Combined_25km_jan24_gt1r.csv
-76.37272477276494,-33.75892368690346,24.0,0.14,0.8124412894248962,0.3158784471452236,0.1239315122365951,processed_ATL10-02_20240117082533_04512201_006_01.h5,0.57,Combined_25km_jan24_gt1r.csv
-76.14644224298036,-33.6048643495595,27.0,0.1,0.6883150935173035,0.4304184060957696,0.1116399466991424,processed_ATL10-02_20240117082533_04512201_006_01.h5,0.43,Combined_25km_jan24_gt1r.csv
-74.3562213066242,-44.72369496375226,27.0,0.31,1.1294144136565072,2.9897568074779377,0.2181556522846222,processed_ATL10-02_20240119090831_04822201_006_01.h5,1.19,Combined_25km_jan24_gt1r.csv
-74.1301594451299,-44.6025106752561,24.0,0.23,0.964590096473694,2.885737014003098,0.1966433674097061,processed_ATL10-02_20240119090831_04822201_006_01.h5,0.9,Combined_25km_jan24_gt1r.csv
-73.94378502250409,-44.50488758530816,18.0,0.19,0.7500697076320648,2.4347268665830293,0.1738157719373703,processed_ATL10-02_20240119090831_04822201_006_01.h5,0.75,Combined_25km_jan24_gt1r.csv
-69.11016760823995,-42.49582375753984,6.0,0.17,,0.0,0.0796030983328819,processed_ATL10-02_20240119090831_04822201_006_01.h5,0.68,Combined_25km_jan24_gt1r.csv
-68.94334704098787,-42.439861257886506,27.0,0.1,,0.0,0.0732691660523414,processed_ATL10-02_20240119090831_04822201_006_01.h5,0.43,Combined_25km_jan24_gt1r.csv
-74.3562213066242,-44.72369496375226,27.0,0.31,1.1294144136565072,2.9897568074779377,0.2181556522846222,processed_ATL10-02_20240119090831_04822201_006_01.h5,1.19,Combined_25km_jan24_gt1r.csv
-74.1301594451299,-44.6025106752561,24.0,0.23,0.964590096473694,2.885737014003098,0.1966433674097061,processed_ATL10-02_20240119090831_04822201_006_01.h5,0.9,Combined_25km_jan24_gt1r.csv
-73.94378502250409,-44.50488758530816,18.0,0.19,0.7500697076320648,2.4347268665830293,0.1738157719373703,processed_ATL10-02_20240119090831_04822201_006_01.h5,0.75,Combined_25km_jan24_gt1r.csv
-69.11016760823995,-42.49582375753984,6.0,0.17,,0.0,0.0796030983328819,processed_ATL10-02_20240119090831_04822201_006_01.h5,0.68,Combined_25km_jan24_gt1r.csv
-68.94334704098787,-42.439861257886506,27.0,0.1,,0.0,0.0732691660523414,processed_ATL10-02_20240119090831_04822201_006_01.h5,0.43,Combined_25km_jan24_gt1r.csv
-76.81933304379952,-40.13241891843632,15.0,0.08,0.7957454770803452,6.91487979143858,0.1949831694364547,processed_ATL10-02_20240119214252_04902201_006_01.h5,0.36,Combined_25km_jan24_gt1r.csv
-76.46013017561938,-40.38948291143563,3.0,0.06,0.7254830598831177,10.286568105220796,0.2246351093053817,processed_ATL10-02_20240119214252_04902201_006_01.h5,0.28,Combined_25km_jan24_gt1r.csv
-76.34328847721173,-40.47050460464735,24.0,0.3,0.9870786666870116,6.651843711733818,0.200978010892868,processed_ATL10-02_20240119214252_04902201_006_01.h5,1.15,Combined_25km_jan24_gt1r.csv
-76.11836605156155,-40.62336670800618,18.0,0.25,1.0197285771369935,6.497424483920137,0.2404644042253494,processed_ATL10-02_20240119214252_04902201_006_01.h5,0.97,Combined_25km_jan24_gt1r.csv
-75.89369662775957,-40.771760834415154,12.0,0.27,0.8071241974830627,3.482264280319214,0.1373296231031417,processed_ATL10-02_20240119214252_04902201_006_01.h5,1.04,Combined_25km_jan24_gt1r.csv
-75.67709086066694,-40.91081189845103,24.0,0.15,0.918363698891231,7.756917364895344,0.2492965906858444,processed_ATL10-02_20240119214252_04902201_006_01.h5,0.61,Combined_25km_jan24_gt1r.csv
-76.81933304379952,-40.13241891843632,15.0,0.08,0.7957454770803452,6.91487979143858,0.1949831694364547,processed_ATL10-02_20240119214252_04902201_006_01.h5,0.36,Combined_25km_jan24_gt1r.csv
-76.46013017561938,-40.38948291143563,3.0,0.06,0.7254830598831177,10.286568105220796,0.2246351093053817,processed_ATL10-02_20240119214252_04902201_006_01.h5,0.28,Combined_25km_jan24_gt1r.csv
-76.34328847721173,-40.47050460464735,24.0,0.3,0.9870786666870116,6.651843711733818,0.200978010892868,processed_ATL10-02_20240119214252_04902201_006_01.h5,1.15,Combined_25km_jan24_gt1r.csv
-76.11836605156155,-40.62336670800618,18.0,0.25,1.0197285771369935,6.497424483920137,0.2404644042253494,processed_ATL10-02_20240119214252_04902201_006_01.h5,0.97,Combined_25km_jan24_gt1r.csv
-75.89369662775957,-40.771760834415154,12.0,0.27,0.8071241974830627,3.482264280319214,0.1373296231031417,processed_ATL10-02_20240119214252_04902201_006_01.h5,1.04,Combined_25km_jan24_gt1r.csv
-75.67709086066694,-40.91081189845103,24.0,0.15,0.918363698891231,7.756917364895344,0.2492965906858444,processed_ATL10-02_20240119214252_04902201_006_01.h5,0.61,Combined_25km_jan24_gt1r.csv
-76.85120211128707,-40.59012548462191,27.0,0.21,0.8686908568654742,10.615361233552298,0.2431645393371582,processed_ATL10-02_20240120084253_04972201_006_01.h5,0.83,Combined_25km_jan24_gt1r.csv
-76.69310090039617,-40.47454247796269,9.0,0.13,0.7631551424662272,1.4770088717341423,0.173665702342987,processed_ATL10-02_20240120084253_04972201_006_01.h5,0.54,Combined_25km_jan24_gt1r.csv
-76.47837559943069,-40.32176565391091,9.0,0.13,1.035133997599284,7.5023407737414045,0.2678501904010772,processed_ATL10-02_20240120084253_04972201_006_01.h5,0.54,Combined_25km_jan24_gt1r.csv
-74.29703858563214,-38.98315983548694,6.0,0.08,,0.0,0.0342663675546646,processed_ATL10-02_20240120084253_04972201_006_01.h5,0.36,Combined_25km_jan24_gt1r.csv
-74.14218634048558,-38.90059022801445,27.0,0.19,0.9831929504871368,2.187492926087645,0.1761432439088821,processed_ATL10-02_20240120084253_04972201_006_01.h5,0.75,Combined_25km_jan24_gt1r.csv
-74.0106452718684,-38.83134536319119,3.0,0.25,,0.0,0.1707724034786224,processed_ATL10-02_20240120084253_04972201_006_01.h5,0.97,Combined_25km_jan24_gt1r.csv
-73.44993123224391,-38.54780247463752,21.0,0.18,1.3541100025177002,0.1519974720265184,0.1016468852758407,processed_ATL10-02_20240120084253_04972201_006_01.h5,0.72,Combined_25km_jan24_gt1r.csv
-73.27867511007243,-38.464430492798925,18.0,0.21,0.9674673875172932,8.877502164493004,0.2511090338230133,processed_ATL10-02_20240120084253_04972201_006_01.h5,0.83,Combined_25km_jan24_gt1r.csv
-70.69237782042262,-37.354222582831966,12.0,0.24,1.0228833556175232,0.863583805039525,0.1486952900886535,processed_ATL10-02_20240120084253_04972201_006_01.h5,0.94,Combined_25km_jan24_gt1r.csv
-70.53351485254072,-37.29409901413937,24.0,0.17,0.796034038066864,0.1455492805689573,0.1225701868534088,processed_ATL10-02_20240120084253_04972201_006_01.h5,0.68,Combined_25km_jan24_gt1r.csv
-76.85120211128707,-40.59012548462191,27.0,0.21,0.8686908568654742,10.615361233552298,0.2431645393371582,processed_ATL10-02_20240120084253_04972201_006_01.h5,0.83,Combined_25km_jan24_gt1r.csv
-76.69310090039617,-40.47454247796269,9.0,0.13,0.7631551424662272,1.4770088717341423,0.173665702342987,processed_ATL10-02_20240120084253_04972201_006_01.h5,0.54,Combined_25km_jan24_gt1r.csv
-76.47837559943069,-40.32176565391091,9.0,0.13,1.035133997599284,7.5023407737414045,0.2678501904010772,processed_ATL10-02_20240120084253_04972201_006_01.h5,0.54,Combined_25km_jan24_gt1r.csv
-74.29703858563214,-38.98315983548694,6.0,0.08,,0.0,0.0342663675546646,processed_ATL10-02_20240120084253_04972201_006_01.h5,0.36,Combined_25km_jan24_gt1r.csv
-74.14218634048558,-38.90059022801445,27.0,0.19,0.9831929504871368,2.187492926087645,0.1761432439088821,processed_ATL10-02_20240120084253_04972201_006_01.h5,0.75,Combined_25km_jan24_gt1r.csv
-74.0106452718684,-38.83134536319119,3.0,0.25,,0.0,0.1707724034786224,processed_ATL10-02_20240120084253_04972201_006_01.h5,0.97,Combined_25km_jan24_gt1r.csv
-73.44993123224391,-38.54780247463752,21.0,0.18,1.3541100025177002,0.1519974720265184,0.1016468852758407,processed_ATL10-02_20240120084253_04972201_006_01.h5,0.72,Combined_25km_jan24_gt1r.csv
-73.27867511007243,-38.464430492798925,18.0,0.21,0.9674673875172932,8.877502164493004,0.2511090338230133,processed_ATL10-02_20240120084253_04972201_006_01.h5,0.83,Combined_25km_jan24_gt1r.csv
-70.69237782042262,-37.354222582831966,12.0,0.24,1.0228833556175232,0.863583805039525,0.1486952900886535,processed_ATL10-02_20240120084253_04972201_006_01.h5,0.94,Combined_25km_jan24_gt1r.csv
-70.53351485254072,-37.29409901413937,24.0,0.17,0.796034038066864,0.1455492805689573,0.1225701868534088,processed_ATL10-02_20240120084253_04972201_006_01.h5,0.68,Combined_25km_jan24_gt1r.csv
-77.05407015332273,-34.24525549440558,24.0,0.16,1.0251275797684989,13.544006971642377,0.2798078656196594,processed_ATL10-02_20240120211713_05052201_006_01.h5,0.65,Combined_25km_jan24_gt1r.csv
-76.83753233197262,-34.40703352684022,24.0,0.31,1.058699794113636,5.782955186441541,0.2669923901557922,processed_ATL10-02_20240120211713_05052201_006_01.h5,1.19,Combined_25km_jan24_gt1r.csv
-76.61221679210013,-34.570245149461044,27.0,0.16,0.8839520712693533,4.953611334268418,0.2104735672473907,processed_ATL10-02_20240120211713_05052201_006_01.h5,0.65,Combined_25km_jan24_gt1r.csv
-76.38681070684599,-34.728755132510514,24.0,0.15,0.8099761505921682,1.1892370355781168,0.1528276950120926,processed_ATL10-02_20240120211713_05052201_006_01.h5,0.61,Combined_25km_jan24_gt1r.csv
-76.16131289499009,-34.88252063774711,27.0,0.18,1.0411564111709597,17.95116166273753,0.3269661664962768,processed_ATL10-02_20240120211713_05052201_006_01.h5,0.72,Combined_25km_jan24_gt1r.csv
-75.93592676021964,-35.03173809138689,24.0,0.24,1.0236283391714096,11.06277839280665,0.2811697125434875,processed_ATL10-02_20240120211713_05052201_006_01.h5,0.94,Combined_25km_jan24_gt1r.csv
-75.71030505151192,-35.176712394161434,27.0,0.25,0.9969739243388176,3.3354923853443728,0.2146881967782974,processed_ATL10-02_20240120211713_05052201_006_01.h5,0.97,Combined_25km_jan24_gt1r.csv
-75.48441628725743,-35.31788825772831,24.0,0.15,0.9475652916090828,6.06596278375946,0.2150348871946334,processed_ATL10-02_20240120211713_05052201_006_01.h5,0.61,Combined_25km_jan24_gt1r.csv
-75.25863997913494,-35.45516414806072,27.0,0.13,0.8525125639779227,2.8377789383133254,0.1667419970035553,processed_ATL10-02_20240120211713_05052201_006_01.h5,0.54,Combined_25km_jan24_gt1r.csv
-77.05407015332273,-34.24525549440558,24.0,0.16,1.0251275797684989,13.544006971642377,0.2798078656196594,processed_ATL10-02_20240120211713_05052201_006_01.h5,0.65,Combined_25km_jan24_gt1r.csv
-76.83753233197262,-34.40703352684022,24.0,0.31,1.058699794113636,5.782955186441541,0.2669923901557922,processed_ATL10-02_20240120211713_05052201_006_01.h5,1.19,Combined_25km_jan24_gt1r.csv
-76.61221679210013,-34.570245149461044,27.0,0.16,0.8839520712693533,4.953611334268418,0.2104735672473907,processed_ATL10-02_20240120211713_05052201_006_01.h5,0.65,Combined_25km_jan24_gt1r.csv
-76.38681070684599,-34.728755132510514,24.0,0.15,0.8099761505921682,1.1892370355781168,0.1528276950120926,processed_ATL10-02_20240120211713_05052201_006_01.h5,0.61,Combined_25km_jan24_gt1r.csv
-76.16131289499009,-34.88252063774711,27.0,0.18,1.0411564111709597,17.95116166273753,0.3269661664962768,processed_ATL10-02_20240120211713_05052201_006_01.h5,0.72,Combined_25km_jan24_gt1r.csv
-75.93592676021964,-35.03173809138689,24.0,0.24,1.0236283391714096,11.06277839280665,0.2811697125434875,processed_ATL10-02_20240120211713_05052201_006_01.h5,0.94,Combined_25km_jan24_gt1r.csv
-75.71030505151192,-35.176712394161434,27.0,0.25,0.9969739243388176,3.3354923853443728,0.2146881967782974,processed_ATL10-02_20240120211713_05052201_006_01.h5,0.97,Combined_25km_jan24_gt1r.csv
-75.48441628725743,-35.31788825772831,24.0,0.15,0.9475652916090828,6.06596278375946,0.2150348871946334,processed_ATL10-02_20240120211713_05052201_006_01.h5,0.61,Combined_25km_jan24_gt1r.csv
-75.25863997913494,-35.45516414806072,27.0,0.13,0.8525125639779227,2.8377789383133254,0.1667419970035553,processed_ATL10-02_20240120211713_05052201_006_01.h5,0.54,Combined_25km_jan24_gt1r.csv
-75.01182358486788,-33.674194221428166,3.0,0.05,,0.0,0.0900015607476234,processed_ATL10-02_20240121081714_05122201_006_01.h5,0.25,Combined_25km_jan24_gt1r.csv
-74.63478127789297,-33.45821801114658,18.0,0.1,0.7695375978946686,1.466367036725084,0.126644417643547,processed_ATL10-02_20240121081714_05122201_006_01.h5,0.43,Combined_25km_jan24_gt1r.csv
-74.47233300147788,-33.36807881319141,18.0,0.11,0.7808893918991089,0.8081943417588869,0.1352677196264267,processed_ATL10-02_20240121081714_05122201_006_01.h5,0.46,Combined_25km_jan24_gt1r.csv
-73.94390110550782,-33.08650954607429,3.0,0.01,,0.0,0.0937773808836937,processed_ATL10-02_20240121081714_05122201_006_01.h5,0.1,Combined_25km_jan24_gt1r.csv
-73.8321496565408,-33.02908049673054,6.0,0.08,,0.0,0.1359969973564148,processed_ATL10-02_20240121081714_05122201_006_01.h5,0.36,Combined_25km_jan24_gt1r.csv
-72.91713683921101,-32.58243931375448,15.0,0.26,0.7694492340087891,0.8194921910762787,0.1951303482055664,processed_ATL10-02_20240121081714_05122201_006_01.h5,1.01,Combined_25km_jan24_gt1r.csv
-72.42452527839224,-32.35784869336213,21.0,0.21,,0.0,0.0861105173826217,processed_ATL10-02_20240121081714_05122201_006_01.h5,0.83,Combined_25km_jan24_gt1r.csv
-72.20155117642581,-32.25941900418369,27.0,0.15,0.8312794963518778,0.310052124162515,0.125760942697525,processed_ATL10-02_20240121081714_05122201_006_01.h5,0.61,Combined_25km_jan24_gt1r.csv
-71.97507716025746,-32.161412270172995,24.0,0.19,0.8313154876232147,0.4087372682988643,0.1294966787099838,processed_ATL10-02_20240121081714_05122201_006_01.h5,0.75,Combined_25km_jan24_gt1r.csv
-71.74849827545818,-32.06549329366966,27.0,0.18,0.8150690197944641,0.5009822650916047,0.1125511601567268,processed_ATL10-02_20240121081714_05122201_006_01.h5,0.72,Combined_25km_jan24_gt1r.csv
-71.45220541594014,-31.94309655436377,9.0,0.15,,0.0,0.0794689878821373,processed_ATL10-02_20240121081714_05122201_006_01.h5,0.61,Combined_25km_jan24_gt1r.csv
-75.01182358486788,-33.674194221428166,3.0,0.05,,0.0,0.0900015607476234,processed_ATL10-02_20240121081714_05122201_006_01.h5,0.25,Combined_25km_jan24_gt1r.csv
-74.63478127789297,-33.45821801114658,18.0,0.1,0.7695375978946686,1.466367036725084,0.126644417643547,processed_ATL10-02_20240121081714_05122201_006_01.h5,0.43,Combined_25km_jan24_gt1r.csv
-74.47233300147788,-33.36807881319141,18.0,0.11,0.7808893918991089,0.8081943417588869,0.1352677196264267,processed_ATL10-02_20240121081714_05122201_006_01.h5,0.46,Combined_25km_jan24_gt1r.csv
-73.94390110550782,-33.08650954607429,3.0,0.01,,0.0,0.0937773808836937,processed_ATL10-02_20240121081714_05122201_006_01.h5,0.1,Combined_25km_jan24_gt1r.csv
-73.8321496565408,-33.02908049673054,6.0,0.08,,0.0,0.1359969973564148,processed_ATL10-02_20240121081714_05122201_006_01.h5,0.36,Combined_25km_jan24_gt1r.csv
-72.91713683921101,-32.58243931375448,15.0,0.26,0.7694492340087891,0.8194921910762787,0.1951303482055664,processed_ATL10-02_20240121081714_05122201_006_01.h5,1.01,Combined_25km_jan24_gt1r.csv
-72.42452527839224,-32.35784869336213,21.0,0.21,,0.0,0.0861105173826217,processed_ATL10-02_20240121081714_05122201_006_01.h5,0.83,Combined_25km_jan24_gt1r.csv
-72.20155117642581,-32.25941900418369,27.0,0.15,0.8312794963518778,0.310052124162515,0.125760942697525,processed_ATL10-02_20240121081714_05122201_006_01.h5,0.61,Combined_25km_jan24_gt1r.csv
-71.97507716025746,-32.161412270172995,24.0,0.19,0.8313154876232147,0.4087372682988643,0.1294966787099838,processed_ATL10-02_20240121081714_05122201_006_01.h5,0.75,Combined_25km_jan24_gt1r.csv
-71.74849827545818,-32.06549329366966,27.0,0.18,0.8150690197944641,0.5009822650916047,0.1125511601567268,processed_ATL10-02_20240121081714_05122201_006_01.h5,0.72,Combined_25km_jan24_gt1r.csv
-71.45220541594014,-31.94309655436377,9.0,0.15,,0.0,0.0794689878821373,processed_ATL10-02_20240121081714_05122201_006_01.h5,0.61,Combined_25km_jan24_gt1r.csv
-75.9013364797281,-29.342860985345013,27.0,0.18,0.991691827774048,2.7457896826995745,0.1829170137643814,processed_ATL10-02_20240121205134_05202201_006_01.h5,0.72,Combined_25km_jan24_gt1r.csv
-75.675653256967,-29.487477303614625,24.0,0.1,0.8641886029924665,5.3798318724147975,0.2232519686222076,processed_ATL10-02_20240121205134_05202201_006_01.h5,0.43,Combined_25km_jan24_gt1r.csv
-75.44991227802407,-29.627878652573813,27.0,0.17,0.9288577809929848,7.763199508190155,0.2588145732879638,processed_ATL10-02_20240121205134_05202201_006_01.h5,0.68,Combined_25km_jan24_gt1r.csv
-75.22407695357606,-29.764568720360508,24.0,0.12,0.8804515898227692,12.0831657666713,0.2608552575111389,processed_ATL10-02_20240121205134_05202201_006_01.h5,0.5,Combined_25km_jan24_gt1r.csv
-74.99822633934903,-29.89776873202073,27.0,0.07,0.8264191614256965,8.363997894856665,0.2211219519376754,processed_ATL10-02_20240121205134_05202201_006_01.h5,0.32,Combined_25km_jan24_gt1r.csv
-74.77231600470745,-30.02786664708384,24.0,0.05,0.8304806500673294,4.487756756134331,0.2018839865922927,processed_ATL10-02_20240121205134_05202201_006_01.h5,0.25,Combined_25km_jan24_gt1r.csv
-74.54669004303187,-30.154682617214785,27.0,0.08,0.8385094702243805,4.232448722339338,0.1734845042228698,processed_ATL10-02_20240121205134_05202201_006_01.h5,0.36,Combined_25km_jan24_gt1r.csv
-74.35377002213198,-30.260669547953032,12.0,0.1,,0.0,0.083624243736267,processed_ATL10-02_20240121205134_05202201_006_01.h5,0.43,Combined_25km_jan24_gt1r.csv
-74.07222034871255,-30.411367641515,21.0,0.16,0.8949305862188339,1.5231032722762652,0.1688980609178543,processed_ATL10-02_20240121205134_05202201_006_01.h5,0.65,Combined_25km_jan24_gt1r.csv
-73.86816565965103,-30.517576068482928,24.0,0.09,0.7754059944834027,4.455757857067511,0.1846630573272705,processed_ATL10-02_20240121205134_05202201_006_01.h5,0.39,Combined_25km_jan24_gt1r.csv
-73.64198413129164,-30.63244881904921,27.0,0.25,1.0372853875160215,14.705678515343202,0.2885251045227051,processed_ATL10-02_20240121205134_05202201_006_01.h5,0.97,Combined_25km_jan24_gt1r.csv
-73.41568822690073,-30.74460089266521,24.0,0.17,0.9983547851443292,28.885822417214516,0.3548673689365387,processed_ATL10-02_20240121205134_05202201_006_01.h5,0.68,Combined_25km_jan24_gt1r.csv
-73.18938180767947,-30.8540673142316,27.0,0.57,1.3470806380112963,13.179223448969424,0.2666222751140594,processed_ATL10-02_20240121205134_05202201_006_01.h5,2.13,Combined_25km_jan24_gt1r.csv
-72.96307702146409,-30.96108271601381,24.0,0.24,0.9461787257875716,25.243503390811384,0.3244826197624206,processed_ATL10-02_20240121205134_05202201_006_01.h5,0.94,Combined_25km_jan24_gt1r.csv
-72.73666587223187,-31.065873631096665,27.0,0.08,0.8192097014851041,7.787607248044676,0.2257056534290313,processed_ATL10-02_20240121205134_05202201_006_01.h5,0.36,Combined_25km_jan24_gt1r.csv
-72.51024806282365,-31.16865330666685,24.0,0.19,0.853109530040196,5.750027718022466,0.2085745334625244,processed_ATL10-02_20240121205134_05202201_006_01.h5,0.75,Combined_25km_jan24_gt1r.csv
-72.31177693878755,-31.257110630893987,21.0,0.2,0.907169759273529,1.31523994995015,0.1761437207460403,processed_ATL10-02_20240121205134_05202201_006_01.h5,0.79,Combined_25km_jan24_gt1r.csv
-75.9013364797281,-29.342860985345013,27.0,0.18,0.991691827774048,2.7457896826995745,0.1829170137643814,processed_ATL10-02_20240121205134_05202201_006_01.h5,0.72,Combined_25km_jan24_gt1r.csv
-75.675653256967,-29.487477303614625,24.0,0.1,0.8641886029924665,5.3798318724147975,0.2232519686222076,processed_ATL10-02_20240121205134_05202201_006_01.h5,0.43,Combined_25km_jan24_gt1r.csv
-75.44991227802407,-29.627878652573813,27.0,0.17,0.9288577809929848,7.763199508190155,0.2588145732879638,processed_ATL10-02_20240121205134_05202201_006_01.h5,0.68,Combined_25km_jan24_gt1r.csv
-75.22407695357606,-29.764568720360508,24.0,0.12,0.8804515898227692,12.0831657666713,0.2608552575111389,processed_ATL10-02_20240121205134_05202201_006_01.h5,0.5,Combined_25km_jan24_gt1r.csv
-74.99822633934903,-29.89776873202073,27.0,0.07,0.8264191614256965,8.363997894856665,0.2211219519376754,processed_ATL10-02_20240121205134_05202201_006_01.h5,0.32,Combined_25km_jan24_gt1r.csv
-74.77231600470745,-30.02786664708384,24.0,0.05,0.8304806500673294,4.487756756134331,0.2018839865922927,processed_ATL10-02_20240121205134_05202201_006_01.h5,0.25,Combined_25km_jan24_gt1r.csv
-74.54669004303187,-30.154682617214785,27.0,0.08,0.8385094702243805,4.232448722339338,0.1734845042228698,processed_ATL10-02_20240121205134_05202201_006_01.h5,0.36,Combined_25km_jan24_gt1r.csv
-74.35377002213198,-30.260669547953032,12.0,0.1,,0.0,0.083624243736267,processed_ATL10-02_20240121205134_05202201_006_01.h5,0.43,Combined_25km_jan24_gt1r.csv
-74.07222034871255,-30.411367641515,21.0,0.16,0.8949305862188339,1.5231032722762652,0.1688980609178543,processed_ATL10-02_20240121205134_05202201_006_01.h5,0.65,Combined_25km_jan24_gt1r.csv
-73.86816565965103,-30.517576068482928,24.0,0.09,0.7754059944834027,4.455757857067511,0.1846630573272705,processed_ATL10-02_20240121205134_05202201_006_01.h5,0.39,Combined_25km_jan24_gt1r.csv
-73.64198413129164,-30.63244881904921,27.0,0.25,1.0372853875160215,14.705678515343202,0.2885251045227051,processed_ATL10-02_20240121205134_05202201_006_01.h5,0.97,Combined_25km_jan24_gt1r.csv
-73.41568822690073,-30.74460089266521,24.0,0.17,0.9983547851443292,28.885822417214516,0.3548673689365387,processed_ATL10-02_20240121205134_05202201_006_01.h5,0.68,Combined_25km_jan24_gt1r.csv
-73.18938180767947,-30.8540673142316,27.0,0.57,1.3470806380112963,13.179223448969424,0.2666222751140594,processed_ATL10-02_20240121205134_05202201_006_01.h5,2.13,Combined_25km_jan24_gt1r.csv
-72.96307702146409,-30.96108271601381,24.0,0.24,0.9461787257875716,25.243503390811384,0.3244826197624206,processed_ATL10-02_20240121205134_05202201_006_01.h5,0.94,Combined_25km_jan24_gt1r.csv
-72.73666587223187,-31.065873631096665,27.0,0.08,0.8192097014851041,7.787607248044676,0.2257056534290313,processed_ATL10-02_20240121205134_05202201_006_01.h5,0.36,Combined_25km_jan24_gt1r.csv
-72.51024806282365,-31.16865330666685,24.0,0.19,0.853109530040196,5.750027718022466,0.2085745334625244,processed_ATL10-02_20240121205134_05202201_006_01.h5,0.75,Combined_25km_jan24_gt1r.csv
-72.31177693878755,-31.257110630893987,21.0,0.2,0.907169759273529,1.31523994995015,0.1761437207460403,processed_ATL10-02_20240121205134_05202201_006_01.h5,0.79,Combined_25km_jan24_gt1r.csv
-75.47353276277498,-28.240703658168577,27.0,0.14,0.948508586202349,10.237289716800056,0.2187341600656509,processed_ATL10-02_20240122075136_05272201_006_01.h5,0.57,Combined_25km_jan24_gt1r.csv
-75.24722734494989,-28.10299486955347,24.0,0.07,0.9325022220611572,11.292697244789451,0.2121409624814987,processed_ATL10-02_20240122075136_05272201_006_01.h5,0.32,Combined_25km_jan24_gt1r.csv
-75.02201239870215,-27.96968686882658,27.0,0.21,0.939670130610466,7.803453743043873,0.2460932433605194,processed_ATL10-02_20240122075136_05272201_006_01.h5,0.83,Combined_25km_jan24_gt1r.csv
-74.79613869282088,-27.839402996331096,24.0,0.08,0.8599790760449001,4.024168965406716,0.1807260811328888,processed_ATL10-02_20240122075136_05272201_006_01.h5,0.36,Combined_25km_jan24_gt1r.csv
-74.57013564541933,-27.71239833833233,27.0,0.06,0.8031264543533325,8.955481110347641,0.2332837283611297,processed_ATL10-02_20240122075136_05272201_006_01.h5,0.28,Combined_25km_jan24_gt1r.csv
-74.34411425520986,-27.588453603998616,24.0,0.08,0.8614780679345131,10.184822767041624,0.2701358795166015,processed_ATL10-02_20240122075136_05272201_006_01.h5,0.36,Combined_25km_jan24_gt1r.csv
-74.1180249865568,-27.467591481147267,27.0,0.07,0.8380397359530131,8.745645390202602,0.246468961238861,processed_ATL10-02_20240122075136_05272201_006_01.h5,0.32,Combined_25km_jan24_gt1r.csv
-73.89119800466415,-27.34922567896229,24.0,0.07,0.8523042372294835,13.530836463905873,0.2543320655822754,processed_ATL10-02_20240122075136_05272201_006_01.h5,0.32,Combined_25km_jan24_gt1r.csv
-73.67238493971819,-27.237756239677356,12.0,0.05,0.7250617742538452,0.8066844195127487,0.0719010382890701,processed_ATL10-02_20240122075136_05272201_006_01.h5,0.25,Combined_25km_jan24_gt1r.csv
-73.44661463848882,-27.12538029670287,27.0,0.05,0.8859944045543671,2.325396570894453,0.1145764738321304,processed_ATL10-02_20240122075136_05272201_006_01.h5,0.25,Combined_25km_jan24_gt1r.csv
-73.22644165839175,-27.01821009314388,24.0,0.05,0.8178073664506277,11.135548283345996,0.2239987552165985,processed_ATL10-02_20240122075136_05272201_006_01.h5,0.25,Combined_25km_jan24_gt1r.csv
-72.98660550503584,-26.90416506744272,24.0,0.02,0.8021996872765678,9.425941300287375,0.2077210992574691,processed_ATL10-02_20240122075136_05272201_006_01.h5,0.14,Combined_25km_jan24_gt1r.csv
-72.76049667978519,-26.79915028726585,27.0,0.09,0.934563897550106,5.981930091770159,0.1935379654169082,processed_ATL10-02_20240122075136_05272201_006_01.h5,0.39,Combined_25km_jan24_gt1r.csv
-72.53406521339244,-26.696174350058435,24.0,0.11,0.8402796536684036,9.624633300700223,0.234209731221199,processed_ATL10-02_20240122075136_05272201_006_01.h5,0.46,Combined_25km_jan24_gt1r.csv
-72.3209270448776,-26.60123076747366,24.0,0.1,0.8190961480140686,7.035665668081492,0.2101554870605468,processed_ATL10-02_20240122075136_05272201_006_01.h5,0.43,Combined_25km_jan24_gt1r.csv
-72.09444658193976,-26.5024289866741,27.0,0.13,0.8987970418400235,9.281051171840064,0.2371611297130584,processed_ATL10-02_20240122075136_05272201_006_01.h5,0.54,Combined_25km_jan24_gt1r.csv
-75.47353276277498,-28.240703658168577,27.0,0.14,0.948508586202349,10.237289716800056,0.2187341600656509,processed_ATL10-02_20240122075136_05272201_006_01.h5,0.57,Combined_25km_jan24_gt1r.csv
-75.24722734494989,-28.10299486955347,24.0,0.07,0.9325022220611572,11.292697244789451,0.2121409624814987,processed_ATL10-02_20240122075136_05272201_006_01.h5,0.32,Combined_25km_jan24_gt1r.csv
-75.02201239870215,-27.96968686882658,27.0,0.21,0.939670130610466,7.803453743043873,0.2460932433605194,processed_ATL10-02_20240122075136_05272201_006_01.h5,0.83,Combined_25km_jan24_gt1r.csv
-74.79613869282088,-27.839402996331096,24.0,0.08,0.8599790760449001,4.024168965406716,0.1807260811328888,processed_ATL10-02_20240122075136_05272201_006_01.h5,0.36,Combined_25km_jan24_gt1r.csv
-74.57013564541933,-27.71239833833233,27.0,0.06,0.8031264543533325,8.955481110347641,0.2332837283611297,processed_ATL10-02_20240122075136_05272201_006_01.h5,0.28,Combined_25km_jan24_gt1r.csv
-74.34411425520986,-27.588453603998616,24.0,0.08,0.8614780679345131,10.184822767041624,0.2701358795166015,processed_ATL10-02_20240122075136_05272201_006_01.h5,0.36,Combined_25km_jan24_gt1r.csv
-74.1180249865568,-27.467591481147267,27.0,0.07,0.8380397359530131,8.745645390202602,0.246468961238861,processed_ATL10-02_20240122075136_05272201_006_01.h5,0.32,Combined_25km_jan24_gt1r.csv
-73.89119800466415,-27.34922567896229,24.0,0.07,0.8523042372294835,13.530836463905873,0.2543320655822754,processed_ATL10-02_20240122075136_05272201_006_01.h5,0.32,Combined_25km_jan24_gt1r.csv
-73.67238493971819,-27.237756239677356,12.0,0.05,0.7250617742538452,0.8066844195127487,0.0719010382890701,processed_ATL10-02_20240122075136_05272201_006_01.h5,0.25,Combined_25km_jan24_gt1r.csv
-73.44661463848882,-27.12538029670287,27.0,0.05,0.8859944045543671,2.325396570894453,0.1145764738321304,processed_ATL10-02_20240122075136_05272201_006_01.h5,0.25,Combined_25km_jan24_gt1r.csv
-73.22644165839175,-27.01821009314388,24.0,0.05,0.8178073664506277,11.135548283345996,0.2239987552165985,processed_ATL10-02_20240122075136_05272201_006_01.h5,0.25,Combined_25km_jan24_gt1r.csv
-72.98660550503584,-26.90416506744272,24.0,0.02,0.8021996872765678,9.425941300287375,0.2077210992574691,processed_ATL10-02_20240122075136_05272201_006_01.h5,0.14,Combined_25km_jan24_gt1r.csv
-72.76049667978519,-26.79915028726585,27.0,0.09,0.934563897550106,5.981930091770159,0.1935379654169082,processed_ATL10-02_20240122075136_05272201_006_01.h5,0.39,Combined_25km_jan24_gt1r.csv
-72.53406521339244,-26.696174350058435,24.0,0.11,0.8402796536684036,9.624633300700223,0.234209731221199,processed_ATL10-02_20240122075136_05272201_006_01.h5,0.46,Combined_25km_jan24_gt1r.csv
-72.3209270448776,-26.60123076747366,24.0,0.1,0.8190961480140686,7.035665668081492,0.2101554870605468,processed_ATL10-02_20240122075136_05272201_006_01.h5,0.43,Combined_25km_jan24_gt1r.csv
-72.09444658193976,-26.5024289866741,27.0,0.13,0.8987970418400235,9.281051171840064,0.2371611297130584,processed_ATL10-02_20240122075136_05272201_006_01.h5,0.54,Combined_25km_jan24_gt1r.csv
-73.3910372743825,-25.045412994789405,18.0,0.05,0.7624839544296265,0.7681136329968771,0.0659525170922279,processed_ATL10-02_20240122202555_05352201_006_01.h5,0.25,Combined_25km_jan24_gt1r.csv
-73.14352507069174,-25.16486881587727,27.0,0.05,,0.0,0.0296941865235567,processed_ATL10-02_20240122202555_05352201_006_01.h5,0.25,Combined_25km_jan24_gt1r.csv
-72.93145186400122,-25.264990922437587,21.0,0.05,0.7727095484733582,4.270494928849595,0.1353740692138672,processed_ATL10-02_20240122202555_05352201_006_01.h5,0.25,Combined_25km_jan24_gt1r.csv
-72.69928404518082,-25.372282979613274,3.0,0.41,,0.0,0.0517663173377513,processed_ATL10-02_20240122202555_05352201_006_01.h5,1.55,Combined_25km_jan24_gt1r.csv
-72.41050412315886,-25.502469444929694,6.0,0.08,0.6996147632598877,1.1736217886209488,0.1361979842185974,processed_ATL10-02_20240122202555_05352201_006_01.h5,0.36,Combined_25km_jan24_gt1r.csv
-73.3910372743825,-25.045412994789405,18.0,0.05,0.7624839544296265,0.7681136329968771,0.0659525170922279,processed_ATL10-02_20240122202555_05352201_006_01.h5,0.25,Combined_25km_jan24_gt1r.csv
-73.14352507069174,-25.16486881587727,27.0,0.05,,0.0,0.0296941865235567,processed_ATL10-02_20240122202555_05352201_006_01.h5,0.25,Combined_25km_jan24_gt1r.csv
-72.93145186400122,-25.264990922437587,21.0,0.05,0.7727095484733582,4.270494928849595,0.1353740692138672,processed_ATL10-02_20240122202555_05352201_006_01.h5,0.25,Combined_25km_jan24_gt1r.csv
-72.69928404518082,-25.372282979613274,3.0,0.41,,0.0,0.0517663173377513,processed_ATL10-02_20240122202555_05352201_006_01.h5,1.55,Combined_25km_jan24_gt1r.csv
-72.41050412315886,-25.502469444929694,6.0,0.08,0.6996147632598877,1.1736217886209488,0.1361979842185974,processed_ATL10-02_20240122202555_05352201_006_01.h5,0.36,Combined_25km_jan24_gt1r.csv
-72.68246054654989,-44.671365762457725,27.0,0.25,1.0102028052012126,4.099561460316181,0.1630499362945556,processed_ATL10-02_20240123090014_05432201_006_01.h5,0.97,Combined_25km_jan24_gt1r.csv
-72.45597201741047,-44.56929734518439,24.0,0.16,0.7847931186358134,1.0167752741836011,0.123593233525753,processed_ATL10-02_20240123090014_05432201_006_01.h5,0.65,Combined_25km_jan24_gt1r.csv
-72.22917387211302,-44.46919601946898,27.0,0.23,0.943222184975942,11.668966938224104,0.2246975898742675,processed_ATL10-02_20240123090014_05432201_006_01.h5,0.9,Combined_25km_jan24_gt1r.csv
-72.68246054654989,-44.671365762457725,27.0,0.25,1.0102028052012126,4.099561460316181,0.1630499362945556,processed_ATL10-02_20240123090014_05432201_006_01.h5,0.97,Combined_25km_jan24_gt1r.csv
-72.45597201741047,-44.56929734518439,24.0,0.16,0.7847931186358134,1.0167752741836011,0.123593233525753,processed_ATL10-02_20240123090014_05432201_006_01.h5,0.65,Combined_25km_jan24_gt1r.csv
-72.22917387211302,-44.46919601946898,27.0,0.23,0.943222184975942,11.668966938224104,0.2246975898742675,processed_ATL10-02_20240123090014_05432201_006_01.h5,0.9,Combined_25km_jan24_gt1r.csv
-75.61727267868116,-41.7261641100838,27.0,0.19,1.0415377418200176,21.100042863852448,0.3252030909061432,processed_ATL10-02_20240123213433_05512201_006_01.h5,0.75,Combined_25km_jan24_gt1r.csv
-75.39153305974553,-41.865708560987215,24.0,0.29,1.0216633251735143,10.000086593208836,0.2446993887424469,processed_ATL10-02_20240123213433_05512201_006_01.h5,1.12,Combined_25km_jan24_gt1r.csv
-75.16573243168787,-42.00171856103309,27.0,0.34,1.0876599417792423,3.5438571901371083,0.2326443940401077,processed_ATL10-02_20240123213433_05512201_006_01.h5,1.3,Combined_25km_jan24_gt1r.csv
-74.92819052350167,-42.14117798496514,27.0,0.25,0.9893315179007394,4.698791693792575,0.2048874497413635,processed_ATL10-02_20240123213433_05512201_006_01.h5,0.97,Combined_25km_jan24_gt1r.csv
-74.67622804949372,-42.28510415196357,12.0,0.12,,0.0,0.1163226515054702,processed_ATL10-02_20240123213433_05512201_006_01.h5,0.5,Combined_25km_jan24_gt1r.csv
-74.5773428177099,-42.340555572067046,6.0,0.2,,0.0,0.1017060279846191,processed_ATL10-02_20240123213433_05512201_006_01.h5,0.79,Combined_25km_jan24_gt1r.csv
-74.16918588516245,-42.562639706641306,6.0,0.33,1.0771527886390686,4.488043114542961,0.2101751863956451,processed_ATL10-02_20240123213433_05512201_006_01.h5,1.26,Combined_25km_jan24_gt1r.csv
-74.0778039158381,-42.610868241495645,12.0,0.14,,0.0,0.1574124842882156,processed_ATL10-02_20240123213433_05512201_006_01.h5,0.57,Combined_25km_jan24_gt1r.csv
-73.74339192795532,-42.78344162493772,12.0,0.16,0.7150719165802002,0.5837534554302692,0.099027082324028,processed_ATL10-02_20240123213433_05512201_006_01.h5,0.65,Combined_25km_jan24_gt1r.csv
-73.58378510776376,-42.86354938027692,24.0,0.21,,0.0,0.1059606671333313,processed_ATL10-02_20240123213433_05512201_006_01.h5,0.83,Combined_25km_jan24_gt1r.csv
-75.61727267868116,-41.7261641100838,27.0,0.19,1.0415377418200176,21.100042863852448,0.3252030909061432,processed_ATL10-02_20240123213433_05512201_006_01.h5,0.75,Combined_25km_jan24_gt1r.csv
-75.39153305974553,-41.865708560987215,24.0,0.29,1.0216633251735143,10.000086593208836,0.2446993887424469,processed_ATL10-02_20240123213433_05512201_006_01.h5,1.12,Combined_25km_jan24_gt1r.csv
-75.16573243168787,-42.00171856103309,27.0,0.34,1.0876599417792423,3.5438571901371083,0.2326443940401077,processed_ATL10-02_20240123213433_05512201_006_01.h5,1.3,Combined_25km_jan24_gt1r.csv
-74.92819052350167,-42.14117798496514,27.0,0.25,0.9893315179007394,4.698791693792575,0.2048874497413635,processed_ATL10-02_20240123213433_05512201_006_01.h5,0.97,Combined_25km_jan24_gt1r.csv
-74.67622804949372,-42.28510415196357,12.0,0.12,,0.0,0.1163226515054702,processed_ATL10-02_20240123213433_05512201_006_01.h5,0.5,Combined_25km_jan24_gt1r.csv
-74.5773428177099,-42.340555572067046,6.0,0.2,,0.0,0.1017060279846191,processed_ATL10-02_20240123213433_05512201_006_01.h5,0.79,Combined_25km_jan24_gt1r.csv
-74.16918588516245,-42.562639706641306,6.0,0.33,1.0771527886390686,4.488043114542961,0.2101751863956451,processed_ATL10-02_20240123213433_05512201_006_01.h5,1.26,Combined_25km_jan24_gt1r.csv
-74.0778039158381,-42.610868241495645,12.0,0.14,,0.0,0.1574124842882156,processed_ATL10-02_20240123213433_05512201_006_01.h5,0.57,Combined_25km_jan24_gt1r.csv
-73.74339192795532,-42.78344162493772,12.0,0.16,0.7150719165802002,0.5837534554302692,0.099027082324028,processed_ATL10-02_20240123213433_05512201_006_01.h5,0.65,Combined_25km_jan24_gt1r.csv
-73.58378510776376,-42.86354938027692,24.0,0.21,,0.0,0.1059606671333313,processed_ATL10-02_20240123213433_05512201_006_01.h5,0.83,Combined_25km_jan24_gt1r.csv
-77.33705091079713,-41.73779037807962,27.0,0.18,1.1234313978089228,35.780186868376205,0.4297953248023987,processed_ATL10-02_20240124083434_05582201_006_01.h5,0.72,Combined_25km_jan24_gt1r.csv
-77.09864061069219,-41.55380321316192,27.0,0.13,0.9988396101527744,23.60076953967412,0.3446190953254699,processed_ATL10-02_20240124083434_05582201_006_01.h5,0.54,Combined_25km_jan24_gt1r.csv
-76.87342871626059,-41.3855702126336,24.0,0.21,0.9553238302469254,9.249425353482366,0.2483978867530822,processed_ATL10-02_20240124083434_05582201_006_01.h5,0.83,Combined_25km_jan24_gt1r.csv
-76.75414427265675,-41.29829823488806,3.0,0.02,0.7347618341445923,6.895191222429276,0.2502382397651672,processed_ATL10-02_20240124083434_05582201_006_01.h5,0.14,Combined_25km_jan24_gt1r.csv
-77.33705091079713,-41.73779037807962,27.0,0.18,1.1234313978089228,35.780186868376205,0.4297953248023987,processed_ATL10-02_20240124083434_05582201_006_01.h5,0.72,Combined_25km_jan24_gt1r.csv
-77.09864061069219,-41.55380321316192,27.0,0.13,0.9988396101527744,23.60076953967412,0.3446190953254699,processed_ATL10-02_20240124083434_05582201_006_01.h5,0.54,Combined_25km_jan24_gt1r.csv
-76.87342871626059,-41.3855702126336,24.0,0.21,0.9553238302469254,9.249425353482366,0.2483978867530822,processed_ATL10-02_20240124083434_05582201_006_01.h5,0.83,Combined_25km_jan24_gt1r.csv
-76.75414427265675,-41.29829823488806,3.0,0.02,0.7347618341445923,6.895191222429276,0.2502382397651672,processed_ATL10-02_20240124083434_05582201_006_01.h5,0.14,Combined_25km_jan24_gt1r.csv
-77.06612750740496,-35.01533846850769,27.0,0.32,1.178028192785051,17.39301470418771,0.3390330672264099,processed_ATL10-02_20240124210853_05662201_006_01.h5,1.23,Combined_25km_jan24_gt1r.csv
-76.84091541707949,-35.183535101610914,24.0,0.27,1.0629172027111051,11.766438814811409,0.2970021963119507,processed_ATL10-02_20240124210853_05662201_006_01.h5,1.04,Combined_25km_jan24_gt1r.csv
-76.61559677946057,-35.34654106610745,27.0,0.23,0.8386049032211303,1.1692141079240377,0.1856990456581115,processed_ATL10-02_20240124210853_05662201_006_01.h5,0.9,Combined_25km_jan24_gt1r.csv
-76.39017822810362,-35.504842432759304,24.0,0.19,0.9800256405557904,7.211257395101711,0.2518004775047302,processed_ATL10-02_20240124210853_05662201_006_01.h5,0.75,Combined_25km_jan24_gt1r.csv
-76.16468794838381,-35.65849670240695,27.0,0.22,1.0643375686236791,7.878065440389845,0.2546636760234833,processed_ATL10-02_20240124210853_05662201_006_01.h5,0.86,Combined_25km_jan24_gt1r.csv
-75.93914527353468,-35.80794740455313,24.0,0.12,0.8369366675615311,9.641658468171954,0.2112060636281967,processed_ATL10-02_20240124210853_05662201_006_01.h5,0.5,Combined_25km_jan24_gt1r.csv
-75.71351342232134,-35.95330104995191,27.0,0.17,0.8454083278775215,2.838364370270736,0.1890684962272644,processed_ATL10-02_20240124210853_05662201_006_01.h5,0.68,Combined_25km_jan24_gt1r.csv
-75.48939292280048,-36.09372704745502,24.0,0.17,0.9666061103343964,0.7976459601195529,0.1356711834669113,processed_ATL10-02_20240124210853_05662201_006_01.h5,0.68,Combined_25km_jan24_gt1r.csv
-75.26244576234755,-36.23172606381515,27.0,0.14,0.6965563595294952,1.4615355266465082,0.1382294297218322,processed_ATL10-02_20240124210853_05662201_006_01.h5,0.57,Combined_25km_jan24_gt1r.csv
-75.07093294897939,-36.34527400247517,15.0,0.11,0.8237919012705485,2.796141430735588,0.1427460014820099,processed_ATL10-02_20240124210853_05662201_006_01.h5,0.46,Combined_25km_jan24_gt1r.csv
-77.06612750740496,-35.01533846850769,27.0,0.32,1.178028192785051,17.39301470418771,0.3390330672264099,processed_ATL10-02_20240124210853_05662201_006_01.h5,1.23,Combined_25km_jan24_gt1r.csv
-76.84091541707949,-35.183535101610914,24.0,0.27,1.0629172027111051,11.766438814811409,0.2970021963119507,processed_ATL10-02_20240124210853_05662201_006_01.h5,1.04,Combined_25km_jan24_gt1r.csv
-76.61559677946057,-35.34654106610745,27.0,0.23,0.8386049032211303,1.1692141079240377,0.1856990456581115,processed_ATL10-02_20240124210853_05662201_006_01.h5,0.9,Combined_25km_jan24_gt1r.csv
-76.39017822810362,-35.504842432759304,24.0,0.19,0.9800256405557904,7.211257395101711,0.2518004775047302,processed_ATL10-02_20240124210853_05662201_006_01.h5,0.75,Combined_25km_jan24_gt1r.csv
-76.16468794838381,-35.65849670240695,27.0,0.22,1.0643375686236791,7.878065440389845,0.2546636760234833,processed_ATL10-02_20240124210853_05662201_006_01.h5,0.86,Combined_25km_jan24_gt1r.csv
-75.93914527353468,-35.80794740455313,24.0,0.12,0.8369366675615311,9.641658468171954,0.2112060636281967,processed_ATL10-02_20240124210853_05662201_006_01.h5,0.5,Combined_25km_jan24_gt1r.csv
-75.71351342232134,-35.95330104995191,27.0,0.17,0.8454083278775215,2.838364370270736,0.1890684962272644,processed_ATL10-02_20240124210853_05662201_006_01.h5,0.68,Combined_25km_jan24_gt1r.csv
-75.48939292280048,-36.09372704745502,24.0,0.17,0.9666061103343964,0.7976459601195529,0.1356711834669113,processed_ATL10-02_20240124210853_05662201_006_01.h5,0.68,Combined_25km_jan24_gt1r.csv
-75.26244576234755,-36.23172606381515,27.0,0.14,0.6965563595294952,1.4615355266465082,0.1382294297218322,processed_ATL10-02_20240124210853_05662201_006_01.h5,0.57,Combined_25km_jan24_gt1r.csv
-75.07093294897939,-36.34527400247517,15.0,0.11,0.8237919012705485,2.796141430735588,0.1427460014820099,processed_ATL10-02_20240124210853_05662201_006_01.h5,0.46,Combined_25km_jan24_gt1r.csv
-77.47585056540719,-36.13899314701677,18.0,0.06,0.7132823914289474,3.8340908785661054,0.1530350893735885,processed_ATL10-02_20240125080854_05732201_006_01.h5,0.28,Combined_25km_jan24_gt1r.csv
-77.27000908925373,-35.97528421082278,27.0,0.16,0.7953466773033142,3.87037412987815,0.1876789480447769,processed_ATL10-02_20240125080854_05732201_006_01.h5,0.65,Combined_25km_jan24_gt1r.csv
-77.0448802999195,-35.80177621248157,24.0,0.1,0.7157313466072083,4.55787101527676,0.1827020645141601,processed_ATL10-02_20240125080854_05732201_006_01.h5,0.43,Combined_25km_jan24_gt1r.csv
-76.8974095324276,-35.69108860315512,6.0,0.03,0.8855237364768982,5.595595017075539,0.216180145740509,processed_ATL10-02_20240125080854_05732201_006_01.h5,0.18,Combined_25km_jan24_gt1r.csv
-76.59351225614665,-35.47072525301516,24.0,0.16,0.8539649546146393,1.0136277007404717,0.1739637702703476,processed_ATL10-02_20240125080854_05732201_006_01.h5,0.65,Combined_25km_jan24_gt1r.csv
-76.3688488068397,-35.31371489624764,27.0,0.14,0.9104494537625994,5.793733325683409,0.2122037857770919,processed_ATL10-02_20240125080854_05732201_006_01.h5,0.57,Combined_25km_jan24_gt1r.csv
-76.1434114606999,-35.16070620625124,24.0,0.24,1.124937849385398,12.165254354476929,0.2807135581970215,processed_ATL10-02_20240125080854_05732201_006_01.h5,0.94,Combined_25km_jan24_gt1r.csv
-75.91783277600503,-35.01192437137877,27.0,0.3,1.0358913607067533,8.378273709159759,0.2388746738433838,processed_ATL10-02_20240125080854_05732201_006_01.h5,1.15,Combined_25km_jan24_gt1r.csv
-75.69220087566666,-34.86693645663908,24.0,0.17,0.8823937773704529,2.3221026931423694,0.1980524957180023,processed_ATL10-02_20240125080854_05732201_006_01.h5,0.68,Combined_25km_jan24_gt1r.csv
-75.46645253669017,-34.72564595595744,27.0,0.17,0.962431271870931,4.96293967589736,0.2087532728910446,processed_ATL10-02_20240125080854_05732201_006_01.h5,0.68,Combined_25km_jan24_gt1r.csv
-75.2407317761413,-34.58797741022201,24.0,0.09,0.821992352604866,5.114993231836706,0.1989785134792328,processed_ATL10-02_20240125080854_05732201_006_01.h5,0.39,Combined_25km_jan24_gt1r.csv
-75.0148729636055,-34.45407387988077,27.0,0.19,1.0837118864059447,3.3688529084126158,0.1729783862829208,processed_ATL10-02_20240125080854_05732201_006_01.h5,0.75,Combined_25km_jan24_gt1r.csv
-74.78894935916608,-34.32386621346758,24.0,0.22,0.7676591277122498,1.6866652644239366,0.1480335742235183,processed_ATL10-02_20240125080854_05732201_006_01.h5,0.86,Combined_25km_jan24_gt1r.csv
-74.5627877570334,-34.19717945056406,27.0,0.12,0.8530416041612625,6.208350737061766,0.1979488730430603,processed_ATL10-02_20240125080854_05732201_006_01.h5,0.5,Combined_25km_jan24_gt1r.csv
-74.08024797705276,-33.9371542909106,21.0,0.25,,0.0,0.1582568138837814,processed_ATL10-02_20240125080854_05732201_006_01.h5,0.97,Combined_25km_jan24_gt1r.csv
-77.47585056540719,-36.13899314701677,18.0,0.06,0.7132823914289474,3.8340908785661054,0.1530350893735885,processed_ATL10-02_20240125080854_05732201_006_01.h5,0.28,Combined_25km_jan24_gt1r.csv
-77.27000908925373,-35.97528421082278,27.0,0.16,0.7953466773033142,3.87037412987815,0.1876789480447769,processed_ATL10-02_20240125080854_05732201_006_01.h5,0.65,Combined_25km_jan24_gt1r.csv
-77.0448802999195,-35.80177621248157,24.0,0.1,0.7157313466072083,4.55787101527676,0.1827020645141601,processed_ATL10-02_20240125080854_05732201_006_01.h5,0.43,Combined_25km_jan24_gt1r.csv
-76.8974095324276,-35.69108860315512,6.0,0.03,0.8855237364768982,5.595595017075539,0.216180145740509,processed_ATL10-02_20240125080854_05732201_006_01.h5,0.18,Combined_25km_jan24_gt1r.csv
-76.59351225614665,-35.47072525301516,24.0,0.16,0.8539649546146393,1.0136277007404717,0.1739637702703476,processed_ATL10-02_20240125080854_05732201_006_01.h5,0.65,Combined_25km_jan24_gt1r.csv
-76.3688488068397,-35.31371489624764,27.0,0.14,0.9104494537625994,5.793733325683409,0.2122037857770919,processed_ATL10-02_20240125080854_05732201_006_01.h5,0.57,Combined_25km_jan24_gt1r.csv
-76.1434114606999,-35.16070620625124,24.0,0.24,1.124937849385398,12.165254354476929,0.2807135581970215,processed_ATL10-02_20240125080854_05732201_006_01.h5,0.94,Combined_25km_jan24_gt1r.csv
-75.91783277600503,-35.01192437137877,27.0,0.3,1.0358913607067533,8.378273709159759,0.2388746738433838,processed_ATL10-02_20240125080854_05732201_006_01.h5,1.15,Combined_25km_jan24_gt1r.csv
-75.69220087566666,-34.86693645663908,24.0,0.17,0.8823937773704529,2.3221026931423694,0.1980524957180023,processed_ATL10-02_20240125080854_05732201_006_01.h5,0.68,Combined_25km_jan24_gt1r.csv
-75.46645253669017,-34.72564595595744,27.0,0.17,0.962431271870931,4.96293967589736,0.2087532728910446,processed_ATL10-02_20240125080854_05732201_006_01.h5,0.68,Combined_25km_jan24_gt1r.csv
-75.2407317761413,-34.58797741022201,24.0,0.09,0.821992352604866,5.114993231836706,0.1989785134792328,processed_ATL10-02_20240125080854_05732201_006_01.h5,0.39,Combined_25km_jan24_gt1r.csv
-75.0148729636055,-34.45407387988077,27.0,0.19,1.0837118864059447,3.3688529084126158,0.1729783862829208,processed_ATL10-02_20240125080854_05732201_006_01.h5,0.75,Combined_25km_jan24_gt1r.csv
-74.78894935916608,-34.32386621346758,24.0,0.22,0.7676591277122498,1.6866652644239366,0.1480335742235183,processed_ATL10-02_20240125080854_05732201_006_01.h5,0.86,Combined_25km_jan24_gt1r.csv
-74.5627877570334,-34.19717945056406,27.0,0.12,0.8530416041612625,6.208350737061766,0.1979488730430603,processed_ATL10-02_20240125080854_05732201_006_01.h5,0.5,Combined_25km_jan24_gt1r.csv
-74.08024797705276,-33.9371542909106,21.0,0.25,,0.0,0.1582568138837814,processed_ATL10-02_20240125080854_05732201_006_01.h5,0.97,Combined_25km_jan24_gt1r.csv
-75.81319676906894,-30.178724312437527,27.0,0.2,1.0020484427611034,7.788706819216411,0.2294234931468963,processed_ATL10-02_20240125204313_05812201_006_01.h5,0.79,Combined_25km_jan24_gt1r.csv
-75.58819432562984,-30.321432664318564,24.0,0.08,0.8047412208148411,6.004384130937979,0.1775592565536499,processed_ATL10-02_20240125204313_05812201_006_01.h5,0.36,Combined_25km_jan24_gt1r.csv
-75.36236421079232,-30.460778946137783,27.0,0.14,0.9334602355957032,2.783448606108626,0.1422875374555587,processed_ATL10-02_20240125204313_05812201_006_01.h5,0.57,Combined_25km_jan24_gt1r.csv
-75.13595266574858,-30.59695421817814,24.0,0.05,0.7788872718811035,2.680360502563417,0.1706123054027557,processed_ATL10-02_20240125204313_05812201_006_01.h5,0.25,Combined_25km_jan24_gt1r.csv
-74.90966335599477,-30.72942900434404,27.0,0.12,0.8735319707128737,5.434297159728077,0.2160591930150985,processed_ATL10-02_20240125204313_05812201_006_01.h5,0.5,Combined_25km_jan24_gt1r.csv
-74.68374366410869,-30.858287668021767,24.0,0.11,0.86261385679245,12.596059212228283,0.2391922771930694,processed_ATL10-02_20240125204313_05812201_006_01.h5,0.46,Combined_25km_jan24_gt1r.csv
-74.45774244452484,-30.98374578469192,27.0,0.05,0.7559233382344246,4.442435358133581,0.1802421659231186,processed_ATL10-02_20240125204313_05812201_006_01.h5,0.25,Combined_25km_jan24_gt1r.csv
-74.23167125520567,-31.10604449347967,24.0,0.06,0.7436920574733189,2.4106188968289644,0.1740117073059082,processed_ATL10-02_20240125204313_05812201_006_01.h5,0.28,Combined_25km_jan24_gt1r.csv
-74.00557340514911,-31.225246571284394,27.0,0.11,0.8740202320946587,12.7325395329131,0.241957351565361,processed_ATL10-02_20240125204313_05812201_006_01.h5,0.46,Combined_25km_jan24_gt1r.csv
-75.81319676906894,-30.178724312437527,27.0,0.2,1.0020484427611034,7.788706819216411,0.2294234931468963,processed_ATL10-02_20240125204313_05812201_006_01.h5,0.79,Combined_25km_jan24_gt1r.csv
-75.58819432562984,-30.321432664318564,24.0,0.08,0.8047412208148411,6.004384130937979,0.1775592565536499,processed_ATL10-02_20240125204313_05812201_006_01.h5,0.36,Combined_25km_jan24_gt1r.csv
-75.36236421079232,-30.460778946137783,27.0,0.14,0.9334602355957032,2.783448606108626,0.1422875374555587,processed_ATL10-02_20240125204313_05812201_006_01.h5,0.57,Combined_25km_jan24_gt1r.csv
-75.13595266574858,-30.59695421817814,24.0,0.05,0.7788872718811035,2.680360502563417,0.1706123054027557,processed_ATL10-02_20240125204313_05812201_006_01.h5,0.25,Combined_25km_jan24_gt1r.csv
-74.90966335599477,-30.72942900434404,27.0,0.12,0.8735319707128737,5.434297159728077,0.2160591930150985,processed_ATL10-02_20240125204313_05812201_006_01.h5,0.5,Combined_25km_jan24_gt1r.csv
-74.68374366410869,-30.858287668021767,24.0,0.11,0.86261385679245,12.596059212228283,0.2391922771930694,processed_ATL10-02_20240125204313_05812201_006_01.h5,0.46,Combined_25km_jan24_gt1r.csv
-74.45774244452484,-30.98374578469192,27.0,0.05,0.7559233382344246,4.442435358133581,0.1802421659231186,processed_ATL10-02_20240125204313_05812201_006_01.h5,0.25,Combined_25km_jan24_gt1r.csv
-74.23167125520567,-31.10604449347967,24.0,0.06,0.7436920574733189,2.4106188968289644,0.1740117073059082,processed_ATL10-02_20240125204313_05812201_006_01.h5,0.28,Combined_25km_jan24_gt1r.csv
-74.00557340514911,-31.225246571284394,27.0,0.11,0.8740202320946587,12.7325395329131,0.241957351565361,processed_ATL10-02_20240125204313_05812201_006_01.h5,0.46,Combined_25km_jan24_gt1r.csv
-73.2190121279905,-27.792914894895564,18.0,0.12,0.7538962811231613,2.48289053949217,0.1464970111846923,processed_ATL10-02_20240126074312_05882201_006_01.h5,0.5,Combined_25km_jan24_gt1r.csv
-73.02818518782307,-27.70222608395997,21.0,0.06,0.9812384486198426,6.0084119239555935,0.2037293612957,processed_ATL10-02_20240126074312_05882201_006_01.h5,0.28,Combined_25km_jan24_gt1r.csv
-73.2190121279905,-27.792914894895564,18.0,0.12,0.7538962811231613,2.48289053949217,0.1464970111846923,processed_ATL10-02_20240126074312_05882201_006_01.h5,0.5,Combined_25km_jan24_gt1r.csv
-73.02818518782307,-27.70222608395997,21.0,0.06,0.9812384486198426,6.0084119239555935,0.2037293612957,processed_ATL10-02_20240126074312_05882201_006_01.h5,0.28,Combined_25km_jan24_gt1r.csv
-71.71680256797221,-26.580565029163573,24.0,0.1,0.7599167823791504,0.0968951440881937,0.0885421931743621,processed_ATL10-02_20240126201732_05962201_006_01.h5,0.43,Combined_25km_jan24_gt1r.csv
-71.49567318768173,-26.671900737903048,15.0,0.11,0.7803585529327393,0.8071593195199966,0.0936828628182411,processed_ATL10-02_20240126201732_05962201_006_01.h5,0.46,Combined_25km_jan24_gt1r.csv
-71.38044573087095,-26.71873711666965,3.0,0.24,,0.0,0.0540394969284534,processed_ATL10-02_20240126201732_05962201_006_01.h5,0.94,Combined_25km_jan24_gt1r.csv
-71.06135516599146,-26.84548423215622,21.0,0.12,,0.0,0.0628808289766311,processed_ATL10-02_20240126201732_05962201_006_01.h5,0.5,Combined_25km_jan24_gt1r.csv
-71.71680256797221,-26.580565029163573,24.0,0.1,0.7599167823791504,0.0968951440881937,0.0885421931743621,processed_ATL10-02_20240126201732_05962201_006_01.h5,0.43,Combined_25km_jan24_gt1r.csv
-71.49567318768173,-26.671900737903048,15.0,0.11,0.7803585529327393,0.8071593195199966,0.0936828628182411,processed_ATL10-02_20240126201732_05962201_006_01.h5,0.46,Combined_25km_jan24_gt1r.csv
-71.38044573087095,-26.71873711666965,3.0,0.24,,0.0,0.0540394969284534,processed_ATL10-02_20240126201732_05962201_006_01.h5,0.94,Combined_25km_jan24_gt1r.csv
-71.06135516599146,-26.84548423215622,21.0,0.12,,0.0,0.0628808289766311,processed_ATL10-02_20240126201732_05962201_006_01.h5,0.5,Combined_25km_jan24_gt1r.csv
-74.94202703847496,-31.488827717691336,27.0,0.16,0.8887214490345546,4.618085258536869,0.2003274708986282,processed_ATL10-02_20240129203455_06422201_006_01.h5,0.65,Combined_25km_jan24_gt1r.csv
-74.71612124096998,-31.61801562880374,24.0,0.22,0.9771892598697116,2.6401481707580388,0.1997663378715515,processed_ATL10-02_20240129203455_06422201_006_01.h5,0.86,Combined_25km_jan24_gt1r.csv
-74.53309531097666,-31.720399437998637,18.0,0.15,0.8192996680736542,1.0251422723134358,0.1599087715148925,processed_ATL10-02_20240129203455_06422201_006_01.h5,0.61,Combined_25km_jan24_gt1r.csv
-74.01246703977064,-32.00046424600465,21.0,0.32,1.1529502391815185,10.591313961361136,0.2819765508174896,processed_ATL10-02_20240129203455_06422201_006_01.h5,1.23,Combined_25km_jan24_gt1r.csv
-73.81280076041726,-32.103555067903855,21.0,0.56,1.2519969542821248,6.872901865946395,0.31673264503479,processed_ATL10-02_20240129203455_06422201_006_01.h5,2.1,Combined_25km_jan24_gt1r.csv
-73.61471926669371,-32.203715828742595,21.0,0.52,1.276385247707367,7.011246361902782,0.2643094658851623,processed_ATL10-02_20240129203455_06422201_006_01.h5,1.95,Combined_25km_jan24_gt1r.csv
-73.2661568140978,-32.37502558216897,3.0,0.13,0.9226828813552856,8.934803307056427,0.2538949847221374,processed_ATL10-02_20240129203455_06422201_006_01.h5,0.54,Combined_25km_jan24_gt1r.csv
-73.11276852330803,-32.44842919068415,21.0,0.25,0.9849303194454738,4.3281782152397295,0.239575982093811,processed_ATL10-02_20240129203455_06422201_006_01.h5,0.97,Combined_25km_jan24_gt1r.csv
-72.91324053778943,-32.54242671444513,21.0,0.27,1.018225938081741,3.337945363351277,0.2189681529998779,processed_ATL10-02_20240129203455_06422201_006_01.h5,1.04,Combined_25km_jan24_gt1r.csv
-74.94202703847496,-31.488827717691336,27.0,0.16,0.8887214490345546,4.618085258536869,0.2003274708986282,processed_ATL10-02_20240129203455_06422201_006_01.h5,0.65,Combined_25km_jan24_gt1r.csv
-74.71612124096998,-31.61801562880374,24.0,0.22,0.9771892598697116,2.6401481707580388,0.1997663378715515,processed_ATL10-02_20240129203455_06422201_006_01.h5,0.86,Combined_25km_jan24_gt1r.csv
-74.53309531097666,-31.720399437998637,18.0,0.15,0.8192996680736542,1.0251422723134358,0.1599087715148925,processed_ATL10-02_20240129203455_06422201_006_01.h5,0.61,Combined_25km_jan24_gt1r.csv
-74.01246703977064,-32.00046424600465,21.0,0.32,1.1529502391815185,10.591313961361136,0.2819765508174896,processed_ATL10-02_20240129203455_06422201_006_01.h5,1.23,Combined_25km_jan24_gt1r.csv
-73.81280076041726,-32.103555067903855,21.0,0.56,1.2519969542821248,6.872901865946395,0.31673264503479,processed_ATL10-02_20240129203455_06422201_006_01.h5,2.1,Combined_25km_jan24_gt1r.csv
-73.61471926669371,-32.203715828742595,21.0,0.52,1.276385247707367,7.011246361902782,0.2643094658851623,processed_ATL10-02_20240129203455_06422201_006_01.h5,1.95,Combined_25km_jan24_gt1r.csv
-73.2661568140978,-32.37502558216897,3.0,0.13,0.9226828813552856,8.934803307056427,0.2538949847221374,processed_ATL10-02_20240129203455_06422201_006_01.h5,0.54,Combined_25km_jan24_gt1r.csv
-73.11276852330803,-32.44842919068415,21.0,0.25,0.9849303194454738,4.3281782152397295,0.239575982093811,processed_ATL10-02_20240129203455_06422201_006_01.h5,0.97,Combined_25km_jan24_gt1r.csv
-72.91324053778943,-32.54242671444513,21.0,0.27,1.018225938081741,3.337945363351277,0.2189681529998779,processed_ATL10-02_20240129203455_06422201_006_01.h5,1.04,Combined_25km_jan24_gt1r.csv
-76.3910367582634,-30.39714244108624,27.0,0.16,1.017346978187561,3.481837227526638,0.1338543891906738,processed_ATL10-02_20240130073457_06492201_006_01.h5,0.65,Combined_25km_jan24_gt1r.csv
-76.14444867111318,-30.228981735439675,18.0,0.09,0.7732316851615906,0.9149578710397084,0.0749522596597671,processed_ATL10-02_20240130073457_06492201_006_01.h5,0.39,Combined_25km_jan24_gt1r.csv
-75.93999784957413,-30.09374322435592,27.0,0.13,0.903743346532186,2.6847464446392326,0.1414498686790466,processed_ATL10-02_20240130073457_06492201_006_01.h5,0.54,Combined_25km_jan24_gt1r.csv
-75.71442085335346,-29.948487458634222,24.0,0.15,0.9462984204292296,5.201749634579755,0.2082220315933227,processed_ATL10-02_20240130073457_06492201_006_01.h5,0.61,Combined_25km_jan24_gt1r.csv
-75.4883265879594,-29.80697264535304,27.0,0.06,0.8750713616609573,3.81060503423214,0.1492489725351333,processed_ATL10-02_20240130073457_06492201_006_01.h5,0.28,Combined_25km_jan24_gt1r.csv
-75.1666363829393,-29.61199222886168,3.0,0.27,,0.0,0.1426964551210403,processed_ATL10-02_20240130073457_06492201_006_01.h5,1.04,Combined_25km_jan24_gt1r.csv
-75.03705773567212,-29.53568938952543,27.0,0.18,0.8971956272919973,5.6953314691782,0.1933680325746536,processed_ATL10-02_20240130073457_06492201_006_01.h5,0.72,Combined_25km_jan24_gt1r.csv
-74.81119250438556,-29.40515356823515,24.0,0.12,0.9235956892371178,13.27455141581595,0.2835191190242767,processed_ATL10-02_20240130073457_06492201_006_01.h5,0.5,Combined_25km_jan24_gt1r.csv
-74.58517831337657,-29.277930454646896,27.0,0.16,0.9350310787558556,7.302428637113836,0.2270771414041519,processed_ATL10-02_20240130073457_06492201_006_01.h5,0.65,Combined_25km_jan24_gt1r.csv
-74.35913312603682,-29.153825027248885,24.0,0.11,0.8298099637031555,0.8908649091608822,0.0647652745246887,processed_ATL10-02_20240130073457_06492201_006_01.h5,0.46,Combined_25km_jan24_gt1r.csv
-74.13308627241084,-29.03288995592256,27.0,0.1,0.8489857017993927,4.482761423827873,0.2190825492143631,processed_ATL10-02_20240130073457_06492201_006_01.h5,0.43,Combined_25km_jan24_gt1r.csv
-73.93353039230067,-28.92855630928497,18.0,0.14,0.9303712606430052,8.847218565642834,0.2231283634901046,processed_ATL10-02_20240130073457_06492201_006_01.h5,0.57,Combined_25km_jan24_gt1r.csv
-76.3910367582634,-30.39714244108624,27.0,0.16,1.017346978187561,3.481837227526638,0.1338543891906738,processed_ATL10-02_20240130073457_06492201_006_01.h5,0.65,Combined_25km_jan24_gt1r.csv
-76.14444867111318,-30.228981735439675,18.0,0.09,0.7732316851615906,0.9149578710397084,0.0749522596597671,processed_ATL10-02_20240130073457_06492201_006_01.h5,0.39,Combined_25km_jan24_gt1r.csv
-75.93999784957413,-30.09374322435592,27.0,0.13,0.903743346532186,2.6847464446392326,0.1414498686790466,processed_ATL10-02_20240130073457_06492201_006_01.h5,0.54,Combined_25km_jan24_gt1r.csv
-75.71442085335346,-29.948487458634222,24.0,0.15,0.9462984204292296,5.201749634579755,0.2082220315933227,processed_ATL10-02_20240130073457_06492201_006_01.h5,0.61,Combined_25km_jan24_gt1r.csv
-75.4883265879594,-29.80697264535304,27.0,0.06,0.8750713616609573,3.81060503423214,0.1492489725351333,processed_ATL10-02_20240130073457_06492201_006_01.h5,0.28,Combined_25km_jan24_gt1r.csv
-75.1666363829393,-29.61199222886168,3.0,0.27,,0.0,0.1426964551210403,processed_ATL10-02_20240130073457_06492201_006_01.h5,1.04,Combined_25km_jan24_gt1r.csv
-75.03705773567212,-29.53568938952543,27.0,0.18,0.8971956272919973,5.6953314691782,0.1933680325746536,processed_ATL10-02_20240130073457_06492201_006_01.h5,0.72,Combined_25km_jan24_gt1r.csv
-74.81119250438556,-29.40515356823515,24.0,0.12,0.9235956892371178,13.27455141581595,0.2835191190242767,processed_ATL10-02_20240130073457_06492201_006_01.h5,0.5,Combined_25km_jan24_gt1r.csv
-74.58517831337657,-29.277930454646896,27.0,0.16,0.9350310787558556,7.302428637113836,0.2270771414041519,processed_ATL10-02_20240130073457_06492201_006_01.h5,0.65,Combined_25km_jan24_gt1r.csv
-74.35913312603682,-29.153825027248885,24.0,0.11,0.8298099637031555,0.8908649091608822,0.0647652745246887,processed_ATL10-02_20240130073457_06492201_006_01.h5,0.46,Combined_25km_jan24_gt1r.csv
-74.13308627241084,-29.03288995592256,27.0,0.1,0.8489857017993927,4.482761423827873,0.2190825492143631,processed_ATL10-02_20240130073457_06492201_006_01.h5,0.43,Combined_25km_jan24_gt1r.csv
-73.93353039230067,-28.92855630928497,18.0,0.14,0.9303712606430052,8.847218565642834,0.2231283634901046,processed_ATL10-02_20240130073457_06492201_006_01.h5,0.57,Combined_25km_jan24_gt1r.csv
-74.29251136894962,-26.140316095966188,27.0,0.04,0.8310429215431213,10.077121460603344,0.1649299412965774,processed_ATL10-02_20240130200916_06572201_006_01.h5,0.21,Combined_25km_jan24_gt1r.csv
-74.06636419405483,-26.260585923742337,24.0,0.04,0.8305554762482643,13.373390026390553,0.2669081687927246,processed_ATL10-02_20240130200916_06572201_006_01.h5,0.21,Combined_25km_jan24_gt1r.csv
-73.84029196509216,-26.377837750838573,27.0,0.06,1.029165542125702,4.192725569009781,0.1694020181894302,processed_ATL10-02_20240130200916_06572201_006_01.h5,0.28,Combined_25km_jan24_gt1r.csv
-73.61403004210119,-26.492519381927018,24.0,0.18,0.949057960510254,12.21672353858594,0.232059508562088,processed_ATL10-02_20240130200916_06572201_006_01.h5,0.72,Combined_25km_jan24_gt1r.csv
-73.38776123261842,-26.604474835658397,27.0,0.04,0.8055780231952667,4.550872205032243,0.1852244287729263,processed_ATL10-02_20240130200916_06572201_006_01.h5,0.21,Combined_25km_jan24_gt1r.csv
-73.17531857099685,-26.707293953209604,21.0,0.06,0.8869295205388751,9.055193433804172,0.2577197849750519,processed_ATL10-02_20240130200916_06572201_006_01.h5,0.28,Combined_25km_jan24_gt1r.csv
-72.99543330378698,-26.792650060504144,9.0,0.04,,0.0,0.0154544962570071,processed_ATL10-02_20240130200916_06572201_006_01.h5,0.21,Combined_25km_jan24_gt1r.csv
-72.39919274543095,-27.06504259723777,6.0,0.16,,0.0,0.1088334321975708,processed_ATL10-02_20240130200916_06572201_006_01.h5,0.65,Combined_25km_jan24_gt1r.csv
-74.29251136894962,-26.140316095966188,27.0,0.04,0.8310429215431213,10.077121460603344,0.1649299412965774,processed_ATL10-02_20240130200916_06572201_006_01.h5,0.21,Combined_25km_jan24_gt1r.csv
-74.06636419405483,-26.260585923742337,24.0,0.04,0.8305554762482643,13.373390026390553,0.2669081687927246,processed_ATL10-02_20240130200916_06572201_006_01.h5,0.21,Combined_25km_jan24_gt1r.csv
-73.84029196509216,-26.377837750838573,27.0,0.06,1.029165542125702,4.192725569009781,0.1694020181894302,processed_ATL10-02_20240130200916_06572201_006_01.h5,0.28,Combined_25km_jan24_gt1r.csv
-73.61403004210119,-26.492519381927018,24.0,0.18,0.949057960510254,12.21672353858594,0.232059508562088,processed_ATL10-02_20240130200916_06572201_006_01.h5,0.72,Combined_25km_jan24_gt1r.csv
-73.38776123261842,-26.604474835658397,27.0,0.04,0.8055780231952667,4.550872205032243,0.1852244287729263,processed_ATL10-02_20240130200916_06572201_006_01.h5,0.21,Combined_25km_jan24_gt1r.csv
-73.17531857099685,-26.707293953209604,21.0,0.06,0.8869295205388751,9.055193433804172,0.2577197849750519,processed_ATL10-02_20240130200916_06572201_006_01.h5,0.28,Combined_25km_jan24_gt1r.csv
-72.99543330378698,-26.792650060504144,9.0,0.04,,0.0,0.0154544962570071,processed_ATL10-02_20240130200916_06572201_006_01.h5,0.21,Combined_25km_jan24_gt1r.csv
-72.39919274543095,-27.06504259723777,6.0,0.16,,0.0,0.1088334321975708,processed_ATL10-02_20240130200916_06572201_006_01.h5,0.65,Combined_25km_jan24_gt1r.csv
-77.33671244834012,-42.077398464479344,27.0,0.41,1.2576554351382785,12.471554055809976,0.3394168317317962,processed_ATL10-02_20240131211753_06732201_006_01.h5,1.55,Combined_25km_jan24_gt1r.csv
-77.09836785993613,-42.26234535128472,27.0,0.5,1.3465330468283758,16.12304820575648,0.3717792630195617,processed_ATL10-02_20240131211753_06732201_006_01.h5,1.88,Combined_25km_jan24_gt1r.csv
-76.8731956262238,-42.43153049895619,24.0,0.29,1.0782872140407562,9.607377205975354,0.2758545875549316,processed_ATL10-02_20240131211753_06732201_006_01.h5,1.12,Combined_25km_jan24_gt1r.csv
-76.64786535647698,-42.595500035011554,27.0,0.3,1.0590041279792786,6.003987530453338,0.2321194559335708,processed_ATL10-02_20240131211753_06732201_006_01.h5,1.15,Combined_25km_jan24_gt1r.csv
-76.42247017714342,-42.75464850352876,24.0,0.34,1.1388366222381592,5.521611031144857,0.263622373342514,processed_ATL10-02_20240131211753_06732201_006_01.h5,1.3,Combined_25km_jan24_gt1r.csv
-76.21027738864831,-42.90012540005067,24.0,0.37,1.1813730746507645,10.742435744032264,0.2871869504451751,processed_ATL10-02_20240131211753_06732201_006_01.h5,1.41,Combined_25km_jan24_gt1r.csv
-75.98474130564756,-43.05039653894616,27.0,0.39,1.2216947740978663,5.804075952619314,0.255047082901001,processed_ATL10-02_20240131211753_06732201_006_01.h5,1.48,Combined_25km_jan24_gt1r.csv
-75.75065434981335,-43.20184701436588,24.0,0.27,1.1279718726873398,20.28434444218874,0.3397654592990875,processed_ATL10-02_20240131211753_06732201_006_01.h5,1.04,Combined_25km_jan24_gt1r.csv
-75.52015176723897,-43.34673275284105,24.0,0.29,1.19657651335001,16.72941455617547,0.3502312898635864,processed_ATL10-02_20240131211753_06732201_006_01.h5,1.12,Combined_25km_jan24_gt1r.csv
-75.30764605644686,-43.476688752515486,24.0,0.29,1.0882219246455602,3.0110258667264134,0.2041800618171692,processed_ATL10-02_20240131211753_06732201_006_01.h5,1.12,Combined_25km_jan24_gt1r.csv
-75.0818089628111,-43.61125568846801,27.0,0.29,1.059647387928433,2.904015908845597,0.2068066447973251,processed_ATL10-02_20240131211753_06732201_006_01.h5,1.12,Combined_25km_jan24_gt1r.csv
-74.85590024879663,-43.74238527942529,24.0,0.23,0.9463642495019096,2.2042550874175504,0.182652398943901,processed_ATL10-02_20240131211753_06732201_006_01.h5,0.9,Combined_25km_jan24_gt1r.csv
-74.62996249455925,-43.87012551387253,27.0,0.21,0.9365611791610716,2.5077441836603813,0.1671770364046096,processed_ATL10-02_20240131211753_06732201_006_01.h5,0.83,Combined_25km_jan24_gt1r.csv
-74.40394667133478,-43.99477916379149,24.0,0.17,0.9670960903167723,5.216139031108469,0.2046575844287872,processed_ATL10-02_20240131211753_06732201_006_01.h5,0.68,Combined_25km_jan24_gt1r.csv
-74.17787705196037,-44.11634264009502,27.0,0.23,0.9651820063591005,5.041608431686957,0.2104305177927017,processed_ATL10-02_20240131211753_06732201_006_01.h5,0.9,Combined_25km_jan24_gt1r.csv
-73.95176059038315,-44.23504920946922,24.0,0.24,1.020399401585261,3.140034645912237,0.1925650537014007,processed_ATL10-02_20240131211753_06732201_006_01.h5,0.94,Combined_25km_jan24_gt1r.csv
-73.72567499046914,-44.3507834856741,27.0,0.31,0.992920422554016,1.2966503699620564,0.1709031611680984,processed_ATL10-02_20240131211753_06732201_006_01.h5,1.19,Combined_25km_jan24_gt1r.csv
-73.49940661830927,-44.46396463635708,24.0,0.17,0.9263479028429304,3.2808121672132984,0.211838811635971,processed_ATL10-02_20240131211753_06732201_006_01.h5,0.68,Combined_25km_jan24_gt1r.csv
-73.27315398299167,-44.57455303247513,27.0,0.14,0.9887272516886392,3.588954859878868,0.2557100653648376,processed_ATL10-02_20240131211753_06732201_006_01.h5,0.57,Combined_25km_jan24_gt1r.csv
-73.05159073911565,-44.68041932845428,21.0,0.32,1.0638727396726608,4.684987936967185,0.2300487756729126,processed_ATL10-02_20240131211753_06732201_006_01.h5,1.23,Combined_25km_jan24_gt1r.csv
-77.33671244834012,-42.077398464479344,27.0,0.41,1.2576554351382785,12.471554055809976,0.3394168317317962,processed_ATL10-02_20240131211753_06732201_006_01.h5,1.55,Combined_25km_jan24_gt1r.csv
-77.09836785993613,-42.26234535128472,27.0,0.5,1.3465330468283758,16.12304820575648,0.3717792630195617,processed_ATL10-02_20240131211753_06732201_006_01.h5,1.88,Combined_25km_jan24_gt1r.csv
-76.8731956262238,-42.43153049895619,24.0,0.29,1.0782872140407562,9.607377205975354,0.2758545875549316,processed_ATL10-02_20240131211753_06732201_006_01.h5,1.12,Combined_25km_jan24_gt1r.csv
-76.64786535647698,-42.595500035011554,27.0,0.3,1.0590041279792786,6.003987530453338,0.2321194559335708,processed_ATL10-02_20240131211753_06732201_006_01.h5,1.15,Combined_25km_jan24_gt1r.csv
-76.42247017714342,-42.75464850352876,24.0,0.34,1.1388366222381592,5.521611031144857,0.263622373342514,processed_ATL10-02_20240131211753_06732201_006_01.h5,1.3,Combined_25km_jan24_gt1r.csv
-76.21027738864831,-42.90012540005067,24.0,0.37,1.1813730746507645,10.742435744032264,0.2871869504451751,processed_ATL10-02_20240131211753_06732201_006_01.h5,1.41,Combined_25km_jan24_gt1r.csv
-75.98474130564756,-43.05039653894616,27.0,0.39,1.2216947740978663,5.804075952619314,0.255047082901001,processed_ATL10-02_20240131211753_06732201_006_01.h5,1.48,Combined_25km_jan24_gt1r.csv
-75.75065434981335,-43.20184701436588,24.0,0.27,1.1279718726873398,20.28434444218874,0.3397654592990875,processed_ATL10-02_20240131211753_06732201_006_01.h5,1.04,Combined_25km_jan24_gt1r.csv
-75.52015176723897,-43.34673275284105,24.0,0.29,1.19657651335001,16.72941455617547,0.3502312898635864,processed_ATL10-02_20240131211753_06732201_006_01.h5,1.12,Combined_25km_jan24_gt1r.csv
-75.30764605644686,-43.476688752515486,24.0,0.29,1.0882219246455602,3.0110258667264134,0.2041800618171692,processed_ATL10-02_20240131211753_06732201_006_01.h5,1.12,Combined_25km_jan24_gt1r.csv
-75.0818089628111,-43.61125568846801,27.0,0.29,1.059647387928433,2.904015908845597,0.2068066447973251,processed_ATL10-02_20240131211753_06732201_006_01.h5,1.12,Combined_25km_jan24_gt1r.csv
-74.85590024879663,-43.74238527942529,24.0,0.23,0.9463642495019096,2.2042550874175504,0.182652398943901,processed_ATL10-02_20240131211753_06732201_006_01.h5,0.9,Combined_25km_jan24_gt1r.csv
-74.62996249455925,-43.87012551387253,27.0,0.21,0.9365611791610716,2.5077441836603813,0.1671770364046096,processed_ATL10-02_20240131211753_06732201_006_01.h5,0.83,Combined_25km_jan24_gt1r.csv
-74.40394667133478,-43.99477916379149,24.0,0.17,0.9670960903167723,5.216139031108469,0.2046575844287872,processed_ATL10-02_20240131211753_06732201_006_01.h5,0.68,Combined_25km_jan24_gt1r.csv
-74.17787705196037,-44.11634264009502,27.0,0.23,0.9651820063591005,5.041608431686957,0.2104305177927017,processed_ATL10-02_20240131211753_06732201_006_01.h5,0.9,Combined_25km_jan24_gt1r.csv
-73.95176059038315,-44.23504920946922,24.0,0.24,1.020399401585261,3.140034645912237,0.1925650537014007,processed_ATL10-02_20240131211753_06732201_006_01.h5,0.94,Combined_25km_jan24_gt1r.csv
-73.72567499046914,-44.3507834856741,27.0,0.31,0.992920422554016,1.2966503699620564,0.1709031611680984,processed_ATL10-02_20240131211753_06732201_006_01.h5,1.19,Combined_25km_jan24_gt1r.csv
-73.49940661830927,-44.46396463635708,24.0,0.17,0.9263479028429304,3.2808121672132984,0.211838811635971,processed_ATL10-02_20240131211753_06732201_006_01.h5,0.68,Combined_25km_jan24_gt1r.csv
-73.27315398299167,-44.57455303247513,27.0,0.14,0.9887272516886392,3.588954859878868,0.2557100653648376,processed_ATL10-02_20240131211753_06732201_006_01.h5,0.57,Combined_25km_jan24_gt1r.csv
-73.05159073911565,-44.68041932845428,21.0,0.32,1.0638727396726608,4.684987936967185,0.2300487756729126,processed_ATL10-02_20240131211753_06732201_006_01.h5,1.23,Combined_25km_jan24_gt1r.csv
-74.54102116109857,-26.1502156363838,27.0,0.08,0.8662486672401428,2.487576426938176,0.1269398629665374,processed_ATL10-02_20240101213326_02152201_006_01.h5,0.36,Combined_25km_jan24_gt2r.csv
-74.31546257919172,-26.27513011342397,24.0,0.04,0.6857883334159851,0.0542016176041215,0.0406590066850185,processed_ATL10-02_20240101213326_02152201_006_01.h5,0.21,Combined_25km_jan24_gt2r.csv
-74.08891425154863,-26.397459781520823,27.0,0.12,0.8850521544615427,8.268493703669971,0.1943707168102264,processed_ATL10-02_20240101213326_02152201_006_01.h5,0.5,Combined_25km_jan24_gt2r.csv
-74.54102116109857,-26.1502156363838,27.0,0.08,0.8662486672401428,2.487576426938176,0.1269398629665374,processed_ATL10-02_20240101213326_02152201_006_01.h5,0.36,Combined_25km_jan24_gt2r.csv
-74.31546257919172,-26.27513011342397,24.0,0.04,0.6857883334159851,0.0542016176041215,0.0406590066850185,processed_ATL10-02_20240101213326_02152201_006_01.h5,0.21,Combined_25km_jan24_gt2r.csv
-74.08891425154863,-26.397459781520823,27.0,0.12,0.8850521544615427,8.268493703669971,0.1943707168102264,processed_ATL10-02_20240101213326_02152201_006_01.h5,0.5,Combined_25km_jan24_gt2r.csv
-63.69385046586356,-43.62148214803419,3.0,0.02,,0.0,0.0135402977466583,processed_ATL10-02_20240102100745_02232201_006_01.h5,0.14,Combined_25km_jan24_gt2r.csv
-63.69385046586356,-43.62148214803419,3.0,0.02,,0.0,0.0135402977466583,processed_ATL10-02_20240102100745_02232201_006_01.h5,0.14,Combined_25km_jan24_gt2r.csv
-72.65100320253751,-21.398686651599697,21.0,0.12,0.9002828200658163,7.354192262781518,0.1611836403608322,processed_ATL10-02_20240102210747_02302201_006_01.h5,0.5,Combined_25km_jan24_gt2r.csv
-72.65100320253751,-21.398686651599697,21.0,0.12,0.9002828200658163,7.354192262781518,0.1611836403608322,processed_ATL10-02_20240102210747_02302201_006_01.h5,0.5,Combined_25km_jan24_gt2r.csv
-75.64072864446902,-43.40808387473288,27.0,0.22,1.0388247296214104,6.733792461454868,0.2367092818021774,processed_ATL10-02_20240102224204_02312201_006_01.h5,0.86,Combined_25km_jan24_gt2r.csv
-75.41510790183222,-43.55004547348996,24.0,0.2,0.8808222860097885,5.988184839952737,0.1926456540822982,processed_ATL10-02_20240102224204_02312201_006_01.h5,0.79,Combined_25km_jan24_gt2r.csv
-75.18929381049728,-43.68821152748982,27.0,0.29,1.047419183784061,4.132155134963493,0.2375161349773407,processed_ATL10-02_20240102224204_02312201_006_01.h5,1.12,Combined_25km_jan24_gt2r.csv
-74.96351504955905,-43.82277689732903,24.0,0.26,0.9310975472132365,1.705448335269466,0.1927481889724731,processed_ATL10-02_20240102224204_02312201_006_01.h5,1.01,Combined_25km_jan24_gt2r.csv
-74.73761172213771,-43.9538377517185,27.0,0.3,0.966367706656456,1.972841326561239,0.1662685573101043,processed_ATL10-02_20240102224204_02312201_006_01.h5,1.15,Combined_25km_jan24_gt2r.csv
-74.51169236902408,-44.08160325001492,24.0,0.26,0.8935129642486572,0.6595269311219454,0.1555098742246627,processed_ATL10-02_20240102224204_02312201_006_01.h5,1.01,Combined_25km_jan24_gt2r.csv
-74.28566535608317,-44.20616555018924,27.0,0.29,0.9745487769444784,1.0074393254601293,0.1809761375188827,processed_ATL10-02_20240102224204_02312201_006_01.h5,1.12,Combined_25km_jan24_gt2r.csv
-74.05961380361596,-44.32776681085684,24.0,0.29,1.014068935598646,3.188062517438084,0.2061727195978164,processed_ATL10-02_20240102224204_02312201_006_01.h5,1.12,Combined_25km_jan24_gt2r.csv
-73.83350181616234,-44.44643257930857,27.0,0.18,0.9980267658829688,4.7007213243179855,0.2211664915084839,processed_ATL10-02_20240102224204_02312201_006_01.h5,0.72,Combined_25km_jan24_gt2r.csv
-73.60734896747874,-44.5623848238547,24.0,0.22,0.99414381810597,3.5974597558379173,0.2210917174816131,processed_ATL10-02_20240102224204_02312201_006_01.h5,0.86,Combined_25km_jan24_gt2r.csv
-73.38114380564846,-44.67558579256778,27.0,0.23,0.9728106430598668,3.633619886305597,0.2092041373252868,processed_ATL10-02_20240102224204_02312201_006_01.h5,0.9,Combined_25km_jan24_gt2r.csv
-75.64072864446902,-43.40808387473288,27.0,0.22,1.0388247296214104,6.733792461454868,0.2367092818021774,processed_ATL10-02_20240102224204_02312201_006_01.h5,0.86,Combined_25km_jan24_gt2r.csv
-75.41510790183222,-43.55004547348996,24.0,0.2,0.8808222860097885,5.988184839952737,0.1926456540822982,processed_ATL10-02_20240102224204_02312201_006_01.h5,0.79,Combined_25km_jan24_gt2r.csv
-75.18929381049728,-43.68821152748982,27.0,0.29,1.047419183784061,4.132155134963493,0.2375161349773407,processed_ATL10-02_20240102224204_02312201_006_01.h5,1.12,Combined_25km_jan24_gt2r.csv
-74.96351504955905,-43.82277689732903,24.0,0.26,0.9310975472132365,1.705448335269466,0.1927481889724731,processed_ATL10-02_20240102224204_02312201_006_01.h5,1.01,Combined_25km_jan24_gt2r.csv
-74.73761172213771,-43.9538377517185,27.0,0.3,0.966367706656456,1.972841326561239,0.1662685573101043,processed_ATL10-02_20240102224204_02312201_006_01.h5,1.15,Combined_25km_jan24_gt2r.csv
-74.51169236902408,-44.08160325001492,24.0,0.26,0.8935129642486572,0.6595269311219454,0.1555098742246627,processed_ATL10-02_20240102224204_02312201_006_01.h5,1.01,Combined_25km_jan24_gt2r.csv
-74.28566535608317,-44.20616555018924,27.0,0.29,0.9745487769444784,1.0074393254601293,0.1809761375188827,processed_ATL10-02_20240102224204_02312201_006_01.h5,1.12,Combined_25km_jan24_gt2r.csv
-74.05961380361596,-44.32776681085684,24.0,0.29,1.014068935598646,3.188062517438084,0.2061727195978164,processed_ATL10-02_20240102224204_02312201_006_01.h5,1.12,Combined_25km_jan24_gt2r.csv
-73.83350181616234,-44.44643257930857,27.0,0.18,0.9980267658829688,4.7007213243179855,0.2211664915084839,processed_ATL10-02_20240102224204_02312201_006_01.h5,0.72,Combined_25km_jan24_gt2r.csv
-73.60734896747874,-44.5623848238547,24.0,0.22,0.99414381810597,3.5974597558379173,0.2210917174816131,processed_ATL10-02_20240102224204_02312201_006_01.h5,0.86,Combined_25km_jan24_gt2r.csv
-73.38114380564846,-44.67558579256778,27.0,0.23,0.9728106430598668,3.633619886305597,0.2092041373252868,processed_ATL10-02_20240102224204_02312201_006_01.h5,0.9,Combined_25km_jan24_gt2r.csv
-71.88314245339366,-16.907464724319837,9.0,0.05,,0.0,0.0867537632584571,processed_ATL10-02_20240103080749_02372201_006_01.h5,0.25,Combined_25km_jan24_gt2r.csv
-71.64299631603718,-16.805549271727752,18.0,0.08,,0.0,0.0708168521523475,processed_ATL10-02_20240103080749_02372201_006_01.h5,0.36,Combined_25km_jan24_gt2r.csv
-71.49734508026306,-16.74481806063328,3.0,0.07,0.7110272645950317,9.288129210472109,0.1250572204589843,processed_ATL10-02_20240103080749_02372201_006_01.h5,0.32,Combined_25km_jan24_gt2r.csv
-70.28133707115518,-16.26664363054345,6.0,0.19,,0.0,0.0376393087208271,processed_ATL10-02_20240103080749_02372201_006_01.h5,0.75,Combined_25km_jan24_gt2r.csv
-71.88314245339366,-16.907464724319837,9.0,0.05,,0.0,0.0867537632584571,processed_ATL10-02_20240103080749_02372201_006_01.h5,0.25,Combined_25km_jan24_gt2r.csv
-71.64299631603718,-16.805549271727752,18.0,0.08,,0.0,0.0708168521523475,processed_ATL10-02_20240103080749_02372201_006_01.h5,0.36,Combined_25km_jan24_gt2r.csv
-71.49734508026306,-16.74481806063328,3.0,0.07,0.7110272645950317,9.288129210472109,0.1250572204589843,processed_ATL10-02_20240103080749_02372201_006_01.h5,0.32,Combined_25km_jan24_gt2r.csv
-70.28133707115518,-16.26664363054345,6.0,0.19,,0.0,0.0376393087208271,processed_ATL10-02_20240103080749_02372201_006_01.h5,0.75,Combined_25km_jan24_gt2r.csv
-75.68797920005483,-42.51377837364969,27.0,0.19,1.0207542048560247,12.616453857885467,0.2713964879512787,processed_ATL10-02_20240103094206_02382201_006_01.h5,0.75,Combined_25km_jan24_gt2r.csv
-75.68797920005483,-42.51377837364969,27.0,0.19,1.0207542048560247,12.616453857885467,0.2713964879512787,processed_ATL10-02_20240103094206_02382201_006_01.h5,0.75,Combined_25km_jan24_gt2r.csv
-68.29110757166107,-40.98193613921722,18.0,0.11,,0.0,0.060942243784666,processed_ATL10-02_20240103221625_02462201_006_01.h5,0.46,Combined_25km_jan24_gt2r.csv
-68.0884561260356,-41.0466827946267,18.0,0.14,0.757014274597168,0.115355538825194,0.0891618505120277,processed_ATL10-02_20240103221625_02462201_006_01.h5,0.57,Combined_25km_jan24_gt2r.csv
-67.81639861424476,-41.13214583527024,12.0,0.07,,0.0,0.0576944425702095,processed_ATL10-02_20240103221625_02462201_006_01.h5,0.32,Combined_25km_jan24_gt2r.csv
-67.62051588434987,-41.19270555396195,27.0,0.1,0.8280660311381022,1.459931375251876,0.1395663768053054,processed_ATL10-02_20240103221625_02462201_006_01.h5,0.43,Combined_25km_jan24_gt2r.csv
-68.29110757166107,-40.98193613921722,18.0,0.11,,0.0,0.060942243784666,processed_ATL10-02_20240103221625_02462201_006_01.h5,0.46,Combined_25km_jan24_gt2r.csv
-68.0884561260356,-41.0466827946267,18.0,0.14,0.757014274597168,0.115355538825194,0.0891618505120277,processed_ATL10-02_20240103221625_02462201_006_01.h5,0.57,Combined_25km_jan24_gt2r.csv
-67.81639861424476,-41.13214583527024,12.0,0.07,,0.0,0.0576944425702095,processed_ATL10-02_20240103221625_02462201_006_01.h5,0.32,Combined_25km_jan24_gt2r.csv
-67.62051588434987,-41.19270555396195,27.0,0.1,0.8280660311381022,1.459931375251876,0.1395663768053054,processed_ATL10-02_20240103221625_02462201_006_01.h5,0.43,Combined_25km_jan24_gt2r.csv
-65.48376003483655,-9.042077568415776,24.0,0.17,,0.0,0.0805624946951866,processed_ATL10-02_20240104074209_02522201_006_01.h5,0.68,Combined_25km_jan24_gt2r.csv
-65.16665199509079,-8.957522691412606,12.0,0.18,,0.0,0.0665372461080551,processed_ATL10-02_20240104074209_02522201_006_01.h5,0.72,Combined_25km_jan24_gt2r.csv
-65.48376003483655,-9.042077568415776,24.0,0.17,,0.0,0.0805624946951866,processed_ATL10-02_20240104074209_02522201_006_01.h5,0.68,Combined_25km_jan24_gt2r.csv
-65.16665199509079,-8.957522691412606,12.0,0.18,,0.0,0.0665372461080551,processed_ATL10-02_20240104074209_02522201_006_01.h5,0.72,Combined_25km_jan24_gt2r.csv
-67.27272498115519,-21.74865903729557,18.0,0.05,,0.0,0.0447702296078205,processed_ATL10-02_20240106082505_02832201_006_01.h5,0.25,Combined_25km_jan24_gt2r.csv
-67.06567265238598,-21.68692518062401,24.0,0.07,,0.0,0.0411419197916984,processed_ATL10-02_20240106082505_02832201_006_01.h5,0.32,Combined_25km_jan24_gt2r.csv
-67.27272498115519,-21.74865903729557,18.0,0.05,,0.0,0.0447702296078205,processed_ATL10-02_20240106082505_02832201_006_01.h5,0.25,Combined_25km_jan24_gt2r.csv
-67.06567265238598,-21.68692518062401,24.0,0.07,,0.0,0.0411419197916984,processed_ATL10-02_20240106082505_02832201_006_01.h5,0.32,Combined_25km_jan24_gt2r.csv
-69.18845485842726,-23.55085164183341,15.0,0.05,,0.0,0.0323689989745616,processed_ATL10-02_20240106205923_02912201_006_01.h5,0.25,Combined_25km_jan24_gt2r.csv
-66.4589694116669,-24.403788775593505,21.0,0.09,,0.0,0.0422910079360008,processed_ATL10-02_20240106205923_02912201_006_01.h5,0.39,Combined_25km_jan24_gt2r.csv
-66.2443239593939,-24.4646532459848,27.0,0.08,,0.0,0.054765872657299,processed_ATL10-02_20240106205923_02912201_006_01.h5,0.36,Combined_25km_jan24_gt2r.csv
-66.01707844043732,-24.52824279268966,24.0,0.09,,0.0,0.0696280524134635,processed_ATL10-02_20240106205923_02912201_006_01.h5,0.39,Combined_25km_jan24_gt2r.csv
-65.80321426737974,-24.58732182533852,24.0,0.13,,0.0,0.0606468729674816,processed_ATL10-02_20240106205923_02912201_006_01.h5,0.54,Combined_25km_jan24_gt2r.csv
-69.18845485842726,-23.55085164183341,15.0,0.05,,0.0,0.0323689989745616,processed_ATL10-02_20240106205923_02912201_006_01.h5,0.25,Combined_25km_jan24_gt2r.csv
-66.4589694116669,-24.403788775593505,21.0,0.09,,0.0,0.0422910079360008,processed_ATL10-02_20240106205923_02912201_006_01.h5,0.39,Combined_25km_jan24_gt2r.csv
-66.2443239593939,-24.4646532459848,27.0,0.08,,0.0,0.054765872657299,processed_ATL10-02_20240106205923_02912201_006_01.h5,0.36,Combined_25km_jan24_gt2r.csv
-66.01707844043732,-24.52824279268966,24.0,0.09,,0.0,0.0696280524134635,processed_ATL10-02_20240106205923_02912201_006_01.h5,0.39,Combined_25km_jan24_gt2r.csv
-65.80321426737974,-24.58732182533852,24.0,0.13,,0.0,0.0606468729674816,processed_ATL10-02_20240106205923_02912201_006_01.h5,0.54,Combined_25km_jan24_gt2r.csv
-77.35908135554288,-44.49025728468552,24.0,0.16,0.8480418225129446,3.518526628613472,0.1765647232532501,processed_ATL10-02_20240107093341_02992201_006_01.h5,0.65,Combined_25km_jan24_gt2r.csv
-75.31464873985136,-43.05756579609181,12.0,0.03,0.8197952508926392,4.691681079566479,0.1656845510005951,processed_ATL10-02_20240107093341_02992201_006_01.h5,0.18,Combined_25km_jan24_gt2r.csv
-75.198310607978,-42.98653271467253,3.0,0.05,0.7026515603065491,3.0156437307596207,0.2037258297204971,processed_ATL10-02_20240107093341_02992201_006_01.h5,0.25,Combined_25km_jan24_gt2r.csv
-74.78231142599904,-42.741081426114015,6.0,0.18,,0.0,0.1222713440656662,processed_ATL10-02_20240107093341_02992201_006_01.h5,0.72,Combined_25km_jan24_gt2r.csv
-74.7068190774431,-42.6977945540449,6.0,0.21,,0.0,0.145083338022232,processed_ATL10-02_20240107093341_02992201_006_01.h5,0.83,Combined_25km_jan24_gt2r.csv
-74.46197073534172,-42.55996626974596,18.0,0.06,,0.0,0.0684906467795372,processed_ATL10-02_20240107093341_02992201_006_01.h5,0.28,Combined_25km_jan24_gt2r.csv
-74.29485040299195,-42.46798874477498,3.0,0.02,,0.0,0.1866071373224258,processed_ATL10-02_20240107093341_02992201_006_01.h5,0.14,Combined_25km_jan24_gt2r.csv
-73.83342041865787,-42.22271412947445,3.0,0.02,,0.0,0.0265215933322906,processed_ATL10-02_20240107093341_02992201_006_01.h5,0.14,Combined_25km_jan24_gt2r.csv
-73.55453742076566,-42.08016684382383,6.0,0.08,,0.0,0.0202012471854686,processed_ATL10-02_20240107093341_02992201_006_01.h5,0.36,Combined_25km_jan24_gt2r.csv
-70.81315108686795,-40.86653367973795,12.0,0.14,,0.0,0.1054691821336746,processed_ATL10-02_20240107093341_02992201_006_01.h5,0.57,Combined_25km_jan24_gt2r.csv
-77.35908135554288,-44.49025728468552,24.0,0.16,0.8480418225129446,3.518526628613472,0.1765647232532501,processed_ATL10-02_20240107093341_02992201_006_01.h5,0.65,Combined_25km_jan24_gt2r.csv
-75.31464873985136,-43.05756579609181,12.0,0.03,0.8197952508926392,4.691681079566479,0.1656845510005951,processed_ATL10-02_20240107093341_02992201_006_01.h5,0.18,Combined_25km_jan24_gt2r.csv
-75.198310607978,-42.98653271467253,3.0,0.05,0.7026515603065491,3.0156437307596207,0.2037258297204971,processed_ATL10-02_20240107093341_02992201_006_01.h5,0.25,Combined_25km_jan24_gt2r.csv
-74.78231142599904,-42.741081426114015,6.0,0.18,,0.0,0.1222713440656662,processed_ATL10-02_20240107093341_02992201_006_01.h5,0.72,Combined_25km_jan24_gt2r.csv
-74.7068190774431,-42.6977945540449,6.0,0.21,,0.0,0.145083338022232,processed_ATL10-02_20240107093341_02992201_006_01.h5,0.83,Combined_25km_jan24_gt2r.csv
-74.46197073534172,-42.55996626974596,18.0,0.06,,0.0,0.0684906467795372,processed_ATL10-02_20240107093341_02992201_006_01.h5,0.28,Combined_25km_jan24_gt2r.csv
-74.29485040299195,-42.46798874477498,3.0,0.02,,0.0,0.1866071373224258,processed_ATL10-02_20240107093341_02992201_006_01.h5,0.14,Combined_25km_jan24_gt2r.csv
-73.83342041865787,-42.22271412947445,3.0,0.02,,0.0,0.0265215933322906,processed_ATL10-02_20240107093341_02992201_006_01.h5,0.14,Combined_25km_jan24_gt2r.csv
-73.55453742076566,-42.08016684382383,6.0,0.08,,0.0,0.0202012471854686,processed_ATL10-02_20240107093341_02992201_006_01.h5,0.36,Combined_25km_jan24_gt2r.csv
-70.81315108686795,-40.86653367973795,12.0,0.14,,0.0,0.1054691821336746,processed_ATL10-02_20240107093341_02992201_006_01.h5,0.57,Combined_25km_jan24_gt2r.csv
-77.64259130081646,-37.012710845902006,9.0,0.06,0.7766139209270477,13.061885039011637,0.2388232946395874,processed_ATL10-02_20240107220759_03072201_006_01.h5,0.28,Combined_25km_jan24_gt2r.csv
-73.42960240551898,-39.717286738534725,3.0,0.05,,0.0,0.0092753628268837,processed_ATL10-02_20240107220759_03072201_006_01.h5,0.25,Combined_25km_jan24_gt2r.csv
-73.2812296851172,-39.79038402445181,21.0,0.04,0.7769489884376526,8.260013282831226,0.1943039149045944,processed_ATL10-02_20240107220759_03072201_006_01.h5,0.21,Combined_25km_jan24_gt2r.csv
-72.95404302956257,-39.94814056537888,6.0,0.23,0.7172120213508606,2.5103993713855743,0.2009416222572326,processed_ATL10-02_20240107220759_03072201_006_01.h5,0.9,Combined_25km_jan24_gt2r.csv
-72.85442125519042,-39.99511746487674,15.0,0.08,0.8004535039265951,5.449771638959646,0.1566532999277115,processed_ATL10-02_20240107220759_03072201_006_01.h5,0.36,Combined_25km_jan24_gt2r.csv
-69.87501584126733,-41.22056528441408,18.0,0.11,1.0816292762756348,2.204143845786651,0.1223427578806877,processed_ATL10-02_20240107220759_03072201_006_01.h5,0.46,Combined_25km_jan24_gt2r.csv
-69.72768603239955,-41.27365388299719,12.0,0.05,0.8080599904060364,3.7083811592310663,0.1522310376167297,processed_ATL10-02_20240107220759_03072201_006_01.h5,0.25,Combined_25km_jan24_gt2r.csv
-69.40396134298808,-41.388097439964895,6.0,0.04,,0.0,0.0143455155193805,processed_ATL10-02_20240107220759_03072201_006_01.h5,0.21,Combined_25km_jan24_gt2r.csv
-77.64259130081646,-37.012710845902006,9.0,0.06,0.7766139209270477,13.061885039011637,0.2388232946395874,processed_ATL10-02_20240107220759_03072201_006_01.h5,0.28,Combined_25km_jan24_gt2r.csv
-73.42960240551898,-39.717286738534725,3.0,0.05,,0.0,0.0092753628268837,processed_ATL10-02_20240107220759_03072201_006_01.h5,0.25,Combined_25km_jan24_gt2r.csv
-73.2812296851172,-39.79038402445181,21.0,0.04,0.7769489884376526,8.260013282831226,0.1943039149045944,processed_ATL10-02_20240107220759_03072201_006_01.h5,0.21,Combined_25km_jan24_gt2r.csv
-72.95404302956257,-39.94814056537888,6.0,0.23,0.7172120213508606,2.5103993713855743,0.2009416222572326,processed_ATL10-02_20240107220759_03072201_006_01.h5,0.9,Combined_25km_jan24_gt2r.csv
-72.85442125519042,-39.99511746487674,15.0,0.08,0.8004535039265951,5.449771638959646,0.1566532999277115,processed_ATL10-02_20240107220759_03072201_006_01.h5,0.36,Combined_25km_jan24_gt2r.csv
-69.87501584126733,-41.22056528441408,18.0,0.11,1.0816292762756348,2.204143845786651,0.1223427578806877,processed_ATL10-02_20240107220759_03072201_006_01.h5,0.46,Combined_25km_jan24_gt2r.csv
-69.72768603239955,-41.27365388299719,12.0,0.05,0.8080599904060364,3.7083811592310663,0.1522310376167297,processed_ATL10-02_20240107220759_03072201_006_01.h5,0.25,Combined_25km_jan24_gt2r.csv
-69.40396134298808,-41.388097439964895,6.0,0.04,,0.0,0.0143455155193805,processed_ATL10-02_20240107220759_03072201_006_01.h5,0.21,Combined_25km_jan24_gt2r.csv
-73.72011001861173,-36.45495119794411,24.0,0.07,0.8345112403233846,2.523158281110227,0.1767039000988006,processed_ATL10-02_20240108090800_03142201_006_01.h5,0.32,Combined_25km_jan24_gt2r.csv
-73.58654904835406,-36.38686085288973,3.0,0.04,0.9384904503822328,34.93231236934662,0.3818558752536773,processed_ATL10-02_20240108090800_03142201_006_01.h5,0.21,Combined_25km_jan24_gt2r.csv
-71.58430492611411,-35.468065112747375,9.0,0.03,0.6964904069900513,0.8001884445548058,0.0836090669035911,processed_ATL10-02_20240108090800_03142201_006_01.h5,0.18,Combined_25km_jan24_gt2r.csv
-71.46868080993359,-35.420106851794884,18.0,0.13,1.0031949877738953,5.804733590533336,0.2267728894948959,processed_ATL10-02_20240108090800_03142201_006_01.h5,0.54,Combined_25km_jan24_gt2r.csv
-71.12457728329936,-35.280071246084816,3.0,0.05,,0.0,0.0196122210472822,processed_ATL10-02_20240108090800_03142201_006_01.h5,0.25,Combined_25km_jan24_gt2r.csv
-70.99485748985033,-35.22842673701503,12.0,0.21,,0.0,0.0849505513906478,processed_ATL10-02_20240108090800_03142201_006_01.h5,0.83,Combined_25km_jan24_gt2r.csv
-70.7741606675728,-35.14177587897939,24.0,0.09,0.7519546576908657,2.6592655573040247,0.14605113863945,processed_ATL10-02_20240108090800_03142201_006_01.h5,0.39,Combined_25km_jan24_gt2r.csv
-70.54889256099447,-35.05498640113234,27.0,0.03,0.7124748229980469,0.7545182119227118,0.1184305846691131,processed_ATL10-02_20240108090800_03142201_006_01.h5,0.18,Combined_25km_jan24_gt2r.csv
-70.34443714641809,-34.977557986167895,15.0,0.05,,0.0,0.046888779848814,processed_ATL10-02_20240108090800_03142201_006_01.h5,0.25,Combined_25km_jan24_gt2r.csv
-70.08443246925212,-34.880910202363,24.0,0.15,0.7926274538040161,0.2236903412267565,0.0901397168636322,processed_ATL10-02_20240108090800_03142201_006_01.h5,0.61,Combined_25km_jan24_gt2r.csv
-69.86816067696107,-34.80202989392724,24.0,0.07,0.7280323505401611,0.1495596021413803,0.0812921151518821,processed_ATL10-02_20240108090800_03142201_006_01.h5,0.32,Combined_25km_jan24_gt2r.csv
-69.70571868369177,-34.74364099356651,12.0,0.13,,0.0,0.0844020694494247,processed_ATL10-02_20240108090800_03142201_006_01.h5,0.54,Combined_25km_jan24_gt2r.csv
-69.39834363501588,-34.63514760155076,15.0,0.1,0.7413290143013,0.1530138403177261,0.0806179195642471,processed_ATL10-02_20240108090800_03142201_006_01.h5,0.43,Combined_25km_jan24_gt2r.csv
-69.13746241209132,-34.545055999646024,12.0,0.07,,0.0,0.0445996969938278,processed_ATL10-02_20240108090800_03142201_006_01.h5,0.32,Combined_25km_jan24_gt2r.csv
-68.99540571249655,-34.49679752003121,12.0,0.05,,0.0,0.0366412103176116,processed_ATL10-02_20240108090800_03142201_006_01.h5,0.25,Combined_25km_jan24_gt2r.csv
-73.72011001861173,-36.45495119794411,24.0,0.07,0.8345112403233846,2.523158281110227,0.1767039000988006,processed_ATL10-02_20240108090800_03142201_006_01.h5,0.32,Combined_25km_jan24_gt2r.csv
-73.58654904835406,-36.38686085288973,3.0,0.04,0.9384904503822328,34.93231236934662,0.3818558752536773,processed_ATL10-02_20240108090800_03142201_006_01.h5,0.21,Combined_25km_jan24_gt2r.csv
-71.58430492611411,-35.468065112747375,9.0,0.03,0.6964904069900513,0.8001884445548058,0.0836090669035911,processed_ATL10-02_20240108090800_03142201_006_01.h5,0.18,Combined_25km_jan24_gt2r.csv
-71.46868080993359,-35.420106851794884,18.0,0.13,1.0031949877738953,5.804733590533336,0.2267728894948959,processed_ATL10-02_20240108090800_03142201_006_01.h5,0.54,Combined_25km_jan24_gt2r.csv
-71.12457728329936,-35.280071246084816,3.0,0.05,,0.0,0.0196122210472822,processed_ATL10-02_20240108090800_03142201_006_01.h5,0.25,Combined_25km_jan24_gt2r.csv
-70.99485748985033,-35.22842673701503,12.0,0.21,,0.0,0.0849505513906478,processed_ATL10-02_20240108090800_03142201_006_01.h5,0.83,Combined_25km_jan24_gt2r.csv
-70.7741606675728,-35.14177587897939,24.0,0.09,0.7519546576908657,2.6592655573040247,0.14605113863945,processed_ATL10-02_20240108090800_03142201_006_01.h5,0.39,Combined_25km_jan24_gt2r.csv
-70.54889256099447,-35.05498640113234,27.0,0.03,0.7124748229980469,0.7545182119227118,0.1184305846691131,processed_ATL10-02_20240108090800_03142201_006_01.h5,0.18,Combined_25km_jan24_gt2r.csv
-70.34443714641809,-34.977557986167895,15.0,0.05,,0.0,0.046888779848814,processed_ATL10-02_20240108090800_03142201_006_01.h5,0.25,Combined_25km_jan24_gt2r.csv
-70.08443246925212,-34.880910202363,24.0,0.15,0.7926274538040161,0.2236903412267565,0.0901397168636322,processed_ATL10-02_20240108090800_03142201_006_01.h5,0.61,Combined_25km_jan24_gt2r.csv
-69.86816067696107,-34.80202989392724,24.0,0.07,0.7280323505401611,0.1495596021413803,0.0812921151518821,processed_ATL10-02_20240108090800_03142201_006_01.h5,0.32,Combined_25km_jan24_gt2r.csv
-69.70571868369177,-34.74364099356651,12.0,0.13,,0.0,0.0844020694494247,processed_ATL10-02_20240108090800_03142201_006_01.h5,0.54,Combined_25km_jan24_gt2r.csv
-69.39834363501588,-34.63514760155076,15.0,0.1,0.7413290143013,0.1530138403177261,0.0806179195642471,processed_ATL10-02_20240108090800_03142201_006_01.h5,0.43,Combined_25km_jan24_gt2r.csv
-69.13746241209132,-34.545055999646024,12.0,0.07,,0.0,0.0445996969938278,processed_ATL10-02_20240108090800_03142201_006_01.h5,0.32,Combined_25km_jan24_gt2r.csv
-68.99540571249655,-34.49679752003121,12.0,0.05,,0.0,0.0366412103176116,processed_ATL10-02_20240108090800_03142201_006_01.h5,0.25,Combined_25km_jan24_gt2r.csv
-68.68730134897855,-12.2994132033,27.0,0.05,,0.0,0.0274089500308036,processed_ATL10-02_20240108200801_03212201_006_01.h5,0.25,Combined_25km_jan24_gt2r.csv
-68.46264388379981,-12.373194990014058,24.0,0.06,,0.0,0.0334344282746315,processed_ATL10-02_20240108200801_03212201_006_01.h5,0.28,Combined_25km_jan24_gt2r.csv
-68.23281394030018,-12.44744747347579,27.0,0.07,,0.0,0.0388287492096424,processed_ATL10-02_20240108200801_03212201_006_01.h5,0.32,Combined_25km_jan24_gt2r.csv
-68.68730134897855,-12.2994132033,27.0,0.05,,0.0,0.0274089500308036,processed_ATL10-02_20240108200801_03212201_006_01.h5,0.25,Combined_25km_jan24_gt2r.csv
-68.46264388379981,-12.373194990014058,24.0,0.06,,0.0,0.0334344282746315,processed_ATL10-02_20240108200801_03212201_006_01.h5,0.28,Combined_25km_jan24_gt2r.csv
-68.23281394030018,-12.44744747347579,27.0,0.07,,0.0,0.0388287492096424,processed_ATL10-02_20240108200801_03212201_006_01.h5,0.32,Combined_25km_jan24_gt2r.csv
-75.17034971652002,-31.54992060722672,15.0,0.05,0.8388288219769796,3.921623677015305,0.125898852944374,processed_ATL10-02_20240109084218_03292201_006_01.h5,0.25,Combined_25km_jan24_gt2r.csv
-74.58824277600618,-31.21071608153328,3.0,0.02,,0.0,0.0139727853238582,processed_ATL10-02_20240109084218_03292201_006_01.h5,0.14,Combined_25km_jan24_gt2r.csv
-74.41565997848008,-31.11452743672629,24.0,0.04,0.6935270726680756,1.4985980815254152,0.1598853766918182,processed_ATL10-02_20240109084218_03292201_006_01.h5,0.21,Combined_25km_jan24_gt2r.csv
-74.25609762848104,-31.027011533912543,12.0,0.04,0.6549520492553711,0.7876166142523289,0.0995608121156692,processed_ATL10-02_20240109084218_03292201_006_01.h5,0.21,Combined_25km_jan24_gt2r.csv
-73.96230285525232,-30.870160236094847,15.0,0.13,0.7972363233566284,6.982682943344116,0.1121846586465835,processed_ATL10-02_20240109084218_03292201_006_01.h5,0.54,Combined_25km_jan24_gt2r.csv
-73.75056868219804,-30.76005850287944,24.0,0.04,1.0150632709264755,44.33327279984951,0.419286847114563,processed_ATL10-02_20240109084218_03292201_006_01.h5,0.21,Combined_25km_jan24_gt2r.csv
-73.60360282966028,-30.684997905294765,6.0,0.07,0.8245360851287842,58.19908082485199,0.3593466281890869,processed_ATL10-02_20240109084218_03292201_006_01.h5,0.32,Combined_25km_jan24_gt2r.csv
-75.17034971652002,-31.54992060722672,15.0,0.05,0.8388288219769796,3.921623677015305,0.125898852944374,processed_ATL10-02_20240109084218_03292201_006_01.h5,0.25,Combined_25km_jan24_gt2r.csv
-74.58824277600618,-31.21071608153328,3.0,0.02,,0.0,0.0139727853238582,processed_ATL10-02_20240109084218_03292201_006_01.h5,0.14,Combined_25km_jan24_gt2r.csv
-74.41565997848008,-31.11452743672629,24.0,0.04,0.6935270726680756,1.4985980815254152,0.1598853766918182,processed_ATL10-02_20240109084218_03292201_006_01.h5,0.21,Combined_25km_jan24_gt2r.csv
-74.25609762848104,-31.027011533912543,12.0,0.04,0.6549520492553711,0.7876166142523289,0.0995608121156692,processed_ATL10-02_20240109084218_03292201_006_01.h5,0.21,Combined_25km_jan24_gt2r.csv
-73.96230285525232,-30.870160236094847,15.0,0.13,0.7972363233566284,6.982682943344116,0.1121846586465835,processed_ATL10-02_20240109084218_03292201_006_01.h5,0.54,Combined_25km_jan24_gt2r.csv
-73.75056868219804,-30.76005850287944,24.0,0.04,1.0150632709264755,44.33327279984951,0.419286847114563,processed_ATL10-02_20240109084218_03292201_006_01.h5,0.21,Combined_25km_jan24_gt2r.csv
-73.60360282966028,-30.684997905294765,6.0,0.07,0.8245360851287842,58.19908082485199,0.3593466281890869,processed_ATL10-02_20240109084218_03292201_006_01.h5,0.32,Combined_25km_jan24_gt2r.csv
-73.89884655267596,-28.05526663405705,21.0,0.04,0.9525790711243948,18.39669016855104,0.226558119058609,processed_ATL10-02_20240109211637_03372201_006_01.h5,0.21,Combined_25km_jan24_gt2r.csv
-73.64790130829986,-28.184786540006364,27.0,0.04,0.7940264769962856,9.053830036686527,0.1515218764543533,processed_ATL10-02_20240109211637_03372201_006_01.h5,0.21,Combined_25km_jan24_gt2r.csv
-73.4239546382248,-28.2975525906586,24.0,0.16,0.8641185561815897,2.640097995754332,0.113667607307434,processed_ATL10-02_20240109211637_03372201_006_01.h5,0.65,Combined_25km_jan24_gt2r.csv
-73.30030843189053,-28.358785361846543,6.0,0.04,0.8348070383071899,30.51116168498993,0.1909351795911789,processed_ATL10-02_20240109211637_03372201_006_01.h5,0.21,Combined_25km_jan24_gt2r.csv
-72.37040000961845,-28.794628348964004,3.0,0.02,,0.0,0.0225522145628929,processed_ATL10-02_20240109211637_03372201_006_01.h5,0.14,Combined_25km_jan24_gt2r.csv
-71.8326733778368,-29.02975335031337,18.0,0.05,0.8121663331985474,0.2645618903140227,0.0745775401592254,processed_ATL10-02_20240109211637_03372201_006_01.h5,0.25,Combined_25km_jan24_gt2r.csv
-71.63908183404428,-29.11174314901761,24.0,0.05,0.7805642684300741,0.5776540143415332,0.0911431983113288,processed_ATL10-02_20240109211637_03372201_006_01.h5,0.25,Combined_25km_jan24_gt2r.csv
-73.89884655267596,-28.05526663405705,21.0,0.04,0.9525790711243948,18.39669016855104,0.226558119058609,processed_ATL10-02_20240109211637_03372201_006_01.h5,0.21,Combined_25km_jan24_gt2r.csv
-73.64790130829986,-28.184786540006364,27.0,0.04,0.7940264769962856,9.053830036686527,0.1515218764543533,processed_ATL10-02_20240109211637_03372201_006_01.h5,0.21,Combined_25km_jan24_gt2r.csv
-73.4239546382248,-28.2975525906586,24.0,0.16,0.8641185561815897,2.640097995754332,0.113667607307434,processed_ATL10-02_20240109211637_03372201_006_01.h5,0.65,Combined_25km_jan24_gt2r.csv
-73.30030843189053,-28.358785361846543,6.0,0.04,0.8348070383071899,30.51116168498993,0.1909351795911789,processed_ATL10-02_20240109211637_03372201_006_01.h5,0.21,Combined_25km_jan24_gt2r.csv
-72.37040000961845,-28.794628348964004,3.0,0.02,,0.0,0.0225522145628929,processed_ATL10-02_20240109211637_03372201_006_01.h5,0.14,Combined_25km_jan24_gt2r.csv
-71.8326733778368,-29.02975335031337,18.0,0.05,0.8121663331985474,0.2645618903140227,0.0745775401592254,processed_ATL10-02_20240109211637_03372201_006_01.h5,0.25,Combined_25km_jan24_gt2r.csv
-71.63908183404428,-29.11174314901761,24.0,0.05,0.7805642684300741,0.5776540143415332,0.0911431983113288,processed_ATL10-02_20240109211637_03372201_006_01.h5,0.25,Combined_25km_jan24_gt2r.csv
-73.68149308004597,-25.014137942175434,18.0,0.04,0.7593376239140829,5.169506371021271,0.1063627898693084,processed_ATL10-02_20240110081640_03442201_006_01.h5,0.21,Combined_25km_jan24_gt2r.csv
-73.41967078972621,-24.88233978483014,21.0,0.05,0.9603034555912018,4.467897117137909,0.0736449733376503,processed_ATL10-02_20240110081640_03442201_006_01.h5,0.25,Combined_25km_jan24_gt2r.csv
-73.18743867548962,-24.768311018933435,27.0,0.06,0.7897012631098429,2.405713058801161,0.1002106070518493,processed_ATL10-02_20240110081640_03442201_006_01.h5,0.28,Combined_25km_jan24_gt2r.csv
-72.96295222632426,-24.66062183609347,24.0,0.05,0.8132149502635002,9.45408409461379,0.215730994939804,processed_ATL10-02_20240110081640_03442201_006_01.h5,0.25,Combined_25km_jan24_gt2r.csv
-72.73650643847073,-24.5543949463092,27.0,0.07,0.7889071926474571,8.853878846598995,0.1966142654418945,processed_ATL10-02_20240110081640_03442201_006_01.h5,0.32,Combined_25km_jan24_gt2r.csv
-72.5101773025161,-24.450475111251045,24.0,0.09,0.7151175638039907,2.7649763273075223,0.1600513011217117,processed_ATL10-02_20240110081640_03442201_006_01.h5,0.39,Combined_25km_jan24_gt2r.csv
-72.28375161190539,-24.34871500848013,27.0,0.06,0.7720433047839573,5.711626075208187,0.1883729845285415,processed_ATL10-02_20240110081640_03442201_006_01.h5,0.28,Combined_25km_jan24_gt2r.csv
-72.05653683432448,-24.24867973706778,24.0,0.13,0.6632023255030314,0.8004709496162832,0.1487749218940735,processed_ATL10-02_20240110081640_03442201_006_01.h5,0.54,Combined_25km_jan24_gt2r.csv
-73.68149308004597,-25.014137942175434,18.0,0.04,0.7593376239140829,5.169506371021271,0.1063627898693084,processed_ATL10-02_20240110081640_03442201_006_01.h5,0.21,Combined_25km_jan24_gt2r.csv
-73.41967078972621,-24.88233978483014,21.0,0.05,0.9603034555912018,4.467897117137909,0.0736449733376503,processed_ATL10-02_20240110081640_03442201_006_01.h5,0.25,Combined_25km_jan24_gt2r.csv
-73.18743867548962,-24.768311018933435,27.0,0.06,0.7897012631098429,2.405713058801161,0.1002106070518493,processed_ATL10-02_20240110081640_03442201_006_01.h5,0.28,Combined_25km_jan24_gt2r.csv
-72.96295222632426,-24.66062183609347,24.0,0.05,0.8132149502635002,9.45408409461379,0.215730994939804,processed_ATL10-02_20240110081640_03442201_006_01.h5,0.25,Combined_25km_jan24_gt2r.csv
-72.73650643847073,-24.5543949463092,27.0,0.07,0.7889071926474571,8.853878846598995,0.1966142654418945,processed_ATL10-02_20240110081640_03442201_006_01.h5,0.32,Combined_25km_jan24_gt2r.csv
-72.5101773025161,-24.450475111251045,24.0,0.09,0.7151175638039907,2.7649763273075223,0.1600513011217117,processed_ATL10-02_20240110081640_03442201_006_01.h5,0.39,Combined_25km_jan24_gt2r.csv
-72.28375161190539,-24.34871500848013,27.0,0.06,0.7720433047839573,5.711626075208187,0.1883729845285415,processed_ATL10-02_20240110081640_03442201_006_01.h5,0.28,Combined_25km_jan24_gt2r.csv
-72.05653683432448,-24.24867973706778,24.0,0.13,0.6632023255030314,0.8004709496162832,0.1487749218940735,processed_ATL10-02_20240110081640_03442201_006_01.h5,0.54,Combined_25km_jan24_gt2r.csv
-70.20358630608249,-23.967454790578035,21.0,0.05,0.6367974877357483,0.0568097590335777,0.0419348999857902,processed_ATL10-02_20240110205100_03522201_006_01.h5,0.25,Combined_25km_jan24_gt2r.csv
-70.036872897115,-24.028971936021165,9.0,0.04,,0.0,0.0599776394665241,processed_ATL10-02_20240110205100_03522201_006_01.h5,0.21,Combined_25km_jan24_gt2r.csv
-67.85330802558035,-24.766766040376588,6.0,0.05,,0.0,0.0412642210721969,processed_ATL10-02_20240110205100_03522201_006_01.h5,0.25,Combined_25km_jan24_gt2r.csv
-70.20358630608249,-23.967454790578035,21.0,0.05,0.6367974877357483,0.0568097590335777,0.0419348999857902,processed_ATL10-02_20240110205100_03522201_006_01.h5,0.25,Combined_25km_jan24_gt2r.csv
-70.036872897115,-24.028971936021165,9.0,0.04,,0.0,0.0599776394665241,processed_ATL10-02_20240110205100_03522201_006_01.h5,0.21,Combined_25km_jan24_gt2r.csv
-67.85330802558035,-24.766766040376588,6.0,0.05,,0.0,0.0412642210721969,processed_ATL10-02_20240110205100_03522201_006_01.h5,0.25,Combined_25km_jan24_gt2r.csv
-77.48861520051051,-43.63346799366109,27.0,0.33,1.1164872778786554,15.306005109515455,0.3181570768356323,processed_ATL10-02_20240110222517_03532201_006_01.h5,1.26,Combined_25km_jan24_gt2r.csv
-77.25048447576211,-43.82487555502909,27.0,0.21,1.0183957815170288,7.941195337722699,0.2646391987800598,processed_ATL10-02_20240110222517_03532201_006_01.h5,0.83,Combined_25km_jan24_gt2r.csv
-77.02656845628499,-43.99900261445293,24.0,0.32,1.0380478302637737,6.188081274740398,0.2191155403852462,processed_ATL10-02_20240110222517_03532201_006_01.h5,1.23,Combined_25km_jan24_gt2r.csv
-76.81130397815849,-44.16116356488776,24.0,0.2,1.1245163530111313,15.805273037403822,0.3351110219955444,processed_ATL10-02_20240110222517_03532201_006_01.h5,0.79,Combined_25km_jan24_gt2r.csv
-76.29864117143049,-44.52880351891193,9.0,0.23,,0.0,0.1769697815179824,processed_ATL10-02_20240110222517_03532201_006_01.h5,0.9,Combined_25km_jan24_gt2r.csv
-76.1826700890456,-44.608619470371934,12.0,0.09,1.1096049845218658,27.6074580848217,0.4246926307678222,processed_ATL10-02_20240110222517_03532201_006_01.h5,0.39,Combined_25km_jan24_gt2r.csv
-77.48861520051051,-43.63346799366109,27.0,0.33,1.1164872778786554,15.306005109515455,0.3181570768356323,processed_ATL10-02_20240110222517_03532201_006_01.h5,1.26,Combined_25km_jan24_gt2r.csv
-77.25048447576211,-43.82487555502909,27.0,0.21,1.0183957815170288,7.941195337722699,0.2646391987800598,processed_ATL10-02_20240110222517_03532201_006_01.h5,0.83,Combined_25km_jan24_gt2r.csv
-77.02656845628499,-43.99900261445293,24.0,0.32,1.0380478302637737,6.188081274740398,0.2191155403852462,processed_ATL10-02_20240110222517_03532201_006_01.h5,1.23,Combined_25km_jan24_gt2r.csv
-76.81130397815849,-44.16116356488776,24.0,0.2,1.1245163530111313,15.805273037403822,0.3351110219955444,processed_ATL10-02_20240110222517_03532201_006_01.h5,0.79,Combined_25km_jan24_gt2r.csv
-76.29864117143049,-44.52880351891193,9.0,0.23,,0.0,0.1769697815179824,processed_ATL10-02_20240110222517_03532201_006_01.h5,0.9,Combined_25km_jan24_gt2r.csv
-76.1826700890456,-44.608619470371934,12.0,0.09,1.1096049845218658,27.6074580848217,0.4246926307678222,processed_ATL10-02_20240110222517_03532201_006_01.h5,0.39,Combined_25km_jan24_gt2r.csv
-68.24772404117755,-17.120296674725335,12.0,0.06,,0.0,0.0278704538941383,processed_ATL10-02_20240111075102_03592201_006_01.h5,0.28,Combined_25km_jan24_gt2r.csv
-68.24772404117755,-17.120296674725335,12.0,0.06,,0.0,0.0278704538941383,processed_ATL10-02_20240111075102_03592201_006_01.h5,0.28,Combined_25km_jan24_gt2r.csv
-75.16120873253156,-43.74261186685832,15.0,0.1,0.8310348629951477,5.543232709169388,0.2195301055908203,processed_ATL10-02_20240111092520_03602201_006_01.h5,0.43,Combined_25km_jan24_gt2r.csv
-73.44485948662876,-42.803409584242445,6.0,0.14,0.6684401035308838,1.065126899629831,0.1659734845161438,processed_ATL10-02_20240111092520_03602201_006_01.h5,0.57,Combined_25km_jan24_gt2r.csv
-73.29924587084886,-42.731538903414986,27.0,0.12,0.9732150137424468,1.3215791434049606,0.155410498380661,processed_ATL10-02_20240111092520_03602201_006_01.h5,0.5,Combined_25km_jan24_gt2r.csv
-73.10057974762724,-42.63495299493312,18.0,0.24,0.9197595318158468,0.1963066790873805,0.127558097243309,processed_ATL10-02_20240111092520_03602201_006_01.h5,0.94,Combined_25km_jan24_gt2r.csv
-69.83285933818134,-41.27710126633395,3.0,0.25,,0.0,0.0543898940086364,processed_ATL10-02_20240111092520_03602201_006_01.h5,0.97,Combined_25km_jan24_gt2r.csv
-69.67224232081222,-41.21957137434294,21.0,0.09,0.7067349553108215,0.2717356596674238,0.1008935719728469,processed_ATL10-02_20240111092520_03602201_006_01.h5,0.39,Combined_25km_jan24_gt2r.csv
-75.16120873253156,-43.74261186685832,15.0,0.1,0.8310348629951477,5.543232709169388,0.2195301055908203,processed_ATL10-02_20240111092520_03602201_006_01.h5,0.43,Combined_25km_jan24_gt2r.csv
-73.44485948662876,-42.803409584242445,6.0,0.14,0.6684401035308838,1.065126899629831,0.1659734845161438,processed_ATL10-02_20240111092520_03602201_006_01.h5,0.57,Combined_25km_jan24_gt2r.csv
-73.29924587084886,-42.731538903414986,27.0,0.12,0.9732150137424468,1.3215791434049606,0.155410498380661,processed_ATL10-02_20240111092520_03602201_006_01.h5,0.5,Combined_25km_jan24_gt2r.csv
-73.10057974762724,-42.63495299493312,18.0,0.24,0.9197595318158468,0.1963066790873805,0.127558097243309,processed_ATL10-02_20240111092520_03602201_006_01.h5,0.94,Combined_25km_jan24_gt2r.csv
-69.83285933818134,-41.27710126633395,3.0,0.25,,0.0,0.0543898940086364,processed_ATL10-02_20240111092520_03602201_006_01.h5,0.97,Combined_25km_jan24_gt2r.csv
-69.67224232081222,-41.21957137434294,21.0,0.09,0.7067349553108215,0.2717356596674238,0.1008935719728469,processed_ATL10-02_20240111092520_03602201_006_01.h5,0.39,Combined_25km_jan24_gt2r.csv
-68.87440856756999,-18.725220547062687,27.0,0.07,,0.0,0.0498535521328449,processed_ATL10-02_20240111202522_03672201_006_01.h5,0.32,Combined_25km_jan24_gt2r.csv
-68.64778259778406,-18.80070204336948,24.0,0.09,,0.0,0.0550770461559295,processed_ATL10-02_20240111202522_03672201_006_01.h5,0.39,Combined_25km_jan24_gt2r.csv
-68.41321706103504,-18.877514377199866,9.0,0.08,,0.0,0.0388178490102291,processed_ATL10-02_20240111202522_03672201_006_01.h5,0.36,Combined_25km_jan24_gt2r.csv
-68.16642964323077,-18.957017563072224,18.0,0.09,,0.0,0.0426371246576309,processed_ATL10-02_20240111202522_03672201_006_01.h5,0.39,Combined_25km_jan24_gt2r.csv
-67.97191257296357,-19.018642936693634,21.0,0.08,,0.0,0.0443118400871753,processed_ATL10-02_20240111202522_03672201_006_01.h5,0.36,Combined_25km_jan24_gt2r.csv
-67.71786053000713,-19.097960333879342,15.0,0.06,,0.0,0.0372730754315853,processed_ATL10-02_20240111202522_03672201_006_01.h5,0.28,Combined_25km_jan24_gt2r.csv
-67.51245208743067,-19.16106440679186,27.0,0.08,,0.0,0.0429868847131729,processed_ATL10-02_20240111202522_03672201_006_01.h5,0.36,Combined_25km_jan24_gt2r.csv
-67.29670345097858,-19.22643092703756,21.0,0.09,,0.0,0.0363010950386524,processed_ATL10-02_20240111202522_03672201_006_01.h5,0.39,Combined_25km_jan24_gt2r.csv
-68.87440856756999,-18.725220547062687,27.0,0.07,,0.0,0.0498535521328449,processed_ATL10-02_20240111202522_03672201_006_01.h5,0.32,Combined_25km_jan24_gt2r.csv
-68.64778259778406,-18.80070204336948,24.0,0.09,,0.0,0.0550770461559295,processed_ATL10-02_20240111202522_03672201_006_01.h5,0.39,Combined_25km_jan24_gt2r.csv
-68.41321706103504,-18.877514377199866,9.0,0.08,,0.0,0.0388178490102291,processed_ATL10-02_20240111202522_03672201_006_01.h5,0.36,Combined_25km_jan24_gt2r.csv
-68.16642964323077,-18.957017563072224,18.0,0.09,,0.0,0.0426371246576309,processed_ATL10-02_20240111202522_03672201_006_01.h5,0.39,Combined_25km_jan24_gt2r.csv
-67.97191257296357,-19.018642936693634,21.0,0.08,,0.0,0.0443118400871753,processed_ATL10-02_20240111202522_03672201_006_01.h5,0.36,Combined_25km_jan24_gt2r.csv
-67.71786053000713,-19.097960333879342,15.0,0.06,,0.0,0.0372730754315853,processed_ATL10-02_20240111202522_03672201_006_01.h5,0.28,Combined_25km_jan24_gt2r.csv
-67.51245208743067,-19.16106440679186,27.0,0.08,,0.0,0.0429868847131729,processed_ATL10-02_20240111202522_03672201_006_01.h5,0.36,Combined_25km_jan24_gt2r.csv
-67.29670345097858,-19.22643092703756,21.0,0.09,,0.0,0.0363010950386524,processed_ATL10-02_20240111202522_03672201_006_01.h5,0.39,Combined_25km_jan24_gt2r.csv
-77.57545222439535,-37.84746596716585,27.0,0.14,0.9233291447162628,10.432952316477897,0.2294458001852035,processed_ATL10-02_20240111215940_03682201_006_01.h5,0.57,Combined_25km_jan24_gt2r.csv
-77.33725512044992,-38.04130318348659,27.0,0.34,1.1105137334929571,9.522261574036545,0.2638973593711853,processed_ATL10-02_20240111215940_03682201_006_01.h5,1.3,Combined_25km_jan24_gt2r.csv
-77.14171117546921,-38.195707069758335,18.0,0.16,0.9081964373588562,5.997528911878665,0.1893829107284546,processed_ATL10-02_20240111215940_03682201_006_01.h5,0.65,Combined_25km_jan24_gt2r.csv
-76.12197312928562,-38.93604148889253,3.0,0.28,0.9857717752456664,2.8055017814040184,0.222167283296585,processed_ATL10-02_20240111215940_03682201_006_01.h5,1.08,Combined_25km_jan24_gt2r.csv
-75.98567875912563,-39.02736810742457,27.0,0.26,1.0123657584190369,4.944094751651089,0.2303306460380554,processed_ATL10-02_20240111215940_03682201_006_01.h5,1.01,Combined_25km_jan24_gt2r.csv
-75.76012043259658,-39.17549397844361,24.0,0.25,0.9885975047945976,4.868971311952919,0.2220532149076461,processed_ATL10-02_20240111215940_03682201_006_01.h5,0.97,Combined_25km_jan24_gt2r.csv
-75.54776293705623,-39.31118352278489,24.0,0.22,0.9417314156889915,4.985605535330251,0.2183555662631988,processed_ATL10-02_20240111215940_03682201_006_01.h5,0.86,Combined_25km_jan24_gt2r.csv
-75.32206285897513,-39.45157331407589,27.0,0.11,0.9598486688401964,5.527092371549871,0.2353304177522659,processed_ATL10-02_20240111215940_03682201_006_01.h5,0.46,Combined_25km_jan24_gt2r.csv
-75.09629711193206,-39.58833975553726,24.0,0.13,0.8716386780142784,6.492922588950023,0.2337779700756073,processed_ATL10-02_20240111215940_03682201_006_01.h5,0.54,Combined_25km_jan24_gt2r.csv
-74.8704702626471,-39.72150080695879,27.0,0.21,1.0245806319372994,3.8628094208737216,0.1935445815324783,processed_ATL10-02_20240111215940_03682201_006_01.h5,0.83,Combined_25km_jan24_gt2r.csv
-74.69288512326418,-39.82387474670531,12.0,0.19,,0.0,0.1061165556311607,processed_ATL10-02_20240111215940_03682201_006_01.h5,0.75,Combined_25km_jan24_gt2r.csv
-74.11281984161607,-40.14418778746651,6.0,0.07,,0.0,0.0436917319893837,processed_ATL10-02_20240111215940_03682201_006_01.h5,0.32,Combined_25km_jan24_gt2r.csv
-74.02061956176601,-40.193221557524666,15.0,0.06,0.6918900012969971,0.4717076942324638,0.0972818285226821,processed_ATL10-02_20240111215940_03682201_006_01.h5,0.28,Combined_25km_jan24_gt2r.csv
-73.05073578364593,-40.68096854496599,18.0,0.2,0.8245643973350525,5.721178759510319,0.212887167930603,processed_ATL10-02_20240111215940_03682201_006_01.h5,0.79,Combined_25km_jan24_gt2r.csv
-77.57545222439535,-37.84746596716585,27.0,0.14,0.9233291447162628,10.432952316477897,0.2294458001852035,processed_ATL10-02_20240111215940_03682201_006_01.h5,0.57,Combined_25km_jan24_gt2r.csv
-77.33725512044992,-38.04130318348659,27.0,0.34,1.1105137334929571,9.522261574036545,0.2638973593711853,processed_ATL10-02_20240111215940_03682201_006_01.h5,1.3,Combined_25km_jan24_gt2r.csv
-77.14171117546921,-38.195707069758335,18.0,0.16,0.9081964373588562,5.997528911878665,0.1893829107284546,processed_ATL10-02_20240111215940_03682201_006_01.h5,0.65,Combined_25km_jan24_gt2r.csv
-76.12197312928562,-38.93604148889253,3.0,0.28,0.9857717752456664,2.8055017814040184,0.222167283296585,processed_ATL10-02_20240111215940_03682201_006_01.h5,1.08,Combined_25km_jan24_gt2r.csv
-75.98567875912563,-39.02736810742457,27.0,0.26,1.0123657584190369,4.944094751651089,0.2303306460380554,processed_ATL10-02_20240111215940_03682201_006_01.h5,1.01,Combined_25km_jan24_gt2r.csv
-75.76012043259658,-39.17549397844361,24.0,0.25,0.9885975047945976,4.868971311952919,0.2220532149076461,processed_ATL10-02_20240111215940_03682201_006_01.h5,0.97,Combined_25km_jan24_gt2r.csv
-75.54776293705623,-39.31118352278489,24.0,0.22,0.9417314156889915,4.985605535330251,0.2183555662631988,processed_ATL10-02_20240111215940_03682201_006_01.h5,0.86,Combined_25km_jan24_gt2r.csv
-75.32206285897513,-39.45157331407589,27.0,0.11,0.9598486688401964,5.527092371549871,0.2353304177522659,processed_ATL10-02_20240111215940_03682201_006_01.h5,0.46,Combined_25km_jan24_gt2r.csv
-75.09629711193206,-39.58833975553726,24.0,0.13,0.8716386780142784,6.492922588950023,0.2337779700756073,processed_ATL10-02_20240111215940_03682201_006_01.h5,0.54,Combined_25km_jan24_gt2r.csv
-74.8704702626471,-39.72150080695879,27.0,0.21,1.0245806319372994,3.8628094208737216,0.1935445815324783,processed_ATL10-02_20240111215940_03682201_006_01.h5,0.83,Combined_25km_jan24_gt2r.csv
-74.69288512326418,-39.82387474670531,12.0,0.19,,0.0,0.1061165556311607,processed_ATL10-02_20240111215940_03682201_006_01.h5,0.75,Combined_25km_jan24_gt2r.csv
-74.11281984161607,-40.14418778746651,6.0,0.07,,0.0,0.0436917319893837,processed_ATL10-02_20240111215940_03682201_006_01.h5,0.32,Combined_25km_jan24_gt2r.csv
-74.02061956176601,-40.193221557524666,15.0,0.06,0.6918900012969971,0.4717076942324638,0.0972818285226821,processed_ATL10-02_20240111215940_03682201_006_01.h5,0.28,Combined_25km_jan24_gt2r.csv
-73.05073578364593,-40.68096854496599,18.0,0.2,0.8245643973350525,5.721178759510319,0.212887167930603,processed_ATL10-02_20240111215940_03682201_006_01.h5,0.79,Combined_25km_jan24_gt2r.csv
-75.7960107248655,-38.43073102871494,3.0,0.03,,0.0,0.0208920687437057,processed_ATL10-02_20240112085939_03752201_006_01.h5,0.18,Combined_25km_jan24_gt2r.csv
-75.38720297253373,-38.17151260289771,3.0,0.02,,0.0,0.013213874772191,processed_ATL10-02_20240112085939_03752201_006_01.h5,0.14,Combined_25km_jan24_gt2r.csv
-75.19617835106602,-38.05487449271283,15.0,0.1,,0.0,0.0775434076786041,processed_ATL10-02_20240112085939_03752201_006_01.h5,0.43,Combined_25km_jan24_gt2r.csv
-75.05918509511643,-37.97260195932735,12.0,0.05,0.672232449054718,0.1590521307662129,0.0885947048664093,processed_ATL10-02_20240112085939_03752201_006_01.h5,0.25,Combined_25km_jan24_gt2r.csv
-71.8421838078358,-36.35543842740646,3.0,0.05,,0.0,0.0173464994877576,processed_ATL10-02_20240112085939_03752201_006_01.h5,0.25,Combined_25km_jan24_gt2r.csv
-68.9442887581235,-35.25815535211884,27.0,0.07,,0.0,0.0728230774402618,processed_ATL10-02_20240112085939_03752201_006_01.h5,0.32,Combined_25km_jan24_gt2r.csv
-68.71542222901861,-35.18163877147239,24.0,0.05,,0.0,0.0443121753633022,processed_ATL10-02_20240112085939_03752201_006_01.h5,0.25,Combined_25km_jan24_gt2r.csv
-75.7960107248655,-38.43073102871494,3.0,0.03,,0.0,0.0208920687437057,processed_ATL10-02_20240112085939_03752201_006_01.h5,0.18,Combined_25km_jan24_gt2r.csv
-75.38720297253373,-38.17151260289771,3.0,0.02,,0.0,0.013213874772191,processed_ATL10-02_20240112085939_03752201_006_01.h5,0.14,Combined_25km_jan24_gt2r.csv
-75.19617835106602,-38.05487449271283,15.0,0.1,,0.0,0.0775434076786041,processed_ATL10-02_20240112085939_03752201_006_01.h5,0.43,Combined_25km_jan24_gt2r.csv
-75.05918509511643,-37.97260195932735,12.0,0.05,0.672232449054718,0.1590521307662129,0.0885947048664093,processed_ATL10-02_20240112085939_03752201_006_01.h5,0.25,Combined_25km_jan24_gt2r.csv
-71.8421838078358,-36.35543842740646,3.0,0.05,,0.0,0.0173464994877576,processed_ATL10-02_20240112085939_03752201_006_01.h5,0.25,Combined_25km_jan24_gt2r.csv
-68.9442887581235,-35.25815535211884,27.0,0.07,,0.0,0.0728230774402618,processed_ATL10-02_20240112085939_03752201_006_01.h5,0.32,Combined_25km_jan24_gt2r.csv
-68.71542222901861,-35.18163877147239,24.0,0.05,,0.0,0.0443121753633022,processed_ATL10-02_20240112085939_03752201_006_01.h5,0.25,Combined_25km_jan24_gt2r.csv
-75.45106023966484,-27.94859232657529,27.0,0.14,0.9739402466350132,11.694276043110424,0.2964464724063873,processed_ATL10-02_20240113210819_03982201_006_01.h5,0.57,Combined_25km_jan24_gt2r.csv
-75.22518797602953,-28.08754812618548,24.0,0.09,0.877154603600502,10.977568104863169,0.2691439986228943,processed_ATL10-02_20240113210819_03982201_006_01.h5,0.39,Combined_25km_jan24_gt2r.csv
-74.99933294612684,-28.222752611583783,27.0,0.08,0.8888762146234512,9.199230442754924,0.2428030222654342,processed_ATL10-02_20240113210819_03982201_006_01.h5,0.36,Combined_25km_jan24_gt2r.csv
-74.77350852038154,-28.354480263744875,24.0,0.08,0.8944423198699951,12.641283497214316,0.2695314884185791,processed_ATL10-02_20240113210819_03982201_006_01.h5,0.36,Combined_25km_jan24_gt2r.csv
-74.54755728282656,-28.48282524316425,27.0,0.14,0.941237231095632,13.556631302667988,0.2865442037582397,processed_ATL10-02_20240113210819_03982201_006_01.h5,0.57,Combined_25km_jan24_gt2r.csv
-74.32157159216958,-28.60805321777221,24.0,0.12,0.8429842392603556,5.03772480878979,0.2019951194524765,processed_ATL10-02_20240113210819_03982201_006_01.h5,0.5,Combined_25km_jan24_gt2r.csv
-74.09553320270513,-28.730184376435627,27.0,0.16,0.9044392704963684,11.213674437668589,0.2852673232555389,processed_ATL10-02_20240113210819_03982201_006_01.h5,0.65,Combined_25km_jan24_gt2r.csv
-73.87762675281817,-28.84516714060436,21.0,0.07,0.8540517568588257,15.35202083843095,0.2170176208019256,processed_ATL10-02_20240113210819_03982201_006_01.h5,0.32,Combined_25km_jan24_gt2r.csv
-73.64568968187507,-28.964604674746585,27.0,0.22,0.9681977927684784,8.04089212583171,0.2347167283296585,processed_ATL10-02_20240113210819_03982201_006_01.h5,0.86,Combined_25km_jan24_gt2r.csv
-73.41710233498534,-29.07960644921549,24.0,0.08,0.8809188902378082,9.378085390198976,0.2151632606983184,processed_ATL10-02_20240113210819_03982201_006_01.h5,0.36,Combined_25km_jan24_gt2r.csv
-73.19093508708082,-29.19072509438296,27.0,0.05,0.8891621165805392,22.7914498705003,0.3021208643913269,processed_ATL10-02_20240113210819_03982201_006_01.h5,0.25,Combined_25km_jan24_gt2r.csv
-72.96455178113229,-29.299482154363464,24.0,0.18,0.894749104976654,12.127357223653236,0.2462168335914611,processed_ATL10-02_20240113210819_03982201_006_01.h5,0.72,Combined_25km_jan24_gt2r.csv
-72.73818428473298,-29.405736650400936,27.0,0.37,1.022129544189998,1.8369730458491376,0.2352574169635772,processed_ATL10-02_20240113210819_03982201_006_01.h5,1.41,Combined_25km_jan24_gt2r.csv
-72.51180118848163,-29.50967420610384,24.0,0.04,0.8020905554294586,13.360698381438851,0.2531726360321045,processed_ATL10-02_20240113210819_03982201_006_01.h5,0.21,Combined_25km_jan24_gt2r.csv
-72.28546735164682,-29.611392747539405,27.0,0.08,0.7976721856329176,8.835137190504206,0.2351857274770736,processed_ATL10-02_20240113210819_03982201_006_01.h5,0.36,Combined_25km_jan24_gt2r.csv
-72.0589166262937,-29.71114384504986,24.0,0.17,0.8683796865599496,3.961098624859005,0.2009483426809311,processed_ATL10-02_20240113210819_03982201_006_01.h5,0.68,Combined_25km_jan24_gt2r.csv
-71.86159272654885,-29.7963052453136,21.0,0.11,0.7766600728034974,2.726301281446857,0.1475226879119873,processed_ATL10-02_20240113210819_03982201_006_01.h5,0.46,Combined_25km_jan24_gt2r.csv
-71.70214800455382,-29.86407277532379,9.0,0.18,,0.0,0.1326281279325485,processed_ATL10-02_20240113210819_03982201_006_01.h5,0.72,Combined_25km_jan24_gt2r.csv
-71.40893089252009,-29.98607503472072,6.0,0.07,,0.0,0.0547177419066429,processed_ATL10-02_20240113210819_03982201_006_01.h5,0.32,Combined_25km_jan24_gt2r.csv
-70.88607366684849,-30.19611458350202,12.0,0.04,0.6725981831550598,0.5311815999448299,0.1159876734018325,processed_ATL10-02_20240113210819_03982201_006_01.h5,0.21,Combined_25km_jan24_gt2r.csv
-75.45106023966484,-27.94859232657529,27.0,0.14,0.9739402466350132,11.694276043110424,0.2964464724063873,processed_ATL10-02_20240113210819_03982201_006_01.h5,0.57,Combined_25km_jan24_gt2r.csv
-75.22518797602953,-28.08754812618548,24.0,0.09,0.877154603600502,10.977568104863169,0.2691439986228943,processed_ATL10-02_20240113210819_03982201_006_01.h5,0.39,Combined_25km_jan24_gt2r.csv
-74.99933294612684,-28.222752611583783,27.0,0.08,0.8888762146234512,9.199230442754924,0.2428030222654342,processed_ATL10-02_20240113210819_03982201_006_01.h5,0.36,Combined_25km_jan24_gt2r.csv
-74.77350852038154,-28.354480263744875,24.0,0.08,0.8944423198699951,12.641283497214316,0.2695314884185791,processed_ATL10-02_20240113210819_03982201_006_01.h5,0.36,Combined_25km_jan24_gt2r.csv
-74.54755728282656,-28.48282524316425,27.0,0.14,0.941237231095632,13.556631302667988,0.2865442037582397,processed_ATL10-02_20240113210819_03982201_006_01.h5,0.57,Combined_25km_jan24_gt2r.csv
-74.32157159216958,-28.60805321777221,24.0,0.12,0.8429842392603556,5.03772480878979,0.2019951194524765,processed_ATL10-02_20240113210819_03982201_006_01.h5,0.5,Combined_25km_jan24_gt2r.csv
-74.09553320270513,-28.730184376435627,27.0,0.16,0.9044392704963684,11.213674437668589,0.2852673232555389,processed_ATL10-02_20240113210819_03982201_006_01.h5,0.65,Combined_25km_jan24_gt2r.csv
-73.87762675281817,-28.84516714060436,21.0,0.07,0.8540517568588257,15.35202083843095,0.2170176208019256,processed_ATL10-02_20240113210819_03982201_006_01.h5,0.32,Combined_25km_jan24_gt2r.csv
-73.64568968187507,-28.964604674746585,27.0,0.22,0.9681977927684784,8.04089212583171,0.2347167283296585,processed_ATL10-02_20240113210819_03982201_006_01.h5,0.86,Combined_25km_jan24_gt2r.csv
-73.41710233498534,-29.07960644921549,24.0,0.08,0.8809188902378082,9.378085390198976,0.2151632606983184,processed_ATL10-02_20240113210819_03982201_006_01.h5,0.36,Combined_25km_jan24_gt2r.csv
-73.19093508708082,-29.19072509438296,27.0,0.05,0.8891621165805392,22.7914498705003,0.3021208643913269,processed_ATL10-02_20240113210819_03982201_006_01.h5,0.25,Combined_25km_jan24_gt2r.csv
-72.96455178113229,-29.299482154363464,24.0,0.18,0.894749104976654,12.127357223653236,0.2462168335914611,processed_ATL10-02_20240113210819_03982201_006_01.h5,0.72,Combined_25km_jan24_gt2r.csv
-72.73818428473298,-29.405736650400936,27.0,0.37,1.022129544189998,1.8369730458491376,0.2352574169635772,processed_ATL10-02_20240113210819_03982201_006_01.h5,1.41,Combined_25km_jan24_gt2r.csv
-72.51180118848163,-29.50967420610384,24.0,0.04,0.8020905554294586,13.360698381438851,0.2531726360321045,processed_ATL10-02_20240113210819_03982201_006_01.h5,0.21,Combined_25km_jan24_gt2r.csv
-72.28546735164682,-29.611392747539405,27.0,0.08,0.7976721856329176,8.835137190504206,0.2351857274770736,processed_ATL10-02_20240113210819_03982201_006_01.h5,0.36,Combined_25km_jan24_gt2r.csv
-72.0589166262937,-29.71114384504986,24.0,0.17,0.8683796865599496,3.961098624859005,0.2009483426809311,processed_ATL10-02_20240113210819_03982201_006_01.h5,0.68,Combined_25km_jan24_gt2r.csv
-71.86159272654885,-29.7963052453136,21.0,0.11,0.7766600728034974,2.726301281446857,0.1475226879119873,processed_ATL10-02_20240113210819_03982201_006_01.h5,0.46,Combined_25km_jan24_gt2r.csv
-71.70214800455382,-29.86407277532379,9.0,0.18,,0.0,0.1326281279325485,processed_ATL10-02_20240113210819_03982201_006_01.h5,0.72,Combined_25km_jan24_gt2r.csv
-71.40893089252009,-29.98607503472072,6.0,0.07,,0.0,0.0547177419066429,processed_ATL10-02_20240113210819_03982201_006_01.h5,0.32,Combined_25km_jan24_gt2r.csv
-70.88607366684849,-30.19611458350202,12.0,0.04,0.6725981831550598,0.5311815999448299,0.1159876734018325,processed_ATL10-02_20240113210819_03982201_006_01.h5,0.21,Combined_25km_jan24_gt2r.csv
-74.68825930877671,-26.33560340691703,27.0,0.06,0.908703863620758,17.88583718654182,0.337008535861969,processed_ATL10-02_20240114080820_04052201_006_01.h5,0.28,Combined_25km_jan24_gt2r.csv
-74.46224145532801,-26.208415657926302,24.0,0.19,1.0499974563717842,10.313423117622731,0.3570927381515503,processed_ATL10-02_20240114080820_04052201_006_01.h5,0.75,Combined_25km_jan24_gt2r.csv
-74.2362336720236,-26.08449160975254,27.0,0.07,0.9114695522520276,18.823129331900013,0.3249689638614654,processed_ATL10-02_20240114080820_04052201_006_01.h5,0.32,Combined_25km_jan24_gt2r.csv
-74.0899451943103,-26.005764730737205,6.0,0.08,0.8827859461307526,23.91534093767405,0.3137842714786529,processed_ATL10-02_20240114080820_04052201_006_01.h5,0.36,Combined_25km_jan24_gt2r.csv
-73.75743862974528,-25.83161553706452,21.0,0.08,0.9096084634462992,4.878164684799101,0.2083747088909149,processed_ATL10-02_20240114080820_04052201_006_01.h5,0.36,Combined_25km_jan24_gt2r.csv
-73.55791066038194,-25.729985640762504,24.0,0.06,0.8688542246818542,18.71981102740392,0.3157780170440674,processed_ATL10-02_20240114080820_04052201_006_01.h5,0.28,Combined_25km_jan24_gt2r.csv
-73.331681153023,-25.617271339978075,27.0,0.06,0.8445828706026077,12.126881453312103,0.250412106513977,processed_ATL10-02_20240114080820_04052201_006_01.h5,0.28,Combined_25km_jan24_gt2r.csv
-73.10542956350767,-25.50707688542412,24.0,0.07,0.8353873292605082,3.019939817022532,0.1698051691055297,processed_ATL10-02_20240114080820_04052201_006_01.h5,0.32,Combined_25km_jan24_gt2r.csv
-72.87914755929953,-25.39941364522707,27.0,0.08,0.9094184637069702,10.2322974966632,0.2514889240264892,processed_ATL10-02_20240114080820_04052201_006_01.h5,0.36,Combined_25km_jan24_gt2r.csv
-72.65278524255672,-25.294032606187045,24.0,0.06,0.8137699142098427,13.27636823989451,0.2442867308855056,processed_ATL10-02_20240114080820_04052201_006_01.h5,0.28,Combined_25km_jan24_gt2r.csv
-72.4263894998411,-25.1909415725167,27.0,0.06,0.7932382888264127,6.634931675054961,0.2148561328649521,processed_ATL10-02_20240114080820_04052201_006_01.h5,0.28,Combined_25km_jan24_gt2r.csv
-72.1999408071834,-25.08996092806409,24.0,0.11,0.8155108317732811,5.765100565622561,0.2050604820251464,processed_ATL10-02_20240114080820_04052201_006_01.h5,0.46,Combined_25km_jan24_gt2r.csv
-71.97342800915732,-24.9910658963367,27.0,0.09,0.7213094532489777,3.751024086442259,0.1903106868267059,processed_ATL10-02_20240114080820_04052201_006_01.h5,0.39,Combined_25km_jan24_gt2r.csv
-71.74689466630262,-24.89418323395752,24.0,0.11,0.6598842144012451,0.062893217545934,0.1126685440540313,processed_ATL10-02_20240114080820_04052201_006_01.h5,0.46,Combined_25km_jan24_gt2r.csv
-71.53370792808921,-24.804814515369507,24.0,0.07,0.8142255693674088,0.6248792546102777,0.1341787278652191,processed_ATL10-02_20240114080820_04052201_006_01.h5,0.32,Combined_25km_jan24_gt2r.csv
-71.30705083298602,-24.711643689786,27.0,0.07,0.8553435007731119,0.1250303065818217,0.1088448092341423,processed_ATL10-02_20240114080820_04052201_006_01.h5,0.32,Combined_25km_jan24_gt2r.csv
-71.08046812353706,-24.62027638276901,24.0,0.1,0.7196121414502462,0.2786526369163766,0.1103136837482452,processed_ATL10-02_20240114080820_04052201_006_01.h5,0.43,Combined_25km_jan24_gt2r.csv
-70.8538027767578,-24.53066025814355,27.0,0.12,1.013554573059082,0.1248489858375655,0.0906297042965889,processed_ATL10-02_20240114080820_04052201_006_01.h5,0.5,Combined_25km_jan24_gt2r.csv
-70.62707891280948,-24.442695675820048,24.0,0.11,,0.0,0.0875007957220077,processed_ATL10-02_20240114080820_04052201_006_01.h5,0.46,Combined_25km_jan24_gt2r.csv
-70.40011243467832,-24.356294327044544,27.0,0.09,,0.0,0.0666740238666534,processed_ATL10-02_20240114080820_04052201_006_01.h5,0.39,Combined_25km_jan24_gt2r.csv
-70.17355436608156,-24.271583656221708,24.0,0.08,,0.0,0.083204410970211,processed_ATL10-02_20240114080820_04052201_006_01.h5,0.36,Combined_25km_jan24_gt2r.csv
-69.95893307434862,-24.192777882095527,24.0,0.08,0.850992351770401,0.66738550667651,0.0917585045099258,processed_ATL10-02_20240114080820_04052201_006_01.h5,0.36,Combined_25km_jan24_gt2r.csv
-69.74555753384824,-24.115801648928908,12.0,0.09,,0.0,0.0276948101818561,processed_ATL10-02_20240114080820_04052201_006_01.h5,0.39,Combined_25km_jan24_gt2r.csv
-69.5081879366164,-24.03163972041135,6.0,0.1,,0.0,0.0560993440449237,processed_ATL10-02_20240114080820_04052201_006_01.h5,0.43,Combined_25km_jan24_gt2r.csv
-69.21765416513193,-23.93050499468577,3.0,0.15,,0.0,0.0339661836624145,processed_ATL10-02_20240114080820_04052201_006_01.h5,0.61,Combined_25km_jan24_gt2r.csv
-69.04307452469027,-23.870895529200343,9.0,0.08,,0.0,0.0331581719219684,processed_ATL10-02_20240114080820_04052201_006_01.h5,0.36,Combined_25km_jan24_gt2r.csv
-68.83154166183887,-23.7995993517639,24.0,0.07,,0.0,0.0472538061439991,processed_ATL10-02_20240114080820_04052201_006_01.h5,0.32,Combined_25km_jan24_gt2r.csv
-74.68825930877671,-26.33560340691703,27.0,0.06,0.908703863620758,17.88583718654182,0.337008535861969,processed_ATL10-02_20240114080820_04052201_006_01.h5,0.28,Combined_25km_jan24_gt2r.csv
-74.46224145532801,-26.208415657926302,24.0,0.19,1.0499974563717842,10.313423117622731,0.3570927381515503,processed_ATL10-02_20240114080820_04052201_006_01.h5,0.75,Combined_25km_jan24_gt2r.csv
-74.2362336720236,-26.08449160975254,27.0,0.07,0.9114695522520276,18.823129331900013,0.3249689638614654,processed_ATL10-02_20240114080820_04052201_006_01.h5,0.32,Combined_25km_jan24_gt2r.csv
-74.0899451943103,-26.005764730737205,6.0,0.08,0.8827859461307526,23.91534093767405,0.3137842714786529,processed_ATL10-02_20240114080820_04052201_006_01.h5,0.36,Combined_25km_jan24_gt2r.csv
-73.75743862974528,-25.83161553706452,21.0,0.08,0.9096084634462992,4.878164684799101,0.2083747088909149,processed_ATL10-02_20240114080820_04052201_006_01.h5,0.36,Combined_25km_jan24_gt2r.csv
-73.55791066038194,-25.729985640762504,24.0,0.06,0.8688542246818542,18.71981102740392,0.3157780170440674,processed_ATL10-02_20240114080820_04052201_006_01.h5,0.28,Combined_25km_jan24_gt2r.csv
-73.331681153023,-25.617271339978075,27.0,0.06,0.8445828706026077,12.126881453312103,0.250412106513977,processed_ATL10-02_20240114080820_04052201_006_01.h5,0.28,Combined_25km_jan24_gt2r.csv
-73.10542956350767,-25.50707688542412,24.0,0.07,0.8353873292605082,3.019939817022532,0.1698051691055297,processed_ATL10-02_20240114080820_04052201_006_01.h5,0.32,Combined_25km_jan24_gt2r.csv
-72.87914755929953,-25.39941364522707,27.0,0.08,0.9094184637069702,10.2322974966632,0.2514889240264892,processed_ATL10-02_20240114080820_04052201_006_01.h5,0.36,Combined_25km_jan24_gt2r.csv
-72.65278524255672,-25.294032606187045,24.0,0.06,0.8137699142098427,13.27636823989451,0.2442867308855056,processed_ATL10-02_20240114080820_04052201_006_01.h5,0.28,Combined_25km_jan24_gt2r.csv
-72.4263894998411,-25.1909415725167,27.0,0.06,0.7932382888264127,6.634931675054961,0.2148561328649521,processed_ATL10-02_20240114080820_04052201_006_01.h5,0.28,Combined_25km_jan24_gt2r.csv
-72.1999408071834,-25.08996092806409,24.0,0.11,0.8155108317732811,5.765100565622561,0.2050604820251464,processed_ATL10-02_20240114080820_04052201_006_01.h5,0.46,Combined_25km_jan24_gt2r.csv
-71.97342800915732,-24.9910658963367,27.0,0.09,0.7213094532489777,3.751024086442259,0.1903106868267059,processed_ATL10-02_20240114080820_04052201_006_01.h5,0.39,Combined_25km_jan24_gt2r.csv
-71.74689466630262,-24.89418323395752,24.0,0.11,0.6598842144012451,0.062893217545934,0.1126685440540313,processed_ATL10-02_20240114080820_04052201_006_01.h5,0.46,Combined_25km_jan24_gt2r.csv
-71.53370792808921,-24.804814515369507,24.0,0.07,0.8142255693674088,0.6248792546102777,0.1341787278652191,processed_ATL10-02_20240114080820_04052201_006_01.h5,0.32,Combined_25km_jan24_gt2r.csv
-71.30705083298602,-24.711643689786,27.0,0.07,0.8553435007731119,0.1250303065818217,0.1088448092341423,processed_ATL10-02_20240114080820_04052201_006_01.h5,0.32,Combined_25km_jan24_gt2r.csv
-71.08046812353706,-24.62027638276901,24.0,0.1,0.7196121414502462,0.2786526369163766,0.1103136837482452,processed_ATL10-02_20240114080820_04052201_006_01.h5,0.43,Combined_25km_jan24_gt2r.csv
-70.8538027767578,-24.53066025814355,27.0,0.12,1.013554573059082,0.1248489858375655,0.0906297042965889,processed_ATL10-02_20240114080820_04052201_006_01.h5,0.5,Combined_25km_jan24_gt2r.csv
-70.62707891280948,-24.442695675820048,24.0,0.11,,0.0,0.0875007957220077,processed_ATL10-02_20240114080820_04052201_006_01.h5,0.46,Combined_25km_jan24_gt2r.csv
-70.40011243467832,-24.356294327044544,27.0,0.09,,0.0,0.0666740238666534,processed_ATL10-02_20240114080820_04052201_006_01.h5,0.39,Combined_25km_jan24_gt2r.csv
-70.17355436608156,-24.271583656221708,24.0,0.08,,0.0,0.083204410970211,processed_ATL10-02_20240114080820_04052201_006_01.h5,0.36,Combined_25km_jan24_gt2r.csv
-69.95893307434862,-24.192777882095527,24.0,0.08,0.850992351770401,0.66738550667651,0.0917585045099258,processed_ATL10-02_20240114080820_04052201_006_01.h5,0.36,Combined_25km_jan24_gt2r.csv
-69.74555753384824,-24.115801648928908,12.0,0.09,,0.0,0.0276948101818561,processed_ATL10-02_20240114080820_04052201_006_01.h5,0.39,Combined_25km_jan24_gt2r.csv
-69.5081879366164,-24.03163972041135,6.0,0.1,,0.0,0.0560993440449237,processed_ATL10-02_20240114080820_04052201_006_01.h5,0.43,Combined_25km_jan24_gt2r.csv
-69.21765416513193,-23.93050499468577,3.0,0.15,,0.0,0.0339661836624145,processed_ATL10-02_20240114080820_04052201_006_01.h5,0.61,Combined_25km_jan24_gt2r.csv
-69.04307452469027,-23.870895529200343,9.0,0.08,,0.0,0.0331581719219684,processed_ATL10-02_20240114080820_04052201_006_01.h5,0.36,Combined_25km_jan24_gt2r.csv
-68.83154166183887,-23.7995993517639,24.0,0.07,,0.0,0.0472538061439991,processed_ATL10-02_20240114080820_04052201_006_01.h5,0.32,Combined_25km_jan24_gt2r.csv
-71.58665116039839,-24.20161748848569,21.0,0.09,,0.0,0.0975235924124717,processed_ATL10-02_20240114204239_04132201_006_01.h5,0.39,Combined_25km_jan24_gt2r.csv
-71.36770328791474,-24.292102693608435,27.0,0.08,0.7226215998331705,0.4138529404169983,0.1043798550963401,processed_ATL10-02_20240114204239_04132201_006_01.h5,0.36,Combined_25km_jan24_gt2r.csv
-71.20841141124704,-24.3569312800132,9.0,0.08,0.7400393486022949,0.180357089266181,0.1010731756687164,processed_ATL10-02_20240114204239_04132201_006_01.h5,0.36,Combined_25km_jan24_gt2r.csv
-70.68968092544162,-24.56175878860488,24.0,0.1,,0.0,0.0663016512989997,processed_ATL10-02_20240114204239_04132201_006_01.h5,0.43,Combined_25km_jan24_gt2r.csv
-70.4608863703472,-24.649330827101736,27.0,0.09,0.8089714050292969,0.0908404692179626,0.0878492444753646,processed_ATL10-02_20240114204239_04132201_006_01.h5,0.39,Combined_25km_jan24_gt2r.csv
-70.24770130442297,-24.72949732674354,21.0,0.11,,0.0,0.0751508846879005,processed_ATL10-02_20240114204239_04132201_006_01.h5,0.46,Combined_25km_jan24_gt2r.csv
-69.10114039027962,-25.138239970574897,21.0,0.07,,0.0,0.0522093512117862,processed_ATL10-02_20240114204239_04132201_006_01.h5,0.32,Combined_25km_jan24_gt2r.csv
-68.88830906932151,-25.210247849734944,27.0,0.08,,0.0,0.0371525175869464,processed_ATL10-02_20240114204239_04132201_006_01.h5,0.36,Combined_25km_jan24_gt2r.csv
-68.66243062415154,-25.285504343834177,24.0,0.07,,0.0,0.0494471937417984,processed_ATL10-02_20240114204239_04132201_006_01.h5,0.32,Combined_25km_jan24_gt2r.csv
-68.44971808361919,-25.35525529444537,24.0,0.07,,0.0,0.0436501689255237,processed_ATL10-02_20240114204239_04132201_006_01.h5,0.32,Combined_25km_jan24_gt2r.csv
-71.58665116039839,-24.20161748848569,21.0,0.09,,0.0,0.0975235924124717,processed_ATL10-02_20240114204239_04132201_006_01.h5,0.39,Combined_25km_jan24_gt2r.csv
-71.36770328791474,-24.292102693608435,27.0,0.08,0.7226215998331705,0.4138529404169983,0.1043798550963401,processed_ATL10-02_20240114204239_04132201_006_01.h5,0.36,Combined_25km_jan24_gt2r.csv
-71.20841141124704,-24.3569312800132,9.0,0.08,0.7400393486022949,0.180357089266181,0.1010731756687164,processed_ATL10-02_20240114204239_04132201_006_01.h5,0.36,Combined_25km_jan24_gt2r.csv
-70.68968092544162,-24.56175878860488,24.0,0.1,,0.0,0.0663016512989997,processed_ATL10-02_20240114204239_04132201_006_01.h5,0.43,Combined_25km_jan24_gt2r.csv
-70.4608863703472,-24.649330827101736,27.0,0.09,0.8089714050292969,0.0908404692179626,0.0878492444753646,processed_ATL10-02_20240114204239_04132201_006_01.h5,0.39,Combined_25km_jan24_gt2r.csv
-70.24770130442297,-24.72949732674354,21.0,0.11,,0.0,0.0751508846879005,processed_ATL10-02_20240114204239_04132201_006_01.h5,0.46,Combined_25km_jan24_gt2r.csv
-69.10114039027962,-25.138239970574897,21.0,0.07,,0.0,0.0522093512117862,processed_ATL10-02_20240114204239_04132201_006_01.h5,0.32,Combined_25km_jan24_gt2r.csv
-68.88830906932151,-25.210247849734944,27.0,0.08,,0.0,0.0371525175869464,processed_ATL10-02_20240114204239_04132201_006_01.h5,0.36,Combined_25km_jan24_gt2r.csv
-68.66243062415154,-25.285504343834177,24.0,0.07,,0.0,0.0494471937417984,processed_ATL10-02_20240114204239_04132201_006_01.h5,0.32,Combined_25km_jan24_gt2r.csv
-68.44971808361919,-25.35525529444537,24.0,0.07,,0.0,0.0436501689255237,processed_ATL10-02_20240114204239_04132201_006_01.h5,0.32,Combined_25km_jan24_gt2r.csv
-77.6482318699869,-44.28040059451493,27.0,0.22,0.9636111855506896,4.2153123869664135,0.2071903944015503,processed_ATL10-02_20240114221656_04142201_006_01.h5,0.86,Combined_25km_jan24_gt2r.csv
-77.41009946703673,-44.47622803122744,27.0,0.2,0.977180290222168,0.9523355660753118,0.1528933197259903,processed_ATL10-02_20240114221656_04142201_006_01.h5,0.79,Combined_25km_jan24_gt2r.csv
-77.18507997428458,-44.65513980838891,24.0,0.21,1.0921083688735962,7.294968189671636,0.2449646741151809,processed_ATL10-02_20240114221656_04142201_006_01.h5,0.83,Combined_25km_jan24_gt2r.csv
-77.6482318699869,-44.28040059451493,27.0,0.22,0.9636111855506896,4.2153123869664135,0.2071903944015503,processed_ATL10-02_20240114221656_04142201_006_01.h5,0.86,Combined_25km_jan24_gt2r.csv
-77.41009946703673,-44.47622803122744,27.0,0.2,0.977180290222168,0.9523355660753118,0.1528933197259903,processed_ATL10-02_20240114221656_04142201_006_01.h5,0.79,Combined_25km_jan24_gt2r.csv
-77.18507997428458,-44.65513980838891,24.0,0.21,1.0921083688735962,7.294968189671636,0.2449646741151809,processed_ATL10-02_20240114221656_04142201_006_01.h5,0.83,Combined_25km_jan24_gt2r.csv
-71.79316171966609,-19.20433111923664,30.0,0.15,,0.0,0.0601517632603645,processed_ATL10-02_20240115074239_04202201_006_01.h5,0.61,Combined_25km_jan24_gt2r.csv
-71.6368347514007,-19.138254101439596,6.0,0.18,,0.0,0.065521202981472,processed_ATL10-02_20240115074239_04202201_006_01.h5,0.72,Combined_25km_jan24_gt2r.csv
-70.85037439476193,-18.81994242358496,15.0,0.17,,0.0,0.0634968131780624,processed_ATL10-02_20240115074239_04202201_006_01.h5,0.68,Combined_25km_jan24_gt2r.csv
-70.66392729559519,-18.7475371622418,27.0,0.15,1.5142245292663574,0.1754835868875185,0.084171749651432,processed_ATL10-02_20240115074239_04202201_006_01.h5,0.61,Combined_25km_jan24_gt2r.csv
-70.43721781650267,-18.66086857115413,24.0,0.18,,0.0,0.0786430761218071,processed_ATL10-02_20240115074239_04202201_006_01.h5,0.72,Combined_25km_jan24_gt2r.csv
-70.21031466029923,-18.575708605299926,27.0,0.19,1.1104875802993774,0.1815131141079796,0.08919158577919,processed_ATL10-02_20240115074239_04202201_006_01.h5,0.75,Combined_25km_jan24_gt2r.csv
-69.983623666178,-18.492118686268064,24.0,0.19,,0.0,0.0908905118703842,processed_ATL10-02_20240115074239_04202201_006_01.h5,0.75,Combined_25km_jan24_gt2r.csv
-71.79316171966609,-19.20433111923664,30.0,0.15,,0.0,0.0601517632603645,processed_ATL10-02_20240115074239_04202201_006_01.h5,0.61,Combined_25km_jan24_gt2r.csv
-71.6368347514007,-19.138254101439596,6.0,0.18,,0.0,0.065521202981472,processed_ATL10-02_20240115074239_04202201_006_01.h5,0.72,Combined_25km_jan24_gt2r.csv
-70.85037439476193,-18.81994242358496,15.0,0.17,,0.0,0.0634968131780624,processed_ATL10-02_20240115074239_04202201_006_01.h5,0.68,Combined_25km_jan24_gt2r.csv
-70.66392729559519,-18.7475371622418,27.0,0.15,1.5142245292663574,0.1754835868875185,0.084171749651432,processed_ATL10-02_20240115074239_04202201_006_01.h5,0.61,Combined_25km_jan24_gt2r.csv
-70.43721781650267,-18.66086857115413,24.0,0.18,,0.0,0.0786430761218071,processed_ATL10-02_20240115074239_04202201_006_01.h5,0.72,Combined_25km_jan24_gt2r.csv
-70.21031466029923,-18.575708605299926,27.0,0.19,1.1104875802993774,0.1815131141079796,0.08919158577919,processed_ATL10-02_20240115074239_04202201_006_01.h5,0.75,Combined_25km_jan24_gt2r.csv
-69.983623666178,-18.492118686268064,24.0,0.19,,0.0,0.0908905118703842,processed_ATL10-02_20240115074239_04202201_006_01.h5,0.75,Combined_25km_jan24_gt2r.csv
-70.59535266272964,-18.88676598255748,27.0,0.09,,0.0,0.0631110742688179,processed_ATL10-02_20240115201657_04282201_006_01.h5,0.39,Combined_25km_jan24_gt2r.csv
-70.36861620714004,-18.972965030193727,24.0,0.09,,0.0,0.0627218782901763,processed_ATL10-02_20240115201657_04282201_006_01.h5,0.39,Combined_25km_jan24_gt2r.csv
-70.14190388784226,-19.057585364228924,27.0,0.09,,0.0,0.0518721938133239,processed_ATL10-02_20240115201657_04282201_006_01.h5,0.39,Combined_25km_jan24_gt2r.csv
-69.9151157382407,-19.14074830111708,24.0,0.08,,0.0,0.0526864193379879,processed_ATL10-02_20240115201657_04282201_006_01.h5,0.36,Combined_25km_jan24_gt2r.csv
-69.68821940045062,-19.222456692322694,27.0,0.12,,0.0,0.0639087557792663,processed_ATL10-02_20240115201657_04282201_006_01.h5,0.5,Combined_25km_jan24_gt2r.csv
-69.46136038447133,-19.302743797872413,24.0,0.11,,0.0,0.0603967383503913,processed_ATL10-02_20240115201657_04282201_006_01.h5,0.46,Combined_25km_jan24_gt2r.csv
-69.23454773816495,-19.381575559144384,27.0,0.15,,0.0,0.059606235474348,processed_ATL10-02_20240115201657_04282201_006_01.h5,0.61,Combined_25km_jan24_gt2r.csv
-69.00759279793142,-19.45912597474192,24.0,0.1,,0.0,0.0519967526197433,processed_ATL10-02_20240115201657_04282201_006_01.h5,0.43,Combined_25km_jan24_gt2r.csv
-68.79396359902451,-19.530926531809836,24.0,0.14,,0.0,0.06021274253726,processed_ATL10-02_20240115201657_04282201_006_01.h5,0.57,Combined_25km_jan24_gt2r.csv
-68.56703040681265,-19.605971736075585,27.0,0.15,,0.0,0.0699310302734375,processed_ATL10-02_20240115201657_04282201_006_01.h5,0.61,Combined_25km_jan24_gt2r.csv
-68.3400364635793,-19.67988212685384,24.0,0.15,,0.0,0.074807122349739,processed_ATL10-02_20240115201657_04282201_006_01.h5,0.61,Combined_25km_jan24_gt2r.csv
-70.59535266272964,-18.88676598255748,27.0,0.09,,0.0,0.0631110742688179,processed_ATL10-02_20240115201657_04282201_006_01.h5,0.39,Combined_25km_jan24_gt2r.csv
-70.36861620714004,-18.972965030193727,24.0,0.09,,0.0,0.0627218782901763,processed_ATL10-02_20240115201657_04282201_006_01.h5,0.39,Combined_25km_jan24_gt2r.csv
-70.14190388784226,-19.057585364228924,27.0,0.09,,0.0,0.0518721938133239,processed_ATL10-02_20240115201657_04282201_006_01.h5,0.39,Combined_25km_jan24_gt2r.csv
-69.9151157382407,-19.14074830111708,24.0,0.08,,0.0,0.0526864193379879,processed_ATL10-02_20240115201657_04282201_006_01.h5,0.36,Combined_25km_jan24_gt2r.csv
-69.68821940045062,-19.222456692322694,27.0,0.12,,0.0,0.0639087557792663,processed_ATL10-02_20240115201657_04282201_006_01.h5,0.5,Combined_25km_jan24_gt2r.csv
-69.46136038447133,-19.302743797872413,24.0,0.11,,0.0,0.0603967383503913,processed_ATL10-02_20240115201657_04282201_006_01.h5,0.46,Combined_25km_jan24_gt2r.csv
-69.23454773816495,-19.381575559144384,27.0,0.15,,0.0,0.059606235474348,processed_ATL10-02_20240115201657_04282201_006_01.h5,0.61,Combined_25km_jan24_gt2r.csv
-69.00759279793142,-19.45912597474192,24.0,0.1,,0.0,0.0519967526197433,processed_ATL10-02_20240115201657_04282201_006_01.h5,0.43,Combined_25km_jan24_gt2r.csv
-68.79396359902451,-19.530926531809836,24.0,0.14,,0.0,0.06021274253726,processed_ATL10-02_20240115201657_04282201_006_01.h5,0.57,Combined_25km_jan24_gt2r.csv
-68.56703040681265,-19.605971736075585,27.0,0.15,,0.0,0.0699310302734375,processed_ATL10-02_20240115201657_04282201_006_01.h5,0.61,Combined_25km_jan24_gt2r.csv
-68.3400364635793,-19.67988212685384,24.0,0.15,,0.0,0.074807122349739,processed_ATL10-02_20240115201657_04282201_006_01.h5,0.61,Combined_25km_jan24_gt2r.csv
-77.10826407614327,-34.42969452630084,9.0,0.11,0.8746842741966248,4.336952914794286,0.1947506219148636,processed_ATL10-02_20240117082533_04512201_006_01.h5,0.46,Combined_25km_jan24_gt2r.csv
-76.74848993637065,-34.15795340417759,3.0,0.32,1.021894931793213,18.4130921959877,0.2305458039045334,processed_ATL10-02_20240117082533_04512201_006_01.h5,1.23,Combined_25km_jan24_gt2r.csv
-76.57743979700712,-34.033601962213204,27.0,0.1,0.9964890003204344,7.918638244478239,0.2006615102291107,processed_ATL10-02_20240117082533_04512201_006_01.h5,0.43,Combined_25km_jan24_gt2r.csv
-76.35303226820496,-33.874391573159244,24.0,0.14,0.7081162929534912,0.5298753327224404,0.1351094394922256,processed_ATL10-02_20240117082533_04512201_006_01.h5,0.57,Combined_25km_jan24_gt2r.csv
-76.12703999361833,-33.7188128680144,27.0,0.1,0.761179506778717,0.1758741214871406,0.112110286951065,processed_ATL10-02_20240117082533_04512201_006_01.h5,0.43,Combined_25km_jan24_gt2r.csv
-77.10826407614327,-34.42969452630084,9.0,0.11,0.8746842741966248,4.336952914794286,0.1947506219148636,processed_ATL10-02_20240117082533_04512201_006_01.h5,0.46,Combined_25km_jan24_gt2r.csv
-76.74848993637065,-34.15795340417759,3.0,0.32,1.021894931793213,18.4130921959877,0.2305458039045334,processed_ATL10-02_20240117082533_04512201_006_01.h5,1.23,Combined_25km_jan24_gt2r.csv
-76.57743979700712,-34.033601962213204,27.0,0.1,0.9964890003204344,7.918638244478239,0.2006615102291107,processed_ATL10-02_20240117082533_04512201_006_01.h5,0.43,Combined_25km_jan24_gt2r.csv
-76.35303226820496,-33.874391573159244,24.0,0.14,0.7081162929534912,0.5298753327224404,0.1351094394922256,processed_ATL10-02_20240117082533_04512201_006_01.h5,0.57,Combined_25km_jan24_gt2r.csv
-76.12703999361833,-33.7188128680144,27.0,0.1,0.761179506778717,0.1758741214871406,0.112110286951065,processed_ATL10-02_20240117082533_04512201_006_01.h5,0.43,Combined_25km_jan24_gt2r.csv
-69.88409818157066,-24.944171731619857,18.0,0.11,0.7424715459346771,0.1365745556540787,0.0743237361311912,processed_ATL10-02_20240118075951_04662201_006_01.h5,0.46,Combined_25km_jan24_gt2r.csv
-68.15312055391982,-24.35669066267738,3.0,0.02,,0.0,0.1797923594713211,processed_ATL10-02_20240118075951_04662201_006_01.h5,0.14,Combined_25km_jan24_gt2r.csv
-69.88409818157066,-24.944171731619857,18.0,0.11,0.7424715459346771,0.1365745556540787,0.0743237361311912,processed_ATL10-02_20240118075951_04662201_006_01.h5,0.46,Combined_25km_jan24_gt2r.csv
-68.15312055391982,-24.35669066267738,3.0,0.02,,0.0,0.1797923594713211,processed_ATL10-02_20240118075951_04662201_006_01.h5,0.14,Combined_25km_jan24_gt2r.csv
-71.79359571196034,-19.983129398764778,12.0,0.13,1.0849642753601074,0.235864263959229,0.0773253142833709,processed_ATL10-02_20240119073414_04812201_006_01.h5,0.54,Combined_25km_jan24_gt2r.csv
-71.79359571196034,-19.983129398764778,12.0,0.13,1.0849642753601074,0.235864263959229,0.0773253142833709,processed_ATL10-02_20240119073414_04812201_006_01.h5,0.54,Combined_25km_jan24_gt2r.csv
-74.17420036971845,-44.73714979879481,27.0,0.17,0.8818171098828316,3.0705499876704483,0.1811143606901168,processed_ATL10-02_20240119090831_04822201_006_01.h5,0.68,Combined_25km_jan24_gt2r.csv
-74.17420036971845,-44.73714979879481,27.0,0.17,0.8818171098828316,3.0705499876704483,0.1811143606901168,processed_ATL10-02_20240119090831_04822201_006_01.h5,0.68,Combined_25km_jan24_gt2r.csv
-77.10123446766262,-39.78559702215144,3.0,0.03,0.7746655344963074,11.141105741262436,0.1368555128574371,processed_ATL10-02_20240119214252_04902201_006_01.h5,0.18,Combined_25km_jan24_gt2r.csv
-76.78536786504884,-40.02389915837697,18.0,0.06,0.942470908164978,1.184936488668124,0.0774439573287963,processed_ATL10-02_20240119214252_04902201_006_01.h5,0.28,Combined_25km_jan24_gt2r.csv
-76.45114744852387,-40.26575028285004,3.0,0.03,0.7278966307640076,16.98114573955536,0.282109260559082,processed_ATL10-02_20240119214252_04902201_006_01.h5,0.18,Combined_25km_jan24_gt2r.csv
-76.26527234104336,-40.395906230787936,15.0,0.05,0.8228840231895447,6.519413217902184,0.1751348674297332,processed_ATL10-02_20240119214252_04902201_006_01.h5,0.25,Combined_25km_jan24_gt2r.csv
-76.05826488399735,-40.53724472882455,18.0,0.08,0.8212131261825562,10.684239181379477,0.2330300956964492,processed_ATL10-02_20240119214252_04902201_006_01.h5,0.36,Combined_25km_jan24_gt2r.csv
-75.8302319054435,-40.68863761829405,12.0,0.14,0.9668120741844176,14.101794362068176,0.2433998882770538,processed_ATL10-02_20240119214252_04902201_006_01.h5,0.57,Combined_25km_jan24_gt2r.csv
-75.65541256476662,-40.801757732989245,21.0,0.15,0.8932165622711181,3.7437611958011994,0.1688687354326248,processed_ATL10-02_20240119214252_04902201_006_01.h5,0.61,Combined_25km_jan24_gt2r.csv
-77.10123446766262,-39.78559702215144,3.0,0.03,0.7746655344963074,11.141105741262436,0.1368555128574371,processed_ATL10-02_20240119214252_04902201_006_01.h5,0.18,Combined_25km_jan24_gt2r.csv
-76.78536786504884,-40.02389915837697,18.0,0.06,0.942470908164978,1.184936488668124,0.0774439573287963,processed_ATL10-02_20240119214252_04902201_006_01.h5,0.28,Combined_25km_jan24_gt2r.csv
-76.45114744852387,-40.26575028285004,3.0,0.03,0.7278966307640076,16.98114573955536,0.282109260559082,processed_ATL10-02_20240119214252_04902201_006_01.h5,0.18,Combined_25km_jan24_gt2r.csv
-76.26527234104336,-40.395906230787936,15.0,0.05,0.8228840231895447,6.519413217902184,0.1751348674297332,processed_ATL10-02_20240119214252_04902201_006_01.h5,0.25,Combined_25km_jan24_gt2r.csv
-76.05826488399735,-40.53724472882455,18.0,0.08,0.8212131261825562,10.684239181379477,0.2330300956964492,processed_ATL10-02_20240119214252_04902201_006_01.h5,0.36,Combined_25km_jan24_gt2r.csv
-75.8302319054435,-40.68863761829405,12.0,0.14,0.9668120741844176,14.101794362068176,0.2433998882770538,processed_ATL10-02_20240119214252_04902201_006_01.h5,0.57,Combined_25km_jan24_gt2r.csv
-75.65541256476662,-40.801757732989245,21.0,0.15,0.8932165622711181,3.7437611958011994,0.1688687354326248,processed_ATL10-02_20240119214252_04902201_006_01.h5,0.61,Combined_25km_jan24_gt2r.csv
-77.17109802830795,-40.968601306132726,21.0,0.45,1.1581080456574755,11.900798763547623,0.336247444152832,processed_ATL10-02_20240120084253_04972201_006_01.h5,1.7,Combined_25km_jan24_gt2r.csv
-76.89602956325355,-40.7577736318348,12.0,0.36,0.9770192503929138,0.9168297052383424,0.227110743522644,processed_ATL10-02_20240120084253_04972201_006_01.h5,1.37,Combined_25km_jan24_gt2r.csv
-76.73874480035015,-40.64049853071652,18.0,0.2,0.8427359223365783,0.819319486618042,0.1572096496820449,processed_ATL10-02_20240120084253_04972201_006_01.h5,0.79,Combined_25km_jan24_gt2r.csv
-74.21606336581509,-39.05139061904418,24.0,0.1,0.81782386302948,2.2737891296856105,0.1403717696666717,processed_ATL10-02_20240120084253_04972201_006_01.h5,0.43,Combined_25km_jan24_gt2r.csv
-74.03051709091419,-38.952045740988034,18.0,0.11,0.7663934230804443,1.7053685771922271,0.1241397261619567,processed_ATL10-02_20240120084253_04972201_006_01.h5,0.46,Combined_25km_jan24_gt2r.csv
-73.45289700591626,-38.6556342043661,9.0,0.15,,0.0,0.0790270566940307,processed_ATL10-02_20240120084253_04972201_006_01.h5,0.61,Combined_25km_jan24_gt2r.csv
-73.31210993181008,-38.58617357561829,24.0,0.38,1.2831178804238637,4.399644624209032,0.2427514940500259,processed_ATL10-02_20240120084253_04972201_006_01.h5,1.44,Combined_25km_jan24_gt2r.csv
-70.72809476570734,-37.45942590368031,3.0,0.11,,0.0,0.1203993782401084,processed_ATL10-02_20240120084253_04972201_006_01.h5,0.46,Combined_25km_jan24_gt2r.csv
-70.60704198001461,-37.41286950469576,27.0,0.12,0.7798012395699819,0.9445188567042352,0.1487583220005035,processed_ATL10-02_20240120084253_04972201_006_01.h5,0.5,Combined_25km_jan24_gt2r.csv
-77.17109802830795,-40.968601306132726,21.0,0.45,1.1581080456574755,11.900798763547623,0.336247444152832,processed_ATL10-02_20240120084253_04972201_006_01.h5,1.7,Combined_25km_jan24_gt2r.csv
-76.89602956325355,-40.7577736318348,12.0,0.36,0.9770192503929138,0.9168297052383424,0.227110743522644,processed_ATL10-02_20240120084253_04972201_006_01.h5,1.37,Combined_25km_jan24_gt2r.csv
-76.73874480035015,-40.64049853071652,18.0,0.2,0.8427359223365783,0.819319486618042,0.1572096496820449,processed_ATL10-02_20240120084253_04972201_006_01.h5,0.79,Combined_25km_jan24_gt2r.csv
-74.21606336581509,-39.05139061904418,24.0,0.1,0.81782386302948,2.2737891296856105,0.1403717696666717,processed_ATL10-02_20240120084253_04972201_006_01.h5,0.43,Combined_25km_jan24_gt2r.csv
-74.03051709091419,-38.952045740988034,18.0,0.11,0.7663934230804443,1.7053685771922271,0.1241397261619567,processed_ATL10-02_20240120084253_04972201_006_01.h5,0.46,Combined_25km_jan24_gt2r.csv
-73.45289700591626,-38.6556342043661,9.0,0.15,,0.0,0.0790270566940307,processed_ATL10-02_20240120084253_04972201_006_01.h5,0.61,Combined_25km_jan24_gt2r.csv
-73.31210993181008,-38.58617357561829,24.0,0.38,1.2831178804238637,4.399644624209032,0.2427514940500259,processed_ATL10-02_20240120084253_04972201_006_01.h5,1.44,Combined_25km_jan24_gt2r.csv
-70.72809476570734,-37.45942590368031,3.0,0.11,,0.0,0.1203993782401084,processed_ATL10-02_20240120084253_04972201_006_01.h5,0.46,Combined_25km_jan24_gt2r.csv
-70.60704198001461,-37.41286950469576,27.0,0.12,0.7798012395699819,0.9445188567042352,0.1487583220005035,processed_ATL10-02_20240120084253_04972201_006_01.h5,0.5,Combined_25km_jan24_gt2r.csv
-76.9270763866453,-34.20587772289779,27.0,0.16,1.0944654146830242,20.72528250929382,0.3432000875473022,processed_ATL10-02_20240120211713_05052201_006_01.h5,0.65,Combined_25km_jan24_gt2r.csv
-76.70190925888524,-34.37338744249973,24.0,0.07,0.8554434329271317,10.98147933371365,0.203084647655487,processed_ATL10-02_20240120211713_05052201_006_01.h5,0.32,Combined_25km_jan24_gt2r.csv
-76.4765950403346,-34.53586495041,27.0,0.09,0.7732957700888315,2.1188937360420823,0.1552702039480209,processed_ATL10-02_20240120211713_05052201_006_01.h5,0.39,Combined_25km_jan24_gt2r.csv
-76.2512086707099,-34.693648854838614,24.0,0.17,0.950291131223951,10.52525220438838,0.2589234709739685,processed_ATL10-02_20240120211713_05052201_006_01.h5,0.68,Combined_25km_jan24_gt2r.csv
-76.02574763468981,-34.846711121551685,27.0,0.13,0.8975244826740689,12.13670534392198,0.2543407678604126,processed_ATL10-02_20240120211713_05052201_006_01.h5,0.54,Combined_25km_jan24_gt2r.csv
-75.80019854786838,-34.99542165211995,24.0,0.29,1.0316430255770683,13.31373114080634,0.2620136737823486,processed_ATL10-02_20240120211713_05052201_006_01.h5,1.12,Combined_25km_jan24_gt2r.csv
-75.57466780368993,-35.13983566951237,27.0,0.08,0.7748106817404429,5.3857936627335015,0.1719680726528167,processed_ATL10-02_20240120211713_05052201_006_01.h5,0.36,Combined_25km_jan24_gt2r.csv
-75.34890470849867,-35.28051194370825,24.0,0.1,0.814605601131916,4.174139472888783,0.1717943847179412,processed_ATL10-02_20240120211713_05052201_006_01.h5,0.43,Combined_25km_jan24_gt2r.csv
-75.1118920210306,-35.42418355778314,30.0,0.21,0.9474119345347086,0.2671669889241457,0.1434554904699325,processed_ATL10-02_20240120211713_05052201_006_01.h5,0.83,Combined_25km_jan24_gt2r.csv
-74.88802949301692,-35.5564241431906,9.0,0.19,,0.0,0.0533038116991519,processed_ATL10-02_20240120211713_05052201_006_01.h5,0.75,Combined_25km_jan24_gt2r.csv
-76.9270763866453,-34.20587772289779,27.0,0.16,1.0944654146830242,20.72528250929382,0.3432000875473022,processed_ATL10-02_20240120211713_05052201_006_01.h5,0.65,Combined_25km_jan24_gt2r.csv
-76.70190925888524,-34.37338744249973,24.0,0.07,0.8554434329271317,10.98147933371365,0.203084647655487,processed_ATL10-02_20240120211713_05052201_006_01.h5,0.32,Combined_25km_jan24_gt2r.csv
-76.4765950403346,-34.53586495041,27.0,0.09,0.7732957700888315,2.1188937360420823,0.1552702039480209,processed_ATL10-02_20240120211713_05052201_006_01.h5,0.39,Combined_25km_jan24_gt2r.csv
-76.2512086707099,-34.693648854838614,24.0,0.17,0.950291131223951,10.52525220438838,0.2589234709739685,processed_ATL10-02_20240120211713_05052201_006_01.h5,0.68,Combined_25km_jan24_gt2r.csv
-76.02574763468981,-34.846711121551685,27.0,0.13,0.8975244826740689,12.13670534392198,0.2543407678604126,processed_ATL10-02_20240120211713_05052201_006_01.h5,0.54,Combined_25km_jan24_gt2r.csv
-75.80019854786838,-34.99542165211995,24.0,0.29,1.0316430255770683,13.31373114080634,0.2620136737823486,processed_ATL10-02_20240120211713_05052201_006_01.h5,1.12,Combined_25km_jan24_gt2r.csv
-75.57466780368993,-35.13983566951237,27.0,0.08,0.7748106817404429,5.3857936627335015,0.1719680726528167,processed_ATL10-02_20240120211713_05052201_006_01.h5,0.36,Combined_25km_jan24_gt2r.csv
-75.34890470849867,-35.28051194370825,24.0,0.1,0.814605601131916,4.174139472888783,0.1717943847179412,processed_ATL10-02_20240120211713_05052201_006_01.h5,0.43,Combined_25km_jan24_gt2r.csv
-75.1118920210306,-35.42418355778314,30.0,0.21,0.9474119345347086,0.2671669889241457,0.1434554904699325,processed_ATL10-02_20240120211713_05052201_006_01.h5,0.83,Combined_25km_jan24_gt2r.csv
-74.88802949301692,-35.5564241431906,9.0,0.19,,0.0,0.0533038116991519,processed_ATL10-02_20240120211713_05052201_006_01.h5,0.75,Combined_25km_jan24_gt2r.csv
-76.75503465204874,-34.941414170532795,15.0,0.04,0.8378337472677231,9.44393627345562,0.2186739444732666,processed_ATL10-02_20240121081714_05122201_006_01.h5,0.21,Combined_25km_jan24_gt2r.csv
-75.06069331199188,-33.82072647815315,6.0,0.03,,0.0,0.0134607991203665,processed_ATL10-02_20240121081714_05122201_006_01.h5,0.18,Combined_25km_jan24_gt2r.csv
-74.6465434266723,-33.579517026731,18.0,0.09,0.7317822575569153,2.1831301351388297,0.1055724844336509,processed_ATL10-02_20240121081714_05122201_006_01.h5,0.39,Combined_25km_jan24_gt2r.csv
-74.45946034851865,-33.47444629410884,9.0,0.06,0.8801617324352264,1.6247551888227465,0.1353171914815902,processed_ATL10-02_20240121081714_05122201_006_01.h5,0.28,Combined_25km_jan24_gt2r.csv
-73.93333026245777,-33.19063286038715,3.0,0.01,,0.0,0.0630507096648216,processed_ATL10-02_20240121081714_05122201_006_01.h5,0.1,Combined_25km_jan24_gt2r.csv
-72.99375903840516,-32.7218645098984,6.0,0.25,,0.0,0.1281621754169464,processed_ATL10-02_20240121081714_05122201_006_01.h5,0.97,Combined_25km_jan24_gt2r.csv
-72.93508889808936,-32.69402390936759,9.0,0.17,0.768164724111557,7.948753486076991,0.2190863937139511,processed_ATL10-02_20240121081714_05122201_006_01.h5,0.68,Combined_25km_jan24_gt2r.csv
-72.3621262997037,-32.42995372944036,12.0,0.11,,0.0,0.1000955998897552,processed_ATL10-02_20240121081714_05122201_006_01.h5,0.46,Combined_25km_jan24_gt2r.csv
-72.1911133678583,-32.35382668163039,27.0,0.14,0.7439972311258316,0.2977684916307528,0.1299910098314285,processed_ATL10-02_20240121081714_05122201_006_01.h5,0.57,Combined_25km_jan24_gt2r.csv
-71.96459066786187,-32.254664767577,24.0,0.12,0.8321391046047211,0.3501195344142616,0.1209702789783477,processed_ATL10-02_20240121081714_05122201_006_01.h5,0.5,Combined_25km_jan24_gt2r.csv
-71.74717038470811,-32.16151867414335,24.0,0.16,0.7110557556152344,0.2012844430282712,0.0934591814875602,processed_ATL10-02_20240121081714_05122201_006_01.h5,0.65,Combined_25km_jan24_gt2r.csv
-71.47855938140526,-32.04910876304528,6.0,0.1,,0.0,0.0719437822699546,processed_ATL10-02_20240121081714_05122201_006_01.h5,0.43,Combined_25km_jan24_gt2r.csv
-76.75503465204874,-34.941414170532795,15.0,0.04,0.8378337472677231,9.44393627345562,0.2186739444732666,processed_ATL10-02_20240121081714_05122201_006_01.h5,0.21,Combined_25km_jan24_gt2r.csv
-75.06069331199188,-33.82072647815315,6.0,0.03,,0.0,0.0134607991203665,processed_ATL10-02_20240121081714_05122201_006_01.h5,0.18,Combined_25km_jan24_gt2r.csv
-74.6465434266723,-33.579517026731,18.0,0.09,0.7317822575569153,2.1831301351388297,0.1055724844336509,processed_ATL10-02_20240121081714_05122201_006_01.h5,0.39,Combined_25km_jan24_gt2r.csv
-74.45946034851865,-33.47444629410884,9.0,0.06,0.8801617324352264,1.6247551888227465,0.1353171914815902,processed_ATL10-02_20240121081714_05122201_006_01.h5,0.28,Combined_25km_jan24_gt2r.csv
-73.93333026245777,-33.19063286038715,3.0,0.01,,0.0,0.0630507096648216,processed_ATL10-02_20240121081714_05122201_006_01.h5,0.1,Combined_25km_jan24_gt2r.csv
-72.99375903840516,-32.7218645098984,6.0,0.25,,0.0,0.1281621754169464,processed_ATL10-02_20240121081714_05122201_006_01.h5,0.97,Combined_25km_jan24_gt2r.csv
-72.93508889808936,-32.69402390936759,9.0,0.17,0.768164724111557,7.948753486076991,0.2190863937139511,processed_ATL10-02_20240121081714_05122201_006_01.h5,0.68,Combined_25km_jan24_gt2r.csv
-72.3621262997037,-32.42995372944036,12.0,0.11,,0.0,0.1000955998897552,processed_ATL10-02_20240121081714_05122201_006_01.h5,0.46,Combined_25km_jan24_gt2r.csv
-72.1911133678583,-32.35382668163039,27.0,0.14,0.7439972311258316,0.2977684916307528,0.1299910098314285,processed_ATL10-02_20240121081714_05122201_006_01.h5,0.57,Combined_25km_jan24_gt2r.csv
-71.96459066786187,-32.254664767577,24.0,0.12,0.8321391046047211,0.3501195344142616,0.1209702789783477,processed_ATL10-02_20240121081714_05122201_006_01.h5,0.5,Combined_25km_jan24_gt2r.csv
-71.74717038470811,-32.16151867414335,24.0,0.16,0.7110557556152344,0.2012844430282712,0.0934591814875602,processed_ATL10-02_20240121081714_05122201_006_01.h5,0.65,Combined_25km_jan24_gt2r.csv
-71.47855938140526,-32.04910876304528,6.0,0.1,,0.0,0.0719437822699546,processed_ATL10-02_20240121081714_05122201_006_01.h5,0.43,Combined_25km_jan24_gt2r.csv
-75.71974482187589,-29.33617749695169,27.0,0.09,0.8094356954097748,2.762280720182591,0.1511949896812439,processed_ATL10-02_20240121205134_05202201_006_01.h5,0.39,Combined_25km_jan24_gt2r.csv
-75.49404421360765,-29.479363986194585,24.0,0.23,0.9795134237834384,3.9970251847989857,0.2337462306022644,processed_ATL10-02_20240121205134_05202201_006_01.h5,0.9,Combined_25km_jan24_gt2r.csv
-75.26829463819328,-29.61851627896336,27.0,0.14,0.9186984433068168,9.898487043877443,0.2570651769638061,processed_ATL10-02_20240121205134_05202201_006_01.h5,0.57,Combined_25km_jan24_gt2r.csv
-75.04251598324142,-29.754179211107203,24.0,0.14,0.8314061959584554,6.622003042139113,0.2159408628940582,processed_ATL10-02_20240121205134_05202201_006_01.h5,0.57,Combined_25km_jan24_gt2r.csv
-74.8166446264402,-29.88655210352412,27.0,0.03,0.7414511111047533,3.443933164493905,0.1825411170721054,processed_ATL10-02_20240121205134_05202201_006_01.h5,0.18,Combined_25km_jan24_gt2r.csv
-74.59078546692385,-30.015843048120967,24.0,0.05,0.7966698322977338,7.838571391766891,0.2061474621295929,processed_ATL10-02_20240121205134_05202201_006_01.h5,0.25,Combined_25km_jan24_gt2r.csv
-74.38234498672,-30.13237125467768,24.0,0.06,0.7959262728691101,0.835683848708868,0.0901642143726348,processed_ATL10-02_20240121205134_05202201_006_01.h5,0.28,Combined_25km_jan24_gt2r.csv
-74.07231725457355,-30.300808251616136,9.0,0.09,0.8665841221809387,18.9165722578764,0.2686344087123871,processed_ATL10-02_20240121205134_05202201_006_01.h5,0.39,Combined_25km_jan24_gt2r.csv
-73.9127163309798,-30.38505706063867,27.0,0.09,0.7794346138834953,10.926670570754345,0.2162835001945495,processed_ATL10-02_20240121205134_05202201_006_01.h5,0.39,Combined_25km_jan24_gt2r.csv
-73.6866149386505,-30.50203283981277,24.0,0.19,0.8851585388183594,7.962955802213401,0.244262009859085,processed_ATL10-02_20240121205134_05202201_006_01.h5,0.75,Combined_25km_jan24_gt2r.csv
-73.46037124063169,-30.616121216153747,27.0,0.28,1.0790402367711067,11.480943165305588,0.2978755235671997,processed_ATL10-02_20240121205134_05202201_006_01.h5,1.08,Combined_25km_jan24_gt2r.csv
-73.23414119281216,-30.72754194609135,24.0,0.43,1.1950605511665344,10.880263103172185,0.2974193394184112,processed_ATL10-02_20240121205134_05202201_006_01.h5,1.62,Combined_25km_jan24_gt2r.csv
-73.00783121232399,-30.83637519064861,27.0,0.13,0.99603980117374,34.44515098300245,0.3732808530330658,processed_ATL10-02_20240121205134_05202201_006_01.h5,0.54,Combined_25km_jan24_gt2r.csv
-72.78150036575025,-30.94293089052993,24.0,0.03,0.7984577119350433,22.153057530522343,0.2778037190437317,processed_ATL10-02_20240121205134_05202201_006_01.h5,0.18,Combined_25km_jan24_gt2r.csv
-72.5553736407294,-31.04724707616579,27.0,0.11,0.8024294301867485,9.426885884669092,0.2230070382356643,processed_ATL10-02_20240121205134_05202201_006_01.h5,0.46,Combined_25km_jan24_gt2r.csv
-72.32870131585031,-31.149821005157108,24.0,0.09,0.8033594403948102,5.907902074977756,0.20197394490242,processed_ATL10-02_20240121205134_05202201_006_01.h5,0.39,Combined_25km_jan24_gt2r.csv
-75.71974482187589,-29.33617749695169,27.0,0.09,0.8094356954097748,2.762280720182591,0.1511949896812439,processed_ATL10-02_20240121205134_05202201_006_01.h5,0.39,Combined_25km_jan24_gt2r.csv
-75.49404421360765,-29.479363986194585,24.0,0.23,0.9795134237834384,3.9970251847989857,0.2337462306022644,processed_ATL10-02_20240121205134_05202201_006_01.h5,0.9,Combined_25km_jan24_gt2r.csv
-75.26829463819328,-29.61851627896336,27.0,0.14,0.9186984433068168,9.898487043877443,0.2570651769638061,processed_ATL10-02_20240121205134_05202201_006_01.h5,0.57,Combined_25km_jan24_gt2r.csv
-75.04251598324142,-29.754179211107203,24.0,0.14,0.8314061959584554,6.622003042139113,0.2159408628940582,processed_ATL10-02_20240121205134_05202201_006_01.h5,0.57,Combined_25km_jan24_gt2r.csv
-74.8166446264402,-29.88655210352412,27.0,0.03,0.7414511111047533,3.443933164493905,0.1825411170721054,processed_ATL10-02_20240121205134_05202201_006_01.h5,0.18,Combined_25km_jan24_gt2r.csv
-74.59078546692385,-30.015843048120967,24.0,0.05,0.7966698322977338,7.838571391766891,0.2061474621295929,processed_ATL10-02_20240121205134_05202201_006_01.h5,0.25,Combined_25km_jan24_gt2r.csv
-74.38234498672,-30.13237125467768,24.0,0.06,0.7959262728691101,0.835683848708868,0.0901642143726348,processed_ATL10-02_20240121205134_05202201_006_01.h5,0.28,Combined_25km_jan24_gt2r.csv
-74.07231725457355,-30.300808251616136,9.0,0.09,0.8665841221809387,18.9165722578764,0.2686344087123871,processed_ATL10-02_20240121205134_05202201_006_01.h5,0.39,Combined_25km_jan24_gt2r.csv
-73.9127163309798,-30.38505706063867,27.0,0.09,0.7794346138834953,10.926670570754345,0.2162835001945495,processed_ATL10-02_20240121205134_05202201_006_01.h5,0.39,Combined_25km_jan24_gt2r.csv
-73.6866149386505,-30.50203283981277,24.0,0.19,0.8851585388183594,7.962955802213401,0.244262009859085,processed_ATL10-02_20240121205134_05202201_006_01.h5,0.75,Combined_25km_jan24_gt2r.csv
-73.46037124063169,-30.616121216153747,27.0,0.28,1.0790402367711067,11.480943165305588,0.2978755235671997,processed_ATL10-02_20240121205134_05202201_006_01.h5,1.08,Combined_25km_jan24_gt2r.csv
-73.23414119281216,-30.72754194609135,24.0,0.43,1.1950605511665344,10.880263103172185,0.2974193394184112,processed_ATL10-02_20240121205134_05202201_006_01.h5,1.62,Combined_25km_jan24_gt2r.csv
-73.00783121232399,-30.83637519064861,27.0,0.13,0.99603980117374,34.44515098300245,0.3732808530330658,processed_ATL10-02_20240121205134_05202201_006_01.h5,0.54,Combined_25km_jan24_gt2r.csv
-72.78150036575025,-30.94293089052993,24.0,0.03,0.7984577119350433,22.153057530522343,0.2778037190437317,processed_ATL10-02_20240121205134_05202201_006_01.h5,0.18,Combined_25km_jan24_gt2r.csv
-72.5553736407294,-31.04724707616579,27.0,0.11,0.8024294301867485,9.426885884669092,0.2230070382356643,processed_ATL10-02_20240121205134_05202201_006_01.h5,0.46,Combined_25km_jan24_gt2r.csv
-72.32870131585031,-31.149821005157108,24.0,0.09,0.8033594403948102,5.907902074977756,0.20197394490242,processed_ATL10-02_20240121205134_05202201_006_01.h5,0.39,Combined_25km_jan24_gt2r.csv
-75.45100240938208,-28.3478359412728,27.0,0.09,0.8868908541543143,9.108576654560036,0.2104075253009796,processed_ATL10-02_20240122075136_05272201_006_01.h5,0.39,Combined_25km_jan24_gt2r.csv
-75.22483442117151,-28.20871797800513,24.0,0.13,0.9967614312966664,5.059980298392475,0.2125726193189621,processed_ATL10-02_20240122075136_05272201_006_01.h5,0.54,Combined_25km_jan24_gt2r.csv
-74.99961502965667,-28.07396178868312,27.0,0.11,0.857360819975535,9.36453759463297,0.23084357380867,processed_ATL10-02_20240122075136_05272201_006_01.h5,0.46,Combined_25km_jan24_gt2r.csv
-74.77373897910064,-27.942273386793342,24.0,0.16,0.9297420158982276,10.43656137189828,0.2538352310657501,processed_ATL10-02_20240122075136_05272201_006_01.h5,0.65,Combined_25km_jan24_gt2r.csv
-74.54779257105182,-27.81394096490317,27.0,0.07,0.8103598952293396,8.001422292242447,0.215604618191719,processed_ATL10-02_20240122075136_05272201_006_01.h5,0.32,Combined_25km_jan24_gt2r.csv
-74.32184747263614,-27.68869947109397,24.0,0.16,0.9731341153383256,14.10539303906262,0.2747921347618103,processed_ATL10-02_20240122075136_05272201_006_01.h5,0.65,Combined_25km_jan24_gt2r.csv
-74.09580529894603,-27.56656960280134,27.0,0.06,0.8085525896814134,11.294557112786505,0.2600884735584259,processed_ATL10-02_20240122075136_05272201_006_01.h5,0.28,Combined_25km_jan24_gt2r.csv
-73.86955007668035,-27.44723251778194,24.0,0.06,0.9323220551013948,15.068464551586658,0.2834458351135254,processed_ATL10-02_20240122075136_05272201_006_01.h5,0.28,Combined_25km_jan24_gt2r.csv
-73.66241419618021,-27.34046236522842,12.0,0.06,,0.0,0.0336354374885559,processed_ATL10-02_20240122075136_05272201_006_01.h5,0.28,Combined_25km_jan24_gt2r.csv
-73.37123344989064,-27.194242111885405,15.0,0.03,0.7370392680168152,5.2688011433929205,0.1063076630234718,processed_ATL10-02_20240122075136_05272201_006_01.h5,0.18,Combined_25km_jan24_gt2r.csv
-73.19112086146005,-27.1060547622794,27.0,0.03,0.9025313258171082,6.3980817173918085,0.1570285409688949,processed_ATL10-02_20240122075136_05272201_006_01.h5,0.18,Combined_25km_jan24_gt2r.csv
-72.96482307361713,-26.997353919616867,24.0,0.03,0.8496497273445129,9.661247578333132,0.1928688585758209,processed_ATL10-02_20240122075136_05272201_006_01.h5,0.18,Combined_25km_jan24_gt2r.csv
-72.73849724341329,-26.89109981324245,27.0,0.03,0.8670206268628439,14.553679360283745,0.2746748626232147,processed_ATL10-02_20240122075136_05272201_006_01.h5,0.18,Combined_25km_jan24_gt2r.csv
-72.51209714786333,-26.78704590054032,24.0,0.15,0.8452385749135699,8.640518540050834,0.2246711701154709,processed_ATL10-02_20240122075136_05272201_006_01.h5,0.61,Combined_25km_jan24_gt2r.csv
-72.28566323589489,-26.685203620113693,27.0,0.2,0.8194257120291392,4.065660625282261,0.198442056775093,processed_ATL10-02_20240122075136_05272201_006_01.h5,0.79,Combined_25km_jan24_gt2r.csv
-72.05920138277654,-26.585453023718166,24.0,0.1,0.8055539205670357,9.193263223278336,0.2226105332374572,processed_ATL10-02_20240122075136_05272201_006_01.h5,0.43,Combined_25km_jan24_gt2r.csv
-71.84534138168631,-26.493166397504535,24.0,0.07,,0.0,0.0802005901932716,processed_ATL10-02_20240122075136_05272201_006_01.h5,0.32,Combined_25km_jan24_gt2r.csv
-75.45100240938208,-28.3478359412728,27.0,0.09,0.8868908541543143,9.108576654560036,0.2104075253009796,processed_ATL10-02_20240122075136_05272201_006_01.h5,0.39,Combined_25km_jan24_gt2r.csv
-75.22483442117151,-28.20871797800513,24.0,0.13,0.9967614312966664,5.059980298392475,0.2125726193189621,processed_ATL10-02_20240122075136_05272201_006_01.h5,0.54,Combined_25km_jan24_gt2r.csv
-74.99961502965667,-28.07396178868312,27.0,0.11,0.857360819975535,9.36453759463297,0.23084357380867,processed_ATL10-02_20240122075136_05272201_006_01.h5,0.46,Combined_25km_jan24_gt2r.csv
-74.77373897910064,-27.942273386793342,24.0,0.16,0.9297420158982276,10.43656137189828,0.2538352310657501,processed_ATL10-02_20240122075136_05272201_006_01.h5,0.65,Combined_25km_jan24_gt2r.csv
-74.54779257105182,-27.81394096490317,27.0,0.07,0.8103598952293396,8.001422292242447,0.215604618191719,processed_ATL10-02_20240122075136_05272201_006_01.h5,0.32,Combined_25km_jan24_gt2r.csv
-74.32184747263614,-27.68869947109397,24.0,0.16,0.9731341153383256,14.10539303906262,0.2747921347618103,processed_ATL10-02_20240122075136_05272201_006_01.h5,0.65,Combined_25km_jan24_gt2r.csv
-74.09580529894603,-27.56656960280134,27.0,0.06,0.8085525896814134,11.294557112786505,0.2600884735584259,processed_ATL10-02_20240122075136_05272201_006_01.h5,0.28,Combined_25km_jan24_gt2r.csv
-73.86955007668035,-27.44723251778194,24.0,0.06,0.9323220551013948,15.068464551586658,0.2834458351135254,processed_ATL10-02_20240122075136_05272201_006_01.h5,0.28,Combined_25km_jan24_gt2r.csv
-73.66241419618021,-27.34046236522842,12.0,0.06,,0.0,0.0336354374885559,processed_ATL10-02_20240122075136_05272201_006_01.h5,0.28,Combined_25km_jan24_gt2r.csv
-73.37123344989064,-27.194242111885405,15.0,0.03,0.7370392680168152,5.2688011433929205,0.1063076630234718,processed_ATL10-02_20240122075136_05272201_006_01.h5,0.18,Combined_25km_jan24_gt2r.csv
-73.19112086146005,-27.1060547622794,27.0,0.03,0.9025313258171082,6.3980817173918085,0.1570285409688949,processed_ATL10-02_20240122075136_05272201_006_01.h5,0.18,Combined_25km_jan24_gt2r.csv
-72.96482307361713,-26.997353919616867,24.0,0.03,0.8496497273445129,9.661247578333132,0.1928688585758209,processed_ATL10-02_20240122075136_05272201_006_01.h5,0.18,Combined_25km_jan24_gt2r.csv
-72.73849724341329,-26.89109981324245,27.0,0.03,0.8670206268628439,14.553679360283745,0.2746748626232147,processed_ATL10-02_20240122075136_05272201_006_01.h5,0.18,Combined_25km_jan24_gt2r.csv
-72.51209714786333,-26.78704590054032,24.0,0.15,0.8452385749135699,8.640518540050834,0.2246711701154709,processed_ATL10-02_20240122075136_05272201_006_01.h5,0.61,Combined_25km_jan24_gt2r.csv
-72.28566323589489,-26.685203620113693,27.0,0.2,0.8194257120291392,4.065660625282261,0.198442056775093,processed_ATL10-02_20240122075136_05272201_006_01.h5,0.79,Combined_25km_jan24_gt2r.csv
-72.05920138277654,-26.585453023718166,24.0,0.1,0.8055539205670357,9.193263223278336,0.2226105332374572,processed_ATL10-02_20240122075136_05272201_006_01.h5,0.43,Combined_25km_jan24_gt2r.csv
-71.84534138168631,-26.493166397504535,24.0,0.07,,0.0,0.0802005901932716,processed_ATL10-02_20240122075136_05272201_006_01.h5,0.32,Combined_25km_jan24_gt2r.csv
-73.35317581608813,-24.957989644511606,21.0,0.04,,0.0,0.0552292093634605,processed_ATL10-02_20240122202555_05352201_006_01.h5,0.21,Combined_25km_jan24_gt2r.csv
-73.11794290728996,-25.072678180902805,24.0,0.05,,0.0,0.0444457158446311,processed_ATL10-02_20240122202555_05352201_006_01.h5,0.25,Combined_25km_jan24_gt2r.csv
-72.91935064492306,-25.167449397688,21.0,0.11,0.8983140289783478,2.575013041496277,0.1431598663330078,processed_ATL10-02_20240122202555_05352201_006_01.h5,0.46,Combined_25km_jan24_gt2r.csv
-72.73909774775689,-25.251964089915347,3.0,0.23,,0.0,0.0852010399103164,processed_ATL10-02_20240122202555_05352201_006_01.h5,0.9,Combined_25km_jan24_gt2r.csv
-72.37627121359213,-25.41757842940369,6.0,0.16,,0.0,0.1119274049997329,processed_ATL10-02_20240122202555_05352201_006_01.h5,0.65,Combined_25km_jan24_gt2r.csv
-73.35317581608813,-24.957989644511606,21.0,0.04,,0.0,0.0552292093634605,processed_ATL10-02_20240122202555_05352201_006_01.h5,0.21,Combined_25km_jan24_gt2r.csv
-73.11794290728996,-25.072678180902805,24.0,0.05,,0.0,0.0444457158446311,processed_ATL10-02_20240122202555_05352201_006_01.h5,0.25,Combined_25km_jan24_gt2r.csv
-72.91935064492306,-25.167449397688,21.0,0.11,0.8983140289783478,2.575013041496277,0.1431598663330078,processed_ATL10-02_20240122202555_05352201_006_01.h5,0.46,Combined_25km_jan24_gt2r.csv
-72.73909774775689,-25.251964089915347,3.0,0.23,,0.0,0.0852010399103164,processed_ATL10-02_20240122202555_05352201_006_01.h5,0.9,Combined_25km_jan24_gt2r.csv
-72.37627121359213,-25.41757842940369,6.0,0.16,,0.0,0.1119274049997329,processed_ATL10-02_20240122202555_05352201_006_01.h5,0.65,Combined_25km_jan24_gt2r.csv
-72.5760813251367,-44.7242565008362,27.0,0.14,0.7535341382026672,4.596508635828893,0.1405609846115112,processed_ATL10-02_20240123090014_05432201_006_01.h5,0.57,Combined_25km_jan24_gt2r.csv
-72.37630617200873,-44.63381089832399,18.0,0.22,0.929976761341095,0.611670749882857,0.1217131838202476,processed_ATL10-02_20240123090014_05432201_006_01.h5,0.86,Combined_25km_jan24_gt2r.csv
-72.12205173266011,-44.52119613335324,27.0,0.17,0.8797566592693329,14.541320792502828,0.2293091863393783,processed_ATL10-02_20240123090014_05432201_006_01.h5,0.68,Combined_25km_jan24_gt2r.csv
-72.5760813251367,-44.7242565008362,27.0,0.14,0.7535341382026672,4.596508635828893,0.1405609846115112,processed_ATL10-02_20240123090014_05432201_006_01.h5,0.57,Combined_25km_jan24_gt2r.csv
-72.37630617200873,-44.63381089832399,18.0,0.22,0.929976761341095,0.611670749882857,0.1217131838202476,processed_ATL10-02_20240123090014_05432201_006_01.h5,0.86,Combined_25km_jan24_gt2r.csv
-72.12205173266011,-44.52119613335324,27.0,0.17,0.8797566592693329,14.541320792502828,0.2293091863393783,processed_ATL10-02_20240123090014_05432201_006_01.h5,0.68,Combined_25km_jan24_gt2r.csv
-75.61733758511775,-41.60363008521293,27.0,0.11,0.8547114729881287,11.293282815151745,0.2442276179790496,processed_ATL10-02_20240123213433_05512201_006_01.h5,0.46,Combined_25km_jan24_gt2r.csv
-75.39166724693466,-41.745025296738646,24.0,0.13,0.8827243447303772,15.499213989824057,0.2747986316680908,processed_ATL10-02_20240123213433_05512201_006_01.h5,0.54,Combined_25km_jan24_gt2r.csv
-75.16591956080482,-41.882839261029225,27.0,0.34,1.062805465289525,1.516749621886346,0.2181187570095062,processed_ATL10-02_20240123213433_05512201_006_01.h5,1.3,Combined_25km_jan24_gt2r.csv
-74.94012847234171,-42.017285694065,24.0,0.24,0.962603109223502,1.9578547740820795,0.1895240247249603,processed_ATL10-02_20240123213433_05512201_006_01.h5,0.94,Combined_25km_jan24_gt2r.csv
-74.71123813558377,-42.14996255579235,18.0,0.29,0.9993783235549928,0.1769256001959244,0.1180612668395042,processed_ATL10-02_20240123213433_05512201_006_01.h5,1.12,Combined_25km_jan24_gt2r.csv
-74.02733810789478,-42.52698363253483,21.0,0.1,0.705397367477417,1.169611034648759,0.1076743230223655,processed_ATL10-02_20240123213433_05512201_006_01.h5,0.43,Combined_25km_jan24_gt2r.csv
-73.81054534461417,-42.64034254408791,27.0,0.15,0.6888975501060486,0.762042858534389,0.1392820328474044,processed_ATL10-02_20240123213433_05512201_006_01.h5,0.61,Combined_25km_jan24_gt2r.csv
-73.58634215446729,-42.754864051179126,21.0,0.09,,0.0,0.0963224619626998,processed_ATL10-02_20240123213433_05512201_006_01.h5,0.39,Combined_25km_jan24_gt2r.csv
-75.61733758511775,-41.60363008521293,27.0,0.11,0.8547114729881287,11.293282815151745,0.2442276179790496,processed_ATL10-02_20240123213433_05512201_006_01.h5,0.46,Combined_25km_jan24_gt2r.csv
-75.39166724693466,-41.745025296738646,24.0,0.13,0.8827243447303772,15.499213989824057,0.2747986316680908,processed_ATL10-02_20240123213433_05512201_006_01.h5,0.54,Combined_25km_jan24_gt2r.csv
-75.16591956080482,-41.882839261029225,27.0,0.34,1.062805465289525,1.516749621886346,0.2181187570095062,processed_ATL10-02_20240123213433_05512201_006_01.h5,1.3,Combined_25km_jan24_gt2r.csv
-74.94012847234171,-42.017285694065,24.0,0.24,0.962603109223502,1.9578547740820795,0.1895240247249603,processed_ATL10-02_20240123213433_05512201_006_01.h5,0.94,Combined_25km_jan24_gt2r.csv
-74.71123813558377,-42.14996255579235,18.0,0.29,0.9993783235549928,0.1769256001959244,0.1180612668395042,processed_ATL10-02_20240123213433_05512201_006_01.h5,1.12,Combined_25km_jan24_gt2r.csv
-74.02733810789478,-42.52698363253483,21.0,0.1,0.705397367477417,1.169611034648759,0.1076743230223655,processed_ATL10-02_20240123213433_05512201_006_01.h5,0.43,Combined_25km_jan24_gt2r.csv
-73.81054534461417,-42.64034254408791,27.0,0.15,0.6888975501060486,0.762042858534389,0.1392820328474044,processed_ATL10-02_20240123213433_05512201_006_01.h5,0.61,Combined_25km_jan24_gt2r.csv
-73.58634215446729,-42.754864051179126,21.0,0.09,,0.0,0.0963224619626998,processed_ATL10-02_20240123213433_05512201_006_01.h5,0.39,Combined_25km_jan24_gt2r.csv
-77.23183551688498,-41.79373996411256,27.0,0.32,1.1463529798719618,26.29063223592109,0.3788383305072784,processed_ATL10-02_20240124083434_05582201_006_01.h5,1.23,Combined_25km_jan24_gt2r.csv
-76.99345240969718,-41.60999887837343,27.0,0.25,1.064469383822547,13.77328209992912,0.2964913845062256,processed_ATL10-02_20240124083434_05582201_006_01.h5,0.97,Combined_25km_jan24_gt2r.csv
-76.80807282486322,-41.47106597890696,15.0,0.2,0.9109119921922684,4.505893029272556,0.1981692016124725,processed_ATL10-02_20240124083434_05582201_006_01.h5,0.79,Combined_25km_jan24_gt2r.csv
-75.265370401997,-40.43256834182407,9.0,0.05,0.751077264547348,5.5199794471263885,0.1776636242866516,processed_ATL10-02_20240124083434_05582201_006_01.h5,0.25,Combined_25km_jan24_gt2r.csv
-77.23183551688498,-41.79373996411256,27.0,0.32,1.1463529798719618,26.29063223592109,0.3788383305072784,processed_ATL10-02_20240124083434_05582201_006_01.h5,1.23,Combined_25km_jan24_gt2r.csv
-76.99345240969718,-41.60999887837343,27.0,0.25,1.064469383822547,13.77328209992912,0.2964913845062256,processed_ATL10-02_20240124083434_05582201_006_01.h5,0.97,Combined_25km_jan24_gt2r.csv
-76.80807282486322,-41.47106597890696,15.0,0.2,0.9109119921922684,4.505893029272556,0.1981692016124725,processed_ATL10-02_20240124083434_05582201_006_01.h5,0.79,Combined_25km_jan24_gt2r.csv
-75.265370401997,-40.43256834182407,9.0,0.05,0.751077264547348,5.5199794471263885,0.1776636242866516,processed_ATL10-02_20240124083434_05582201_006_01.h5,0.25,Combined_25km_jan24_gt2r.csv
-77.06112314408328,-34.88285259019799,27.0,0.03,0.8865246905220879,17.958263949387604,0.3043286800384521,processed_ATL10-02_20240124210853_05662201_006_01.h5,0.18,Combined_25km_jan24_gt2r.csv
-76.82267969258545,-35.063073444002754,27.0,0.22,1.0402335599064827,11.142750995026695,0.2906717956066131,processed_ATL10-02_20240124210853_05662201_006_01.h5,0.86,Combined_25km_jan24_gt2r.csv
-76.59741243244065,-35.22800664429714,24.0,0.09,0.7963475840432304,2.156377997016534,0.1724618673324585,processed_ATL10-02_20240124210853_05662201_006_01.h5,0.39,Combined_25km_jan24_gt2r.csv
-76.38535590552407,-35.37871879261053,24.0,0.17,0.9831843887056624,13.72331220190972,0.2806423902511596,processed_ATL10-02_20240124210853_05662201_006_01.h5,0.68,Combined_25km_jan24_gt2r.csv
-76.15991535197796,-35.53436514183759,27.0,0.07,0.9145428612828256,11.98752410709858,0.2693802714347839,processed_ATL10-02_20240124210853_05662201_006_01.h5,0.32,Combined_25km_jan24_gt2r.csv
-75.93443948260918,-35.68572210414355,24.0,0.06,0.8226174116134644,17.34859810094349,0.2549350261688232,processed_ATL10-02_20240124210853_05662201_006_01.h5,0.28,Combined_25km_jan24_gt2r.csv
-75.70884325884185,-35.83296327567825,27.0,0.19,0.925605833530426,4.585546989821726,0.2075228244066238,processed_ATL10-02_20240124210853_05662201_006_01.h5,0.75,Combined_25km_jan24_gt2r.csv
-75.4970448375594,-35.96752190956677,21.0,0.08,0.8554214388132095,1.2667830102145672,0.1291908919811248,processed_ATL10-02_20240124210853_05662201_006_01.h5,0.36,Combined_25km_jan24_gt2r.csv
-75.25908530755108,-36.114214307507375,27.0,0.11,0.8336644172668457,0.8441482153203752,0.1080170571804046,processed_ATL10-02_20240124210853_05662201_006_01.h5,0.46,Combined_25km_jan24_gt2r.csv
-77.06112314408328,-34.88285259019799,27.0,0.03,0.8865246905220879,17.958263949387604,0.3043286800384521,processed_ATL10-02_20240124210853_05662201_006_01.h5,0.18,Combined_25km_jan24_gt2r.csv
-76.82267969258545,-35.063073444002754,27.0,0.22,1.0402335599064827,11.142750995026695,0.2906717956066131,processed_ATL10-02_20240124210853_05662201_006_01.h5,0.86,Combined_25km_jan24_gt2r.csv
-76.59741243244065,-35.22800664429714,24.0,0.09,0.7963475840432304,2.156377997016534,0.1724618673324585,processed_ATL10-02_20240124210853_05662201_006_01.h5,0.39,Combined_25km_jan24_gt2r.csv
-76.38535590552407,-35.37871879261053,24.0,0.17,0.9831843887056624,13.72331220190972,0.2806423902511596,processed_ATL10-02_20240124210853_05662201_006_01.h5,0.68,Combined_25km_jan24_gt2r.csv
-76.15991535197796,-35.53436514183759,27.0,0.07,0.9145428612828256,11.98752410709858,0.2693802714347839,processed_ATL10-02_20240124210853_05662201_006_01.h5,0.32,Combined_25km_jan24_gt2r.csv
-75.93443948260918,-35.68572210414355,24.0,0.06,0.8226174116134644,17.34859810094349,0.2549350261688232,processed_ATL10-02_20240124210853_05662201_006_01.h5,0.28,Combined_25km_jan24_gt2r.csv
-75.70884325884185,-35.83296327567825,27.0,0.19,0.925605833530426,4.585546989821726,0.2075228244066238,processed_ATL10-02_20240124210853_05662201_006_01.h5,0.75,Combined_25km_jan24_gt2r.csv
-75.4970448375594,-35.96752190956677,21.0,0.08,0.8554214388132095,1.2667830102145672,0.1291908919811248,processed_ATL10-02_20240124210853_05662201_006_01.h5,0.36,Combined_25km_jan24_gt2r.csv
-75.25908530755108,-36.114214307507375,27.0,0.11,0.8336644172668457,0.8441482153203752,0.1080170571804046,processed_ATL10-02_20240124210853_05662201_006_01.h5,0.46,Combined_25km_jan24_gt2r.csv
-77.3536613154727,-36.180529131088825,27.0,0.04,0.8412003980742561,13.778239126420685,0.2686490416526794,processed_ATL10-02_20240125080854_05732201_006_01.h5,0.21,Combined_25km_jan24_gt2r.csv
-77.11542290832885,-35.99226139916601,27.0,0.09,0.7398768407957894,3.810133712573184,0.1815683245658874,processed_ATL10-02_20240125080854_05732201_006_01.h5,0.39,Combined_25km_jan24_gt2r.csv
-76.91487620518,-35.838719679201645,18.0,0.05,0.693446546792984,1.1173071960608163,0.1526619046926498,processed_ATL10-02_20240125080854_05732201_006_01.h5,0.25,Combined_25km_jan24_gt2r.csv
-76.61202958617278,-35.615287241718214,15.0,0.05,,0.0,0.1259474903345108,processed_ATL10-02_20240125080854_05732201_006_01.h5,0.25,Combined_25km_jan24_gt2r.csv
-76.43967693133516,-35.492489900256075,24.0,0.28,0.9003783106803894,5.102081270888448,0.2244006246328354,processed_ATL10-02_20240125080854_05732201_006_01.h5,1.08,Combined_25km_jan24_gt2r.csv
-76.21429211675253,-35.33604515542989,27.0,0.14,0.9878134065204196,13.78556935944491,0.2901212871074676,processed_ATL10-02_20240125080854_05732201_006_01.h5,0.57,Combined_25km_jan24_gt2r.csv
-75.9888597837907,-35.183933474283165,24.0,0.31,1.0490457841328211,5.867983610369265,0.220900297164917,processed_ATL10-02_20240125080854_05732201_006_01.h5,1.19,Combined_25km_jan24_gt2r.csv
-75.77656216517119,-35.044425540209176,24.0,0.16,0.8894889014107841,4.2863036738708615,0.2131877839565277,processed_ATL10-02_20240125080854_05732201_006_01.h5,0.65,Combined_25km_jan24_gt2r.csv
-75.55094309306838,-34.899912676491084,27.0,0.17,0.8727185651659966,5.605438403371307,0.2162399142980575,processed_ATL10-02_20240125080854_05732201_006_01.h5,0.68,Combined_25km_jan24_gt2r.csv
-75.32526602445404,-34.75901628076548,24.0,0.11,0.8029993176460266,4.535639367531985,0.1835057735443115,processed_ATL10-02_20240125080854_05732201_006_01.h5,0.46,Combined_25km_jan24_gt2r.csv
-75.09950392933962,-34.621912937887764,27.0,0.16,0.7943141162395477,6.872097141523328,0.2098219394683838,processed_ATL10-02_20240125080854_05732201_006_01.h5,0.65,Combined_25km_jan24_gt2r.csv
-74.87366615436021,-34.488564246316,24.0,0.15,0.7827988862991333,0.5606311286101118,0.1013037711381912,processed_ATL10-02_20240125080854_05732201_006_01.h5,0.61,Combined_25km_jan24_gt2r.csv
-74.64768467077099,-34.358961548264,27.0,0.14,0.7871887854167393,6.220405859251817,0.1947588771581649,processed_ATL10-02_20240125080854_05732201_006_01.h5,0.57,Combined_25km_jan24_gt2r.csv
-74.45945218928442,-34.25348326662872,9.0,0.05,0.7850090861320496,1.9581326904396217,0.1273916065692901,processed_ATL10-02_20240125080854_05732201_006_01.h5,0.25,Combined_25km_jan24_gt2r.csv
-74.14227690554621,-34.08076976861207,3.0,0.38,,0.0,0.1815709471702575,processed_ATL10-02_20240125080854_05732201_006_01.h5,1.44,Combined_25km_jan24_gt2r.csv
-77.3536613154727,-36.180529131088825,27.0,0.04,0.8412003980742561,13.778239126420685,0.2686490416526794,processed_ATL10-02_20240125080854_05732201_006_01.h5,0.21,Combined_25km_jan24_gt2r.csv
-77.11542290832885,-35.99226139916601,27.0,0.09,0.7398768407957894,3.810133712573184,0.1815683245658874,processed_ATL10-02_20240125080854_05732201_006_01.h5,0.39,Combined_25km_jan24_gt2r.csv
-76.91487620518,-35.838719679201645,18.0,0.05,0.693446546792984,1.1173071960608163,0.1526619046926498,processed_ATL10-02_20240125080854_05732201_006_01.h5,0.25,Combined_25km_jan24_gt2r.csv
-76.61202958617278,-35.615287241718214,15.0,0.05,,0.0,0.1259474903345108,processed_ATL10-02_20240125080854_05732201_006_01.h5,0.25,Combined_25km_jan24_gt2r.csv
-76.43967693133516,-35.492489900256075,24.0,0.28,0.9003783106803894,5.102081270888448,0.2244006246328354,processed_ATL10-02_20240125080854_05732201_006_01.h5,1.08,Combined_25km_jan24_gt2r.csv
-76.21429211675253,-35.33604515542989,27.0,0.14,0.9878134065204196,13.78556935944491,0.2901212871074676,processed_ATL10-02_20240125080854_05732201_006_01.h5,0.57,Combined_25km_jan24_gt2r.csv
-75.9888597837907,-35.183933474283165,24.0,0.31,1.0490457841328211,5.867983610369265,0.220900297164917,processed_ATL10-02_20240125080854_05732201_006_01.h5,1.19,Combined_25km_jan24_gt2r.csv
-75.77656216517119,-35.044425540209176,24.0,0.16,0.8894889014107841,4.2863036738708615,0.2131877839565277,processed_ATL10-02_20240125080854_05732201_006_01.h5,0.65,Combined_25km_jan24_gt2r.csv
-75.55094309306838,-34.899912676491084,27.0,0.17,0.8727185651659966,5.605438403371307,0.2162399142980575,processed_ATL10-02_20240125080854_05732201_006_01.h5,0.68,Combined_25km_jan24_gt2r.csv
-75.32526602445404,-34.75901628076548,24.0,0.11,0.8029993176460266,4.535639367531985,0.1835057735443115,processed_ATL10-02_20240125080854_05732201_006_01.h5,0.46,Combined_25km_jan24_gt2r.csv
-75.09950392933962,-34.621912937887764,27.0,0.16,0.7943141162395477,6.872097141523328,0.2098219394683838,processed_ATL10-02_20240125080854_05732201_006_01.h5,0.65,Combined_25km_jan24_gt2r.csv
-74.87366615436021,-34.488564246316,24.0,0.15,0.7827988862991333,0.5606311286101118,0.1013037711381912,processed_ATL10-02_20240125080854_05732201_006_01.h5,0.61,Combined_25km_jan24_gt2r.csv
-74.64768467077099,-34.358961548264,27.0,0.14,0.7871887854167393,6.220405859251817,0.1947588771581649,processed_ATL10-02_20240125080854_05732201_006_01.h5,0.57,Combined_25km_jan24_gt2r.csv
-74.45945218928442,-34.25348326662872,9.0,0.05,0.7850090861320496,1.9581326904396217,0.1273916065692901,processed_ATL10-02_20240125080854_05732201_006_01.h5,0.25,Combined_25km_jan24_gt2r.csv
-74.14227690554621,-34.08076976861207,3.0,0.38,,0.0,0.1815709471702575,processed_ATL10-02_20240125080854_05732201_006_01.h5,1.44,Combined_25km_jan24_gt2r.csv
-75.80981757255992,-30.056646849776445,27.0,0.16,0.9807468950748444,7.649617311027315,0.1709778904914856,processed_ATL10-02_20240125204313_05812201_006_01.h5,0.65,Combined_25km_jan24_gt2r.csv
-75.58664447409734,-30.200083456706157,24.0,0.06,0.7359431584676107,1.796567207202315,0.1035694554448127,processed_ATL10-02_20240125204313_05812201_006_01.h5,0.28,Combined_25km_jan24_gt2r.csv
-75.35810438997659,-30.34295920311436,27.0,0.04,0.849420408407847,1.9003612299760184,0.1517988890409469,processed_ATL10-02_20240125204313_05812201_006_01.h5,0.21,Combined_25km_jan24_gt2r.csv
-75.13118006084412,-30.481201114850748,24.0,0.1,0.9356663078069688,6.115570431575179,0.2369470298290252,processed_ATL10-02_20240125204313_05812201_006_01.h5,0.43,Combined_25km_jan24_gt2r.csv
-74.90533474603257,-30.615125659456695,27.0,0.03,0.7924276845795768,4.622903528312842,0.1922385990619659,processed_ATL10-02_20240125204313_05812201_006_01.h5,0.18,Combined_25km_jan24_gt2r.csv
-74.67945576962354,-30.745612343162414,24.0,0.07,0.8959540724754333,1.8479045131243763,0.15923373401165,processed_ATL10-02_20240125204313_05812201_006_01.h5,0.32,Combined_25km_jan24_gt2r.csv
-74.45354924826358,-30.8726344520464,27.0,0.06,0.8288693891631232,5.473025057775279,0.211639404296875,processed_ATL10-02_20240125204313_05812201_006_01.h5,0.28,Combined_25km_jan24_gt2r.csv
-74.2274835169646,-30.99649384162841,24.0,0.07,0.7912784665822983,4.192648903699592,0.1790743768215179,processed_ATL10-02_20240125204313_05812201_006_01.h5,0.32,Combined_25km_jan24_gt2r.csv
-74.00146916880821,-31.11715839820389,27.0,0.09,0.8468209356069565,12.226495291623804,0.2582278549671173,processed_ATL10-02_20240125204313_05812201_006_01.h5,0.39,Combined_25km_jan24_gt2r.csv
-73.85536286118769,-31.19372089393081,6.0,0.07,0.9391695857048036,12.897983938455582,0.3287338018417358,processed_ATL10-02_20240125204313_05812201_006_01.h5,0.32,Combined_25km_jan24_gt2r.csv
-75.80981757255992,-30.056646849776445,27.0,0.16,0.9807468950748444,7.649617311027315,0.1709778904914856,processed_ATL10-02_20240125204313_05812201_006_01.h5,0.65,Combined_25km_jan24_gt2r.csv
-75.58664447409734,-30.200083456706157,24.0,0.06,0.7359431584676107,1.796567207202315,0.1035694554448127,processed_ATL10-02_20240125204313_05812201_006_01.h5,0.28,Combined_25km_jan24_gt2r.csv
-75.35810438997659,-30.34295920311436,27.0,0.04,0.849420408407847,1.9003612299760184,0.1517988890409469,processed_ATL10-02_20240125204313_05812201_006_01.h5,0.21,Combined_25km_jan24_gt2r.csv
-75.13118006084412,-30.481201114850748,24.0,0.1,0.9356663078069688,6.115570431575179,0.2369470298290252,processed_ATL10-02_20240125204313_05812201_006_01.h5,0.43,Combined_25km_jan24_gt2r.csv
-74.90533474603257,-30.615125659456695,27.0,0.03,0.7924276845795768,4.622903528312842,0.1922385990619659,processed_ATL10-02_20240125204313_05812201_006_01.h5,0.18,Combined_25km_jan24_gt2r.csv
-74.67945576962354,-30.745612343162414,24.0,0.07,0.8959540724754333,1.8479045131243763,0.15923373401165,processed_ATL10-02_20240125204313_05812201_006_01.h5,0.32,Combined_25km_jan24_gt2r.csv
-74.45354924826358,-30.8726344520464,27.0,0.06,0.8288693891631232,5.473025057775279,0.211639404296875,processed_ATL10-02_20240125204313_05812201_006_01.h5,0.28,Combined_25km_jan24_gt2r.csv
-74.2274835169646,-30.99649384162841,24.0,0.07,0.7912784665822983,4.192648903699592,0.1790743768215179,processed_ATL10-02_20240125204313_05812201_006_01.h5,0.32,Combined_25km_jan24_gt2r.csv
-74.00146916880821,-31.11715839820389,27.0,0.09,0.8468209356069565,12.226495291623804,0.2582278549671173,processed_ATL10-02_20240125204313_05812201_006_01.h5,0.39,Combined_25km_jan24_gt2r.csv
-73.85536286118769,-31.19372089393081,6.0,0.07,0.9391695857048036,12.897983938455582,0.3287338018417358,processed_ATL10-02_20240125204313_05812201_006_01.h5,0.32,Combined_25km_jan24_gt2r.csv
-74.14881665949076,-28.37278416332902,9.0,0.07,0.6727753281593323,1.9887299587329228,0.1074533686041832,processed_ATL10-02_20240126074312_05882201_006_01.h5,0.32,Combined_25km_jan24_gt2r.csv
-73.13084342854336,-27.855148613676747,12.0,0.05,0.8749433954556783,5.734805390238762,0.1778740584850311,processed_ATL10-02_20240126074312_05882201_006_01.h5,0.25,Combined_25km_jan24_gt2r.csv
-72.96866212074382,-27.77773294099448,24.0,0.1,0.8298365592956543,8.396675996482372,0.1768713295459747,processed_ATL10-02_20240126074312_05882201_006_01.h5,0.43,Combined_25km_jan24_gt2r.csv
-74.14881665949076,-28.37278416332902,9.0,0.07,0.6727753281593323,1.9887299587329228,0.1074533686041832,processed_ATL10-02_20240126074312_05882201_006_01.h5,0.32,Combined_25km_jan24_gt2r.csv
-73.13084342854336,-27.855148613676747,12.0,0.05,0.8749433954556783,5.734805390238762,0.1778740584850311,processed_ATL10-02_20240126074312_05882201_006_01.h5,0.25,Combined_25km_jan24_gt2r.csv
-72.96866212074382,-27.77773294099448,24.0,0.1,0.8298365592956543,8.396675996482372,0.1768713295459747,processed_ATL10-02_20240126074312_05882201_006_01.h5,0.43,Combined_25km_jan24_gt2r.csv
-71.93768896582438,-26.389504537501345,6.0,0.06,,0.0,0.0245232246816158,processed_ATL10-02_20240126201732_05962201_006_01.h5,0.28,Combined_25km_jan24_gt2r.csv
-71.68536282363371,-26.49732738536501,15.0,0.1,,0.0,0.057596705853939,processed_ATL10-02_20240126201732_05962201_006_01.h5,0.43,Combined_25km_jan24_gt2r.csv
-71.46278438608952,-26.59008019093981,18.0,0.11,,0.0,0.0667772144079208,processed_ATL10-02_20240126201732_05962201_006_01.h5,0.46,Combined_25km_jan24_gt2r.csv
-71.23162407926296,-26.68417442953581,24.0,0.17,,0.0,0.0587990432977676,processed_ATL10-02_20240126201732_05962201_006_01.h5,0.68,Combined_25km_jan24_gt2r.csv
-71.03904420425006,-26.761087209903565,18.0,0.15,,0.0,0.0694776475429534,processed_ATL10-02_20240126201732_05962201_006_01.h5,0.61,Combined_25km_jan24_gt2r.csv
-71.93768896582438,-26.389504537501345,6.0,0.06,,0.0,0.0245232246816158,processed_ATL10-02_20240126201732_05962201_006_01.h5,0.28,Combined_25km_jan24_gt2r.csv
-71.68536282363371,-26.49732738536501,15.0,0.1,,0.0,0.057596705853939,processed_ATL10-02_20240126201732_05962201_006_01.h5,0.43,Combined_25km_jan24_gt2r.csv
-71.46278438608952,-26.59008019093981,18.0,0.11,,0.0,0.0667772144079208,processed_ATL10-02_20240126201732_05962201_006_01.h5,0.46,Combined_25km_jan24_gt2r.csv
-71.23162407926296,-26.68417442953581,24.0,0.17,,0.0,0.0587990432977676,processed_ATL10-02_20240126201732_05962201_006_01.h5,0.68,Combined_25km_jan24_gt2r.csv
-71.03904420425006,-26.761087209903565,18.0,0.15,,0.0,0.0694776475429534,processed_ATL10-02_20240126201732_05962201_006_01.h5,0.61,Combined_25km_jan24_gt2r.csv
-74.91521170305838,-31.387386736868876,27.0,0.19,0.8905706575938633,3.1017926832040152,0.1868534684181213,processed_ATL10-02_20240129203455_06422201_006_01.h5,0.75,Combined_25km_jan24_gt2r.csv
-74.68919426136426,-31.51799113415876,24.0,0.17,0.8650667309761048,1.4340632362291217,0.1687980592250824,processed_ATL10-02_20240129203455_06422201_006_01.h5,0.68,Combined_25km_jan24_gt2r.csv
-74.50508617791715,-31.622023801847515,18.0,0.17,0.8687684734662374,0.7575232380380233,0.1546789109706878,processed_ATL10-02_20240129203455_06422201_006_01.h5,0.68,Combined_25km_jan24_gt2r.csv
-73.97537389996762,-31.909707988663456,18.0,0.34,1.0600427091121674,13.105900709827742,0.2815816700458526,processed_ATL10-02_20240129203455_06422201_006_01.h5,1.3,Combined_25km_jan24_gt2r.csv
-73.77653017848438,-32.01327875476733,12.0,0.52,1.394174873828888,9.329931635875257,0.299776941537857,processed_ATL10-02_20240129203455_06422201_006_01.h5,1.95,Combined_25km_jan24_gt2r.csv
-73.62420539323765,-32.09122285420418,12.0,0.62,1.0191085040569303,4.900800285395235,0.2388609945774078,processed_ATL10-02_20240129203455_06422201_006_01.h5,2.31,Combined_25km_jan24_gt2r.csv
-73.06708707699964,-32.36591692656478,18.0,0.35,0.8244863748550415,0.8834682094554106,0.2073937654495239,processed_ATL10-02_20240129203455_06422201_006_01.h5,1.33,Combined_25km_jan24_gt2r.csv
-72.90497879115618,-32.443007516364126,15.0,0.32,1.3185492753982544,2.185879684984684,0.2096006423234939,processed_ATL10-02_20240129203455_06422201_006_01.h5,1.23,Combined_25km_jan24_gt2r.csv
-74.91521170305838,-31.387386736868876,27.0,0.19,0.8905706575938633,3.1017926832040152,0.1868534684181213,processed_ATL10-02_20240129203455_06422201_006_01.h5,0.75,Combined_25km_jan24_gt2r.csv
-74.68919426136426,-31.51799113415876,24.0,0.17,0.8650667309761048,1.4340632362291217,0.1687980592250824,processed_ATL10-02_20240129203455_06422201_006_01.h5,0.68,Combined_25km_jan24_gt2r.csv
-74.50508617791715,-31.622023801847515,18.0,0.17,0.8687684734662374,0.7575232380380233,0.1546789109706878,processed_ATL10-02_20240129203455_06422201_006_01.h5,0.68,Combined_25km_jan24_gt2r.csv
-73.97537389996762,-31.909707988663456,18.0,0.34,1.0600427091121674,13.105900709827742,0.2815816700458526,processed_ATL10-02_20240129203455_06422201_006_01.h5,1.3,Combined_25km_jan24_gt2r.csv
-73.77653017848438,-32.01327875476733,12.0,0.52,1.394174873828888,9.329931635875257,0.299776941537857,processed_ATL10-02_20240129203455_06422201_006_01.h5,1.95,Combined_25km_jan24_gt2r.csv
-73.62420539323765,-32.09122285420418,12.0,0.62,1.0191085040569303,4.900800285395235,0.2388609945774078,processed_ATL10-02_20240129203455_06422201_006_01.h5,2.31,Combined_25km_jan24_gt2r.csv
-73.06708707699964,-32.36591692656478,18.0,0.35,0.8244863748550415,0.8834682094554106,0.2073937654495239,processed_ATL10-02_20240129203455_06422201_006_01.h5,1.33,Combined_25km_jan24_gt2r.csv
-72.90497879115618,-32.443007516364126,15.0,0.32,1.3185492753982544,2.185879684984684,0.2096006423234939,processed_ATL10-02_20240129203455_06422201_006_01.h5,1.23,Combined_25km_jan24_gt2r.csv
-76.39357905219259,-30.528291718111877,27.0,0.16,0.9810979291796684,10.975970084675485,0.2351333498954773,processed_ATL10-02_20240130073457_06492201_006_01.h5,0.65,Combined_25km_jan24_gt2r.csv
-76.16816894664984,-30.37219505847822,24.0,0.06,0.8697363018989563,1.4158727164613083,0.1497833430767059,processed_ATL10-02_20240130073457_06492201_006_01.h5,0.28,Combined_25km_jan24_gt2r.csv
-75.94261273435052,-30.220672413133784,27.0,0.07,0.8430008377347674,5.713535307182206,0.1891449391841888,processed_ATL10-02_20240130073457_06492201_006_01.h5,0.32,Combined_25km_jan24_gt2r.csv
-75.71714366081542,-30.07343691110939,24.0,0.06,0.8705030903220177,9.325558433192782,0.2490842044353485,processed_ATL10-02_20240130073457_06492201_006_01.h5,0.28,Combined_25km_jan24_gt2r.csv
-75.48408701871976,-29.92560609588405,21.0,0.12,0.8261317014694214,0.6840356226478305,0.1090788170695304,processed_ATL10-02_20240130073457_06492201_006_01.h5,0.5,Combined_25km_jan24_gt2r.csv
-75.27363472273711,-29.795558423297702,21.0,0.12,0.7561122377713522,0.9471642385636058,0.1465761810541153,processed_ATL10-02_20240130073457_06492201_006_01.h5,0.5,Combined_25km_jan24_gt2r.csv
-75.03880310899874,-29.65432716242469,27.0,0.14,0.8311021327972412,3.0541215505864887,0.182266965508461,processed_ATL10-02_20240130073457_06492201_006_01.h5,0.57,Combined_25km_jan24_gt2r.csv
-74.81385261283492,-29.52254211535235,24.0,0.07,0.8106901049613953,3.2217497820965946,0.1893099844455719,processed_ATL10-02_20240130073457_06492201_006_01.h5,0.32,Combined_25km_jan24_gt2r.csv
-74.58820526533592,-29.3938067803962,27.0,0.09,0.8958756774663925,6.977878966265255,0.2234546393156051,processed_ATL10-02_20240130073457_06492201_006_01.h5,0.39,Combined_25km_jan24_gt2r.csv
-74.36211269220237,-29.267981580896205,24.0,0.06,0.7493016322453817,1.6220102785155175,0.0935325101017952,processed_ATL10-02_20240130073457_06492201_006_01.h5,0.28,Combined_25km_jan24_gt2r.csv
-74.13615791174112,-29.14546013086453,27.0,0.08,0.8579210266470909,12.000330537557602,0.2557532489299774,processed_ATL10-02_20240130073457_06492201_006_01.h5,0.36,Combined_25km_jan24_gt2r.csv
-73.92330636115561,-29.03276661376799,21.0,0.36,1.0178513288497926,6.836881521823151,0.2410678565502166,processed_ATL10-02_20240130073457_06492201_006_01.h5,1.37,Combined_25km_jan24_gt2r.csv
-76.39357905219259,-30.528291718111877,27.0,0.16,0.9810979291796684,10.975970084675485,0.2351333498954773,processed_ATL10-02_20240130073457_06492201_006_01.h5,0.65,Combined_25km_jan24_gt2r.csv
-76.16816894664984,-30.37219505847822,24.0,0.06,0.8697363018989563,1.4158727164613083,0.1497833430767059,processed_ATL10-02_20240130073457_06492201_006_01.h5,0.28,Combined_25km_jan24_gt2r.csv
-75.94261273435052,-30.220672413133784,27.0,0.07,0.8430008377347674,5.713535307182206,0.1891449391841888,processed_ATL10-02_20240130073457_06492201_006_01.h5,0.32,Combined_25km_jan24_gt2r.csv
-75.71714366081542,-30.07343691110939,24.0,0.06,0.8705030903220177,9.325558433192782,0.2490842044353485,processed_ATL10-02_20240130073457_06492201_006_01.h5,0.28,Combined_25km_jan24_gt2r.csv
-75.48408701871976,-29.92560609588405,21.0,0.12,0.8261317014694214,0.6840356226478305,0.1090788170695304,processed_ATL10-02_20240130073457_06492201_006_01.h5,0.5,Combined_25km_jan24_gt2r.csv
-75.27363472273711,-29.795558423297702,21.0,0.12,0.7561122377713522,0.9471642385636058,0.1465761810541153,processed_ATL10-02_20240130073457_06492201_006_01.h5,0.5,Combined_25km_jan24_gt2r.csv
-75.03880310899874,-29.65432716242469,27.0,0.14,0.8311021327972412,3.0541215505864887,0.182266965508461,processed_ATL10-02_20240130073457_06492201_006_01.h5,0.57,Combined_25km_jan24_gt2r.csv
-74.81385261283492,-29.52254211535235,24.0,0.07,0.8106901049613953,3.2217497820965946,0.1893099844455719,processed_ATL10-02_20240130073457_06492201_006_01.h5,0.32,Combined_25km_jan24_gt2r.csv
-74.58820526533592,-29.3938067803962,27.0,0.09,0.8958756774663925,6.977878966265255,0.2234546393156051,processed_ATL10-02_20240130073457_06492201_006_01.h5,0.39,Combined_25km_jan24_gt2r.csv
-74.36211269220237,-29.267981580896205,24.0,0.06,0.7493016322453817,1.6220102785155175,0.0935325101017952,processed_ATL10-02_20240130073457_06492201_006_01.h5,0.28,Combined_25km_jan24_gt2r.csv
-74.13615791174112,-29.14546013086453,27.0,0.08,0.8579210266470909,12.000330537557602,0.2557532489299774,processed_ATL10-02_20240130073457_06492201_006_01.h5,0.36,Combined_25km_jan24_gt2r.csv
-73.92330636115561,-29.03276661376799,21.0,0.36,1.0178513288497926,6.836881521823151,0.2410678565502166,processed_ATL10-02_20240130073457_06492201_006_01.h5,1.37,Combined_25km_jan24_gt2r.csv
-74.28803880959815,-26.03039947309777,27.0,0.18,1.1551544070243835,4.17253618232078,0.1449838131666183,processed_ATL10-02_20240130200916_06572201_006_01.h5,0.72,Combined_25km_jan24_gt2r.csv
-74.0619635810545,-26.15216441034253,24.0,0.06,0.9945837003844124,13.564457173924891,0.2522737979888916,processed_ATL10-02_20240130200916_06572201_006_01.h5,0.28,Combined_25km_jan24_gt2r.csv
-73.83588617098961,-26.27090883624079,27.0,0.05,0.8653612647737775,4.276911402121186,0.165001556277275,processed_ATL10-02_20240130200916_06572201_006_01.h5,0.25,Combined_25km_jan24_gt2r.csv
-73.60975235245388,-26.386969013346523,24.0,0.15,1.010882832109928,8.36362182162702,0.2649208605289459,processed_ATL10-02_20240130200916_06572201_006_01.h5,0.61,Combined_25km_jan24_gt2r.csv
-73.38348327529995,-26.500332391074146,27.0,0.05,0.9055103574480328,4.874723378775848,0.1659071594476699,processed_ATL10-02_20240130200916_06572201_006_01.h5,0.25,Combined_25km_jan24_gt2r.csv
-73.15793872911352,-26.61075249416462,24.0,0.07,0.7978063523769379,4.948037635767832,0.1661524921655655,processed_ATL10-02_20240130200916_06572201_006_01.h5,0.32,Combined_25km_jan24_gt2r.csv
-72.99038431518927,-26.69122263488259,9.0,0.04,,0.0,0.058606494218111,processed_ATL10-02_20240130200916_06572201_006_01.h5,0.21,Combined_25km_jan24_gt2r.csv
-72.39343838685775,-26.96728391585974,6.0,0.09,,0.0,0.0731849521398544,processed_ATL10-02_20240130200916_06572201_006_01.h5,0.39,Combined_25km_jan24_gt2r.csv
-74.28803880959815,-26.03039947309777,27.0,0.18,1.1551544070243835,4.17253618232078,0.1449838131666183,processed_ATL10-02_20240130200916_06572201_006_01.h5,0.72,Combined_25km_jan24_gt2r.csv
-74.0619635810545,-26.15216441034253,24.0,0.06,0.9945837003844124,13.564457173924891,0.2522737979888916,processed_ATL10-02_20240130200916_06572201_006_01.h5,0.28,Combined_25km_jan24_gt2r.csv
-73.83588617098961,-26.27090883624079,27.0,0.05,0.8653612647737775,4.276911402121186,0.165001556277275,processed_ATL10-02_20240130200916_06572201_006_01.h5,0.25,Combined_25km_jan24_gt2r.csv
-73.60975235245388,-26.386969013346523,24.0,0.15,1.010882832109928,8.36362182162702,0.2649208605289459,processed_ATL10-02_20240130200916_06572201_006_01.h5,0.61,Combined_25km_jan24_gt2r.csv
-73.38348327529995,-26.500332391074146,27.0,0.05,0.9055103574480328,4.874723378775848,0.1659071594476699,processed_ATL10-02_20240130200916_06572201_006_01.h5,0.25,Combined_25km_jan24_gt2r.csv
-73.15793872911352,-26.61075249416462,24.0,0.07,0.7978063523769379,4.948037635767832,0.1661524921655655,processed_ATL10-02_20240130200916_06572201_006_01.h5,0.32,Combined_25km_jan24_gt2r.csv
-72.99038431518927,-26.69122263488259,9.0,0.04,,0.0,0.058606494218111,processed_ATL10-02_20240130200916_06572201_006_01.h5,0.21,Combined_25km_jan24_gt2r.csv
-72.39343838685775,-26.96728391585974,6.0,0.09,,0.0,0.0731849521398544,processed_ATL10-02_20240130200916_06572201_006_01.h5,0.39,Combined_25km_jan24_gt2r.csv
-77.33152201241886,-41.94209909992488,27.0,0.37,1.1982153720325894,14.858303291516172,0.3329913020133972,processed_ATL10-02_20240131211753_06732201_006_01.h5,1.41,Combined_25km_jan24_gt2r.csv
-77.09326427697407,-42.12945309956325,27.0,0.38,1.2141570448875427,17.49521481494109,0.3605841994285583,processed_ATL10-02_20240131211753_06732201_006_01.h5,1.44,Combined_25km_jan24_gt2r.csv
-76.86810574869219,-42.30086014258029,24.0,0.25,1.0205768719315529,7.917730533517897,0.2605287134647369,processed_ATL10-02_20240131211753_06732201_006_01.h5,0.97,Combined_25km_jan24_gt2r.csv
-76.64289236372548,-42.46692308640901,27.0,0.27,1.0842651194996304,8.28827317390177,0.2518630623817444,processed_ATL10-02_20240131211753_06732201_006_01.h5,1.04,Combined_25km_jan24_gt2r.csv
-76.41756852985671,-42.628138942821664,24.0,0.28,1.0438634753227234,6.54773956630379,0.2396266162395477,processed_ATL10-02_20240131211753_06732201_006_01.h5,1.08,Combined_25km_jan24_gt2r.csv
-76.19493604353772,-42.78263819728752,27.0,0.31,1.0891840159893036,4.859789202196731,0.2066270560026168,processed_ATL10-02_20240131211753_06732201_006_01.h5,1.19,Combined_25km_jan24_gt2r.csv
-75.9666747083651,-42.936555624547736,24.0,0.37,1.1824879348278046,8.448654366657138,0.270131915807724,processed_ATL10-02_20240131211753_06732201_006_01.h5,1.41,Combined_25km_jan24_gt2r.csv
-75.75774660694083,-43.07350763978164,24.0,0.37,1.2043306529521942,15.432235365733504,0.3643155694007873,processed_ATL10-02_20240131211753_06732201_006_01.h5,1.41,Combined_25km_jan24_gt2r.csv
-75.52873090294595,-43.219457541037976,27.0,0.28,1.075058182080587,10.947574822542569,0.2865875363349914,processed_ATL10-02_20240131211753_06732201_006_01.h5,1.08,Combined_25km_jan24_gt2r.csv
-75.30301796911752,-43.35943890365276,24.0,0.13,0.9295297116041183,4.399379994720221,0.2242419123649597,processed_ATL10-02_20240131211753_06732201_006_01.h5,0.54,Combined_25km_jan24_gt2r.csv
-75.07726574658909,-43.49568975498926,27.0,0.21,0.9241804257035257,2.267771092657414,0.1733719259500503,processed_ATL10-02_20240131211753_06732201_006_01.h5,0.83,Combined_25km_jan24_gt2r.csv
-74.85138972888153,-43.628499286686434,24.0,0.26,0.9177119433879852,1.390508090844378,0.1677661538124084,processed_ATL10-02_20240131211753_06732201_006_01.h5,1.01,Combined_25km_jan24_gt2r.csv
-74.62548361960232,-43.75785218392882,27.0,0.34,1.1770876731191362,3.365916350028581,0.2228226661682129,processed_ATL10-02_20240131211753_06732201_006_01.h5,1.3,Combined_25km_jan24_gt2r.csv
-74.39952907268227,-43.88407765604544,24.0,0.19,1.090191091809954,8.58082550112158,0.2533143162727356,processed_ATL10-02_20240131211753_06732201_006_01.h5,0.75,Combined_25km_jan24_gt2r.csv
-74.17349886071247,-44.007165900076046,27.0,0.24,0.9004254681723458,3.2624494853532977,0.2023350149393081,processed_ATL10-02_20240131211753_06732201_006_01.h5,0.94,Combined_25km_jan24_gt2r.csv
-73.94755834189016,-44.12728889523261,24.0,0.19,0.8823851227760315,6.503717170562595,0.2070930302143097,processed_ATL10-02_20240131211753_06732201_006_01.h5,0.75,Combined_25km_jan24_gt2r.csv
-73.72137154154876,-44.24453610889217,27.0,0.17,1.0163113474845886,0.925663879348172,0.1561495065689087,processed_ATL10-02_20240131211753_06732201_006_01.h5,0.68,Combined_25km_jan24_gt2r.csv
-73.49666319235678,-44.35837176718374,24.0,0.12,0.8958684404691061,0.9190511307679116,0.1169723570346832,processed_ATL10-02_20240131211753_06732201_006_01.h5,0.5,Combined_25km_jan24_gt2r.csv
-73.26912218546148,-44.47099594454136,27.0,0.2,0.9801151288880242,10.65397761348221,0.2802876830101013,processed_ATL10-02_20240131211753_06732201_006_01.h5,0.79,Combined_25km_jan24_gt2r.csv
-73.04484740986376,-44.57948135378202,21.0,0.34,1.122824830668313,10.96980373508164,0.2737477421760559,processed_ATL10-02_20240131211753_06732201_006_01.h5,1.3,Combined_25km_jan24_gt2r.csv
-72.81648407156567,-44.68747292670404,27.0,0.18,0.95052208006382,12.432781443931162,0.2793403267860412,processed_ATL10-02_20240131211753_06732201_006_01.h5,0.72,Combined_25km_jan24_gt2r.csv
-77.33152201241886,-41.94209909992488,27.0,0.37,1.1982153720325894,14.858303291516172,0.3329913020133972,processed_ATL10-02_20240131211753_06732201_006_01.h5,1.41,Combined_25km_jan24_gt2r.csv
-77.09326427697407,-42.12945309956325,27.0,0.38,1.2141570448875427,17.49521481494109,0.3605841994285583,processed_ATL10-02_20240131211753_06732201_006_01.h5,1.44,Combined_25km_jan24_gt2r.csv
-76.86810574869219,-42.30086014258029,24.0,0.25,1.0205768719315529,7.917730533517897,0.2605287134647369,processed_ATL10-02_20240131211753_06732201_006_01.h5,0.97,Combined_25km_jan24_gt2r.csv
-76.64289236372548,-42.46692308640901,27.0,0.27,1.0842651194996304,8.28827317390177,0.2518630623817444,processed_ATL10-02_20240131211753_06732201_006_01.h5,1.04,Combined_25km_jan24_gt2r.csv
-76.41756852985671,-42.628138942821664,24.0,0.28,1.0438634753227234,6.54773956630379,0.2396266162395477,processed_ATL10-02_20240131211753_06732201_006_01.h5,1.08,Combined_25km_jan24_gt2r.csv
-76.19493604353772,-42.78263819728752,27.0,0.31,1.0891840159893036,4.859789202196731,0.2066270560026168,processed_ATL10-02_20240131211753_06732201_006_01.h5,1.19,Combined_25km_jan24_gt2r.csv
-75.9666747083651,-42.936555624547736,24.0,0.37,1.1824879348278046,8.448654366657138,0.270131915807724,processed_ATL10-02_20240131211753_06732201_006_01.h5,1.41,Combined_25km_jan24_gt2r.csv
-75.75774660694083,-43.07350763978164,24.0,0.37,1.2043306529521942,15.432235365733504,0.3643155694007873,processed_ATL10-02_20240131211753_06732201_006_01.h5,1.41,Combined_25km_jan24_gt2r.csv
-75.52873090294595,-43.219457541037976,27.0,0.28,1.075058182080587,10.947574822542569,0.2865875363349914,processed_ATL10-02_20240131211753_06732201_006_01.h5,1.08,Combined_25km_jan24_gt2r.csv
-75.30301796911752,-43.35943890365276,24.0,0.13,0.9295297116041183,4.399379994720221,0.2242419123649597,processed_ATL10-02_20240131211753_06732201_006_01.h5,0.54,Combined_25km_jan24_gt2r.csv
-75.07726574658909,-43.49568975498926,27.0,0.21,0.9241804257035257,2.267771092657414,0.1733719259500503,processed_ATL10-02_20240131211753_06732201_006_01.h5,0.83,Combined_25km_jan24_gt2r.csv
-74.85138972888153,-43.628499286686434,24.0,0.26,0.9177119433879852,1.390508090844378,0.1677661538124084,processed_ATL10-02_20240131211753_06732201_006_01.h5,1.01,Combined_25km_jan24_gt2r.csv
-74.62548361960232,-43.75785218392882,27.0,0.34,1.1770876731191362,3.365916350028581,0.2228226661682129,processed_ATL10-02_20240131211753_06732201_006_01.h5,1.3,Combined_25km_jan24_gt2r.csv
-74.39952907268227,-43.88407765604544,24.0,0.19,1.090191091809954,8.58082550112158,0.2533143162727356,processed_ATL10-02_20240131211753_06732201_006_01.h5,0.75,Combined_25km_jan24_gt2r.csv
-74.17349886071247,-44.007165900076046,27.0,0.24,0.9004254681723458,3.2624494853532977,0.2023350149393081,processed_ATL10-02_20240131211753_06732201_006_01.h5,0.94,Combined_25km_jan24_gt2r.csv
-73.94755834189016,-44.12728889523261,24.0,0.19,0.8823851227760315,6.503717170562595,0.2070930302143097,processed_ATL10-02_20240131211753_06732201_006_01.h5,0.75,Combined_25km_jan24_gt2r.csv
-73.72137154154876,-44.24453610889217,27.0,0.17,1.0163113474845886,0.925663879348172,0.1561495065689087,processed_ATL10-02_20240131211753_06732201_006_01.h5,0.68,Combined_25km_jan24_gt2r.csv
-73.49666319235678,-44.35837176718374,24.0,0.12,0.8958684404691061,0.9190511307679116,0.1169723570346832,processed_ATL10-02_20240131211753_06732201_006_01.h5,0.5,Combined_25km_jan24_gt2r.csv
-73.26912218546148,-44.47099594454136,27.0,0.2,0.9801151288880242,10.65397761348221,0.2802876830101013,processed_ATL10-02_20240131211753_06732201_006_01.h5,0.79,Combined_25km_jan24_gt2r.csv
-73.04484740986376,-44.57948135378202,21.0,0.34,1.122824830668313,10.96980373508164,0.2737477421760559,processed_ATL10-02_20240131211753_06732201_006_01.h5,1.3,Combined_25km_jan24_gt2r.csv
-72.81648407156567,-44.68747292670404,27.0,0.18,0.95052208006382,12.432781443931162,0.2793403267860412,processed_ATL10-02_20240131211753_06732201_006_01.h5,0.72,Combined_25km_jan24_gt2r.csv
-74.6251166041287,-25.98823215749811,27.0,0.07,0.80523521900177,2.793662121985108,0.1283419728279113,processed_ATL10-02_20240101213326_02152201_006_01.h5,0.32,Combined_25km_jan24_gt3r.csv
-74.40101627335474,-26.11515978553849,24.0,0.03,0.9487625360488892,1.1848626658320427,0.0496673546731472,processed_ATL10-02_20240101213326_02152201_006_01.h5,0.18,Combined_25km_jan24_gt3r.csv
-74.17508798729311,-26.239919585717235,27.0,0.12,1.0407482236623764,3.167792626967033,0.1033023819327354,processed_ATL10-02_20240101213326_02152201_006_01.h5,0.5,Combined_25km_jan24_gt3r.csv
-74.6251166041287,-25.98823215749811,27.0,0.07,0.80523521900177,2.793662121985108,0.1283419728279113,processed_ATL10-02_20240101213326_02152201_006_01.h5,0.32,Combined_25km_jan24_gt3r.csv
-74.40101627335474,-26.11515978553849,24.0,0.03,0.9487625360488892,1.1848626658320427,0.0496673546731472,processed_ATL10-02_20240101213326_02152201_006_01.h5,0.18,Combined_25km_jan24_gt3r.csv
-74.17508798729311,-26.239919585717235,27.0,0.12,1.0407482236623764,3.167792626967033,0.1033023819327354,processed_ATL10-02_20240101213326_02152201_006_01.h5,0.5,Combined_25km_jan24_gt3r.csv
-63.7184401183786,-43.69562180352003,9.0,0.02,,0.0,0.0276076216250658,processed_ATL10-02_20240102100745_02232201_006_01.h5,0.14,Combined_25km_jan24_gt3r.csv
-63.30979954480728,-43.59596502470235,6.0,0.04,,0.0,0.0138597413897514,processed_ATL10-02_20240102100745_02232201_006_01.h5,0.21,Combined_25km_jan24_gt3r.csv
-63.7184401183786,-43.69562180352003,9.0,0.02,,0.0,0.0276076216250658,processed_ATL10-02_20240102100745_02232201_006_01.h5,0.14,Combined_25km_jan24_gt3r.csv
-63.30979954480728,-43.59596502470235,6.0,0.04,,0.0,0.0138597413897514,processed_ATL10-02_20240102100745_02232201_006_01.h5,0.21,Combined_25km_jan24_gt3r.csv
-75.62707719370773,-43.294207582604486,27.0,0.35,1.125092519654168,3.942030926959382,0.2214411944150924,processed_ATL10-02_20240102224204_02312201_006_01.h5,1.33,Combined_25km_jan24_gt3r.csv
-75.40147550368121,-43.43782828085507,24.0,0.25,1.01248528276171,4.4428312161471695,0.2317991107702255,processed_ATL10-02_20240102224204_02312201_006_01.h5,0.97,Combined_25km_jan24_gt3r.csv
-75.17573829910025,-43.577565031188655,27.0,0.33,1.0530553236603737,2.9526703939255743,0.2204222083091735,processed_ATL10-02_20240102224204_02312201_006_01.h5,1.26,Combined_25km_jan24_gt3r.csv
-74.9499953105187,-43.71368449126136,24.0,0.22,0.9939782023429872,2.32045684242621,0.1985420435667038,processed_ATL10-02_20240102224204_02312201_006_01.h5,0.86,Combined_25km_jan24_gt3r.csv
-74.72414636348114,-43.84625095594973,27.0,0.28,1.0031403675675392,4.084692176224457,0.1994397640228271,processed_ATL10-02_20240102224204_02312201_006_01.h5,1.08,Combined_25km_jan24_gt3r.csv
-74.49862160199478,-43.97527854634973,24.0,0.33,1.138787841796875,1.3711754203541204,0.1657988131046295,processed_ATL10-02_20240102224204_02312201_006_01.h5,1.26,Combined_25km_jan24_gt3r.csv
-74.27239501770276,-44.101399658296565,27.0,0.26,0.9226747949918112,1.1074185526619356,0.1624166369438171,processed_ATL10-02_20240102224204_02312201_006_01.h5,1.01,Combined_25km_jan24_gt3r.csv
-74.04628149155786,-44.224429713858,24.0,0.23,0.9608874440193176,1.7521925474284217,0.1711866408586502,processed_ATL10-02_20240102224204_02312201_006_01.h5,0.9,Combined_25km_jan24_gt3r.csv
-73.82021944437777,-44.3444314211926,27.0,0.26,0.8739475607872009,0.8058737756477462,0.1624848991632461,processed_ATL10-02_20240102224204_02312201_006_01.h5,1.01,Combined_25km_jan24_gt3r.csv
-73.59409072367521,-44.46170888907721,24.0,0.26,1.013310773032052,1.6830353095429018,0.1842885166406631,processed_ATL10-02_20240102224204_02312201_006_01.h5,1.01,Combined_25km_jan24_gt3r.csv
-73.36793230603952,-44.57618018682594,27.0,0.27,0.9964966263089862,2.540900930762291,0.1915812790393829,processed_ATL10-02_20240102224204_02312201_006_01.h5,1.04,Combined_25km_jan24_gt3r.csv
-73.14172353835987,-44.68812362997328,24.0,0.24,1.092084676027298,5.27336283121258,0.2341227829456329,processed_ATL10-02_20240102224204_02312201_006_01.h5,0.94,Combined_25km_jan24_gt3r.csv
-75.62707719370773,-43.294207582604486,27.0,0.35,1.125092519654168,3.942030926959382,0.2214411944150924,processed_ATL10-02_20240102224204_02312201_006_01.h5,1.33,Combined_25km_jan24_gt3r.csv
-75.40147550368121,-43.43782828085507,24.0,0.25,1.01248528276171,4.4428312161471695,0.2317991107702255,processed_ATL10-02_20240102224204_02312201_006_01.h5,0.97,Combined_25km_jan24_gt3r.csv
-75.17573829910025,-43.577565031188655,27.0,0.33,1.0530553236603737,2.9526703939255743,0.2204222083091735,processed_ATL10-02_20240102224204_02312201_006_01.h5,1.26,Combined_25km_jan24_gt3r.csv
-74.9499953105187,-43.71368449126136,24.0,0.22,0.9939782023429872,2.32045684242621,0.1985420435667038,processed_ATL10-02_20240102224204_02312201_006_01.h5,0.86,Combined_25km_jan24_gt3r.csv
-74.72414636348114,-43.84625095594973,27.0,0.28,1.0031403675675392,4.084692176224457,0.1994397640228271,processed_ATL10-02_20240102224204_02312201_006_01.h5,1.08,Combined_25km_jan24_gt3r.csv
-74.49862160199478,-43.97527854634973,24.0,0.33,1.138787841796875,1.3711754203541204,0.1657988131046295,processed_ATL10-02_20240102224204_02312201_006_01.h5,1.26,Combined_25km_jan24_gt3r.csv
-74.27239501770276,-44.101399658296565,27.0,0.26,0.9226747949918112,1.1074185526619356,0.1624166369438171,processed_ATL10-02_20240102224204_02312201_006_01.h5,1.01,Combined_25km_jan24_gt3r.csv
-74.04628149155786,-44.224429713858,24.0,0.23,0.9608874440193176,1.7521925474284217,0.1711866408586502,processed_ATL10-02_20240102224204_02312201_006_01.h5,0.9,Combined_25km_jan24_gt3r.csv
-73.82021944437777,-44.3444314211926,27.0,0.26,0.8739475607872009,0.8058737756477462,0.1624848991632461,processed_ATL10-02_20240102224204_02312201_006_01.h5,1.01,Combined_25km_jan24_gt3r.csv
-73.59409072367521,-44.46170888907721,24.0,0.26,1.013310773032052,1.6830353095429018,0.1842885166406631,processed_ATL10-02_20240102224204_02312201_006_01.h5,1.01,Combined_25km_jan24_gt3r.csv
-73.36793230603952,-44.57618018682594,27.0,0.27,0.9964966263089862,2.540900930762291,0.1915812790393829,processed_ATL10-02_20240102224204_02312201_006_01.h5,1.04,Combined_25km_jan24_gt3r.csv
-73.14172353835987,-44.68812362997328,24.0,0.24,1.092084676027298,5.27336283121258,0.2341227829456329,processed_ATL10-02_20240102224204_02312201_006_01.h5,0.94,Combined_25km_jan24_gt3r.csv
-71.95153204743498,-17.034820161933776,18.0,0.05,0.9257460236549376,6.530911723772685,0.1811115741729736,processed_ATL10-02_20240103080749_02372201_006_01.h5,0.25,Combined_25km_jan24_gt3r.csv
-71.61522530789505,-16.89015615347883,9.0,0.09,,0.0,0.1104419827461242,processed_ATL10-02_20240103080749_02372201_006_01.h5,0.39,Combined_25km_jan24_gt3r.csv
-71.55640152744252,-16.86530961334596,3.0,0.04,,0.0,0.0930126309394836,processed_ATL10-02_20240103080749_02372201_006_01.h5,0.21,Combined_25km_jan24_gt3r.csv
-71.95153204743498,-17.034820161933776,18.0,0.05,0.9257460236549376,6.530911723772685,0.1811115741729736,processed_ATL10-02_20240103080749_02372201_006_01.h5,0.25,Combined_25km_jan24_gt3r.csv
-71.61522530789505,-16.89015615347883,9.0,0.09,,0.0,0.1104419827461242,processed_ATL10-02_20240103080749_02372201_006_01.h5,0.39,Combined_25km_jan24_gt3r.csv
-71.55640152744252,-16.86530961334596,3.0,0.04,,0.0,0.0930126309394836,processed_ATL10-02_20240103080749_02372201_006_01.h5,0.21,Combined_25km_jan24_gt3r.csv
-75.77235658273534,-42.6923685327726,27.0,0.29,1.0873046517372131,8.946541427738136,0.2694231569766998,processed_ATL10-02_20240103094206_02382201_006_01.h5,1.12,Combined_25km_jan24_gt3r.csv
-75.54680285681525,-42.54616808566063,24.0,0.29,1.0354272723197937,3.5528718843124807,0.2020137161016464,processed_ATL10-02_20240103094206_02382201_006_01.h5,1.12,Combined_25km_jan24_gt3r.csv
-75.77235658273534,-42.6923685327726,27.0,0.29,1.0873046517372131,8.946541427738136,0.2694231569766998,processed_ATL10-02_20240103094206_02382201_006_01.h5,1.12,Combined_25km_jan24_gt3r.csv
-75.54680285681525,-42.54616808566063,24.0,0.29,1.0354272723197937,3.5528718843124807,0.2020137161016464,processed_ATL10-02_20240103094206_02382201_006_01.h5,1.12,Combined_25km_jan24_gt3r.csv
-67.56528213407549,-41.13067595345154,30.0,0.13,1.073706954717636,1.1436908598989248,0.1360039412975311,processed_ATL10-02_20240103221625_02462201_006_01.h5,0.54,Combined_25km_jan24_gt3r.csv
-67.56528213407549,-41.13067595345154,30.0,0.13,1.073706954717636,1.1436908598989248,0.1360039412975311,processed_ATL10-02_20240103221625_02462201_006_01.h5,0.54,Combined_25km_jan24_gt3r.csv
-67.12554542152945,-21.78242078532929,27.0,0.07,,0.0,0.0502386093139648,processed_ATL10-02_20240106082505_02832201_006_01.h5,0.32,Combined_25km_jan24_gt3r.csv
-67.12554542152945,-21.78242078532929,27.0,0.07,,0.0,0.0502386093139648,processed_ATL10-02_20240106082505_02832201_006_01.h5,0.32,Combined_25km_jan24_gt3r.csv
-66.38879102384698,-24.348718986998275,27.0,0.07,,0.0,0.0451405085623264,processed_ATL10-02_20240106205923_02912201_006_01.h5,0.32,Combined_25km_jan24_gt3r.csv
-66.16155144015994,-24.41355808948603,24.0,0.08,,0.0,0.0538605228066444,processed_ATL10-02_20240106205923_02912201_006_01.h5,0.36,Combined_25km_jan24_gt3r.csv
-66.38879102384698,-24.348718986998275,27.0,0.07,,0.0,0.0451405085623264,processed_ATL10-02_20240106205923_02912201_006_01.h5,0.32,Combined_25km_jan24_gt3r.csv
-66.16155144015994,-24.41355808948603,24.0,0.08,,0.0,0.0538605228066444,processed_ATL10-02_20240106205923_02912201_006_01.h5,0.36,Combined_25km_jan24_gt3r.csv
-77.37711685877028,-44.64457818578151,24.0,0.21,1.0014747579892476,0.6012562720570713,0.1654041111469268,processed_ATL10-02_20240107093341_02992201_006_01.h5,0.83,Combined_25km_jan24_gt3r.csv
-77.21738189677899,-44.515605707362,12.0,0.28,0.9153175354003906,0.1590072526596486,0.1256124377250671,processed_ATL10-02_20240107093341_02992201_006_01.h5,1.08,Combined_25km_jan24_gt3r.csv
-75.37130215119396,-43.21281224418825,9.0,0.26,0.9784857630729676,6.296542100608349,0.2179144769906997,processed_ATL10-02_20240107093341_02992201_006_01.h5,1.01,Combined_25km_jan24_gt3r.csv
-70.75033619693559,-40.933916725045705,6.0,0.17,0.998180329799652,2.709096297621727,0.1925954669713974,processed_ATL10-02_20240107093341_02992201_006_01.h5,0.68,Combined_25km_jan24_gt3r.csv
-68.13842670796457,-40.00629964851269,12.0,0.12,,0.0,0.0791628360748291,processed_ATL10-02_20240107093341_02992201_006_01.h5,0.5,Combined_25km_jan24_gt3r.csv
-77.37711685877028,-44.64457818578151,24.0,0.21,1.0014747579892476,0.6012562720570713,0.1654041111469268,processed_ATL10-02_20240107093341_02992201_006_01.h5,0.83,Combined_25km_jan24_gt3r.csv
-77.21738189677899,-44.515605707362,12.0,0.28,0.9153175354003906,0.1590072526596486,0.1256124377250671,processed_ATL10-02_20240107093341_02992201_006_01.h5,1.08,Combined_25km_jan24_gt3r.csv
-75.37130215119396,-43.21281224418825,9.0,0.26,0.9784857630729676,6.296542100608349,0.2179144769906997,processed_ATL10-02_20240107093341_02992201_006_01.h5,1.01,Combined_25km_jan24_gt3r.csv
-70.75033619693559,-40.933916725045705,6.0,0.17,0.998180329799652,2.709096297621727,0.1925954669713974,processed_ATL10-02_20240107093341_02992201_006_01.h5,0.68,Combined_25km_jan24_gt3r.csv
-68.13842670796457,-40.00629964851269,12.0,0.12,,0.0,0.0791628360748291,processed_ATL10-02_20240107093341_02992201_006_01.h5,0.5,Combined_25km_jan24_gt3r.csv
-73.34239247430394,-39.654703366780176,27.0,0.23,0.9969199763404,9.500260092318058,0.2790615260601043,processed_ATL10-02_20240107220759_03072201_006_01.h5,0.9,Combined_25km_jan24_gt3r.csv
-72.88780079013955,-39.87655575233616,12.0,0.08,0.8648375272750854,10.7541436329484,0.1892101019620895,processed_ATL10-02_20240107220759_03072201_006_01.h5,0.36,Combined_25km_jan24_gt3r.csv
-69.90547869715328,-41.12177008458417,12.0,0.16,1.0015138387680054,1.424404326826334,0.18805593252182,processed_ATL10-02_20240107220759_03072201_006_01.h5,0.65,Combined_25km_jan24_gt3r.csv
-69.76319980066916,-41.17375612574401,18.0,0.18,0.907542496919632,0.4679614289974173,0.1229132711887359,processed_ATL10-02_20240107220759_03072201_006_01.h5,0.72,Combined_25km_jan24_gt3r.csv
-69.4071512251484,-41.30130659812066,3.0,0.28,,0.0,0.0390893891453743,processed_ATL10-02_20240107220759_03072201_006_01.h5,1.08,Combined_25km_jan24_gt3r.csv
-69.26103199891263,-41.35257882566294,18.0,0.04,0.83977872133255,1.290322095155716,0.1256774514913559,processed_ATL10-02_20240107220759_03072201_006_01.h5,0.21,Combined_25km_jan24_gt3r.csv
-73.34239247430394,-39.654703366780176,27.0,0.23,0.9969199763404,9.500260092318058,0.2790615260601043,processed_ATL10-02_20240107220759_03072201_006_01.h5,0.9,Combined_25km_jan24_gt3r.csv
-72.88780079013955,-39.87655575233616,12.0,0.08,0.8648375272750854,10.7541436329484,0.1892101019620895,processed_ATL10-02_20240107220759_03072201_006_01.h5,0.36,Combined_25km_jan24_gt3r.csv
-69.90547869715328,-41.12177008458417,12.0,0.16,1.0015138387680054,1.424404326826334,0.18805593252182,processed_ATL10-02_20240107220759_03072201_006_01.h5,0.65,Combined_25km_jan24_gt3r.csv
-69.76319980066916,-41.17375612574401,18.0,0.18,0.907542496919632,0.4679614289974173,0.1229132711887359,processed_ATL10-02_20240107220759_03072201_006_01.h5,0.72,Combined_25km_jan24_gt3r.csv
-69.4071512251484,-41.30130659812066,3.0,0.28,,0.0,0.0390893891453743,processed_ATL10-02_20240107220759_03072201_006_01.h5,1.08,Combined_25km_jan24_gt3r.csv
-69.26103199891263,-41.35257882566294,18.0,0.04,0.83977872133255,1.290322095155716,0.1256774514913559,processed_ATL10-02_20240107220759_03072201_006_01.h5,0.21,Combined_25km_jan24_gt3r.csv
-74.61778068285118,-37.052644653841256,6.0,0.11,0.8644530773162842,5.437292158603668,0.1498029232025146,processed_ATL10-02_20240108090800_03142201_006_01.h5,0.46,Combined_25km_jan24_gt3r.csv
-71.52078025694355,-35.53726881688969,15.0,0.23,0.955154796441396,0.7979897782206535,0.1585420668125152,processed_ATL10-02_20240108090800_03142201_006_01.h5,0.9,Combined_25km_jan24_gt3r.csv
-71.40347904493582,-35.48826734979511,12.0,0.15,0.9601168831189474,6.916726345662028,0.2460564821958542,processed_ATL10-02_20240108090800_03142201_006_01.h5,0.61,Combined_25km_jan24_gt3r.csv
-71.0933711194879,-35.3611141441485,6.0,0.09,,0.0,0.0771002918481826,processed_ATL10-02_20240108090800_03142201_006_01.h5,0.39,Combined_25km_jan24_gt3r.csv
-70.89685938079921,-35.28232650889006,21.0,0.21,1.2393803894519806,0.2764846464352948,0.1329766809940338,processed_ATL10-02_20240108090800_03142201_006_01.h5,0.83,Combined_25km_jan24_gt3r.csv
-70.68439245151069,-35.19853197913781,24.0,0.18,0.8868745863437653,0.240620263502933,0.1293725073337555,processed_ATL10-02_20240108090800_03142201_006_01.h5,0.72,Combined_25km_jan24_gt3r.csv
-70.48050929127349,-35.11952878929588,21.0,0.19,0.8629004160563151,0.5985208853547063,0.1279994696378708,processed_ATL10-02_20240108090800_03142201_006_01.h5,0.75,Combined_25km_jan24_gt3r.csv
-70.17554399436902,-35.003725959238864,9.0,0.15,,0.0,0.0518924854695797,processed_ATL10-02_20240108090800_03142201_006_01.h5,0.61,Combined_25km_jan24_gt3r.csv
-70.00331707319816,-34.9396410367859,27.0,0.19,0.8832074105739594,0.8229884732928541,0.1187045872211456,processed_ATL10-02_20240108090800_03142201_006_01.h5,0.75,Combined_25km_jan24_gt3r.csv
-69.7700529509605,-34.85414001364444,15.0,0.25,,0.0,0.133517175912857,processed_ATL10-02_20240108090800_03142201_006_01.h5,0.97,Combined_25km_jan24_gt3r.csv
-69.07871040052672,-34.60966358676404,12.0,0.06,,0.0,0.051638375967741,processed_ATL10-02_20240108090800_03142201_006_01.h5,0.28,Combined_25km_jan24_gt3r.csv
-74.61778068285118,-37.052644653841256,6.0,0.11,0.8644530773162842,5.437292158603668,0.1498029232025146,processed_ATL10-02_20240108090800_03142201_006_01.h5,0.46,Combined_25km_jan24_gt3r.csv
-71.52078025694355,-35.53726881688969,15.0,0.23,0.955154796441396,0.7979897782206535,0.1585420668125152,processed_ATL10-02_20240108090800_03142201_006_01.h5,0.9,Combined_25km_jan24_gt3r.csv
-71.40347904493582,-35.48826734979511,12.0,0.15,0.9601168831189474,6.916726345662028,0.2460564821958542,processed_ATL10-02_20240108090800_03142201_006_01.h5,0.61,Combined_25km_jan24_gt3r.csv
-71.0933711194879,-35.3611141441485,6.0,0.09,,0.0,0.0771002918481826,processed_ATL10-02_20240108090800_03142201_006_01.h5,0.39,Combined_25km_jan24_gt3r.csv
-70.89685938079921,-35.28232650889006,21.0,0.21,1.2393803894519806,0.2764846464352948,0.1329766809940338,processed_ATL10-02_20240108090800_03142201_006_01.h5,0.83,Combined_25km_jan24_gt3r.csv
-70.68439245151069,-35.19853197913781,24.0,0.18,0.8868745863437653,0.240620263502933,0.1293725073337555,processed_ATL10-02_20240108090800_03142201_006_01.h5,0.72,Combined_25km_jan24_gt3r.csv
-70.48050929127349,-35.11952878929588,21.0,0.19,0.8629004160563151,0.5985208853547063,0.1279994696378708,processed_ATL10-02_20240108090800_03142201_006_01.h5,0.75,Combined_25km_jan24_gt3r.csv
-70.17554399436902,-35.003725959238864,9.0,0.15,,0.0,0.0518924854695797,processed_ATL10-02_20240108090800_03142201_006_01.h5,0.61,Combined_25km_jan24_gt3r.csv
-70.00331707319816,-34.9396410367859,27.0,0.19,0.8832074105739594,0.8229884732928541,0.1187045872211456,processed_ATL10-02_20240108090800_03142201_006_01.h5,0.75,Combined_25km_jan24_gt3r.csv
-69.7700529509605,-34.85414001364444,15.0,0.25,,0.0,0.133517175912857,processed_ATL10-02_20240108090800_03142201_006_01.h5,0.97,Combined_25km_jan24_gt3r.csv
-69.07871040052672,-34.60966358676404,12.0,0.06,,0.0,0.051638375967741,processed_ATL10-02_20240108090800_03142201_006_01.h5,0.28,Combined_25km_jan24_gt3r.csv
-68.45371202147858,-12.294085379933986,21.0,0.07,,0.0,0.0316420458257198,processed_ATL10-02_20240108200801_03212201_006_01.h5,0.32,Combined_25km_jan24_gt3r.csv
-68.22309856869477,-12.369416305347183,24.0,0.07,,0.0,0.0346895195543766,processed_ATL10-02_20240108200801_03212201_006_01.h5,0.32,Combined_25km_jan24_gt3r.csv
-68.45371202147858,-12.294085379933986,21.0,0.07,,0.0,0.0316420458257198,processed_ATL10-02_20240108200801_03212201_006_01.h5,0.32,Combined_25km_jan24_gt3r.csv
-68.22309856869477,-12.369416305347183,24.0,0.07,,0.0,0.0346895195543766,processed_ATL10-02_20240108200801_03212201_006_01.h5,0.32,Combined_25km_jan24_gt3r.csv
-74.44784572524154,-31.245686263729745,27.0,0.16,0.8723299860954284,3.4366944960008063,0.1652046144008636,processed_ATL10-02_20240109084218_03292201_006_01.h5,0.65,Combined_25km_jan24_gt3r.csv
-74.24586557489586,-31.13341795957599,15.0,0.12,,0.0,0.1242816001176834,processed_ATL10-02_20240109084218_03292201_006_01.h5,0.5,Combined_25km_jan24_gt3r.csv
-73.98048997644626,-30.989785470052624,18.0,0.08,0.8168934384981791,9.553177220125994,0.1794887334108352,processed_ATL10-02_20240109084218_03292201_006_01.h5,0.36,Combined_25km_jan24_gt3r.csv
-73.75278564960834,-30.869699176424312,15.0,0.32,1.2678991854190826,7.237971052527428,0.1681459844112396,processed_ATL10-02_20240109084218_03292201_006_01.h5,1.23,Combined_25km_jan24_gt3r.csv
-74.44784572524154,-31.245686263729745,27.0,0.16,0.8723299860954284,3.4366944960008063,0.1652046144008636,processed_ATL10-02_20240109084218_03292201_006_01.h5,0.65,Combined_25km_jan24_gt3r.csv
-74.24586557489586,-31.13341795957599,15.0,0.12,,0.0,0.1242816001176834,processed_ATL10-02_20240109084218_03292201_006_01.h5,0.5,Combined_25km_jan24_gt3r.csv
-73.98048997644626,-30.989785470052624,18.0,0.08,0.8168934384981791,9.553177220125994,0.1794887334108352,processed_ATL10-02_20240109084218_03292201_006_01.h5,0.36,Combined_25km_jan24_gt3r.csv
-73.75278564960834,-30.869699176424312,15.0,0.32,1.2678991854190826,7.237971052527428,0.1681459844112396,processed_ATL10-02_20240109084218_03292201_006_01.h5,1.23,Combined_25km_jan24_gt3r.csv
-69.63732094256659,-6.177726940343423,24.0,0.07,0.744227260351181,0.4410612978972494,0.0874746516346931,processed_ATL10-02_20240109194220_03362201_006_01.h5,0.32,Combined_25km_jan24_gt3r.csv
-69.63732094256659,-6.177726940343423,24.0,0.07,0.744227260351181,0.4410612978972494,0.0874746516346931,processed_ATL10-02_20240109194220_03362201_006_01.h5,0.32,Combined_25km_jan24_gt3r.csv
-73.91187062866138,-27.939022331062315,18.0,0.06,0.8802386671304703,19.6051595111688,0.2616275548934936,processed_ATL10-02_20240109211637_03372201_006_01.h5,0.28,Combined_25km_jan24_gt3r.csv
-73.6432512059201,-28.079559363962137,21.0,0.17,0.8445590019226075,15.580098610371351,0.2426652759313583,processed_ATL10-02_20240109211637_03372201_006_01.h5,0.68,Combined_25km_jan24_gt3r.csv
-73.43894867619292,-28.183701666337893,18.0,0.26,1.038013756275177,11.104663585623106,0.2116848230361938,processed_ATL10-02_20240109211637_03372201_006_01.h5,1.01,Combined_25km_jan24_gt3r.csv
-73.31012903584842,-28.24845617945906,3.0,0.04,,0.0,0.0349538624286651,processed_ATL10-02_20240109211637_03372201_006_01.h5,0.21,Combined_25km_jan24_gt3r.csv
-71.60960243685683,-29.02825646475204,24.0,0.08,0.6666950583457947,0.8191230706870556,0.0977133065462112,processed_ATL10-02_20240109211637_03372201_006_01.h5,0.36,Combined_25km_jan24_gt3r.csv
-73.91187062866138,-27.939022331062315,18.0,0.06,0.8802386671304703,19.6051595111688,0.2616275548934936,processed_ATL10-02_20240109211637_03372201_006_01.h5,0.28,Combined_25km_jan24_gt3r.csv
-73.6432512059201,-28.079559363962137,21.0,0.17,0.8445590019226075,15.580098610371351,0.2426652759313583,processed_ATL10-02_20240109211637_03372201_006_01.h5,0.68,Combined_25km_jan24_gt3r.csv
-73.43894867619292,-28.183701666337893,18.0,0.26,1.038013756275177,11.104663585623106,0.2116848230361938,processed_ATL10-02_20240109211637_03372201_006_01.h5,1.01,Combined_25km_jan24_gt3r.csv
-73.31012903584842,-28.24845617945906,3.0,0.04,,0.0,0.0349538624286651,processed_ATL10-02_20240109211637_03372201_006_01.h5,0.21,Combined_25km_jan24_gt3r.csv
-71.60960243685683,-29.02825646475204,24.0,0.08,0.6666950583457947,0.8191230706870556,0.0977133065462112,processed_ATL10-02_20240109211637_03372201_006_01.h5,0.36,Combined_25km_jan24_gt3r.csv
-74.71903500439595,-25.68989682929758,6.0,0.04,0.9084853529930116,19.69718374311924,0.3098459541797638,processed_ATL10-02_20240110081640_03442201_006_01.h5,0.21,Combined_25km_jan24_gt3r.csv
-73.71985974573106,-25.142109121817928,21.0,0.04,1.069882020354271,10.383983967559676,0.1716884076595306,processed_ATL10-02_20240110081640_03442201_006_01.h5,0.21,Combined_25km_jan24_gt3r.csv
-73.56140741034571,-25.060458825315745,9.0,0.05,0.8748720288276672,12.013489877184233,0.1607518196105957,processed_ATL10-02_20240110081640_03442201_006_01.h5,0.25,Combined_25km_jan24_gt3r.csv
-73.01376459661655,-24.788612879737457,18.0,0.2,0.9720293164253236,4.794687901933988,0.2032105773687362,processed_ATL10-02_20240110081640_03442201_006_01.h5,0.79,Combined_25km_jan24_gt3r.csv
-72.81709085056589,-24.6946408514958,27.0,0.07,0.800432907210456,14.206596091389656,0.2534235715866089,processed_ATL10-02_20240110081640_03442201_006_01.h5,0.32,Combined_25km_jan24_gt3r.csv
-72.59080465902898,-24.588600575995283,24.0,0.13,0.8411760702729225,8.237967651803046,0.2217442989349365,processed_ATL10-02_20240110081640_03442201_006_01.h5,0.54,Combined_25km_jan24_gt3r.csv
-72.36441591103946,-24.484812246082047,27.0,0.15,0.8700541598456246,3.830014748705758,0.1933038532733917,processed_ATL10-02_20240110081640_03442201_006_01.h5,0.61,Combined_25km_jan24_gt3r.csv
-72.13797842410335,-24.383119100529992,24.0,0.1,0.8002991591181073,7.698550773784518,0.2171226888895034,processed_ATL10-02_20240110081640_03442201_006_01.h5,0.43,Combined_25km_jan24_gt3r.csv
-74.71903500439595,-25.68989682929758,6.0,0.04,0.9084853529930116,19.69718374311924,0.3098459541797638,processed_ATL10-02_20240110081640_03442201_006_01.h5,0.21,Combined_25km_jan24_gt3r.csv
-73.71985974573106,-25.142109121817928,21.0,0.04,1.069882020354271,10.383983967559676,0.1716884076595306,processed_ATL10-02_20240110081640_03442201_006_01.h5,0.21,Combined_25km_jan24_gt3r.csv
-73.56140741034571,-25.060458825315745,9.0,0.05,0.8748720288276672,12.013489877184233,0.1607518196105957,processed_ATL10-02_20240110081640_03442201_006_01.h5,0.25,Combined_25km_jan24_gt3r.csv
-73.01376459661655,-24.788612879737457,18.0,0.2,0.9720293164253236,4.794687901933988,0.2032105773687362,processed_ATL10-02_20240110081640_03442201_006_01.h5,0.79,Combined_25km_jan24_gt3r.csv
-72.81709085056589,-24.6946408514958,27.0,0.07,0.800432907210456,14.206596091389656,0.2534235715866089,processed_ATL10-02_20240110081640_03442201_006_01.h5,0.32,Combined_25km_jan24_gt3r.csv
-72.59080465902898,-24.588600575995283,24.0,0.13,0.8411760702729225,8.237967651803046,0.2217442989349365,processed_ATL10-02_20240110081640_03442201_006_01.h5,0.54,Combined_25km_jan24_gt3r.csv
-72.36441591103946,-24.484812246082047,27.0,0.15,0.8700541598456246,3.830014748705758,0.1933038532733917,processed_ATL10-02_20240110081640_03442201_006_01.h5,0.61,Combined_25km_jan24_gt3r.csv
-72.13797842410335,-24.383119100529992,24.0,0.1,0.8002991591181073,7.698550773784518,0.2171226888895034,processed_ATL10-02_20240110081640_03442201_006_01.h5,0.43,Combined_25km_jan24_gt3r.csv
-70.25776343021995,-23.85802925622788,15.0,0.12,0.8122602701187134,0.9198858588933944,0.0837247967720031,processed_ATL10-02_20240110205100_03522201_006_01.h5,0.5,Combined_25km_jan24_gt3r.csv
-70.25776343021995,-23.85802925622788,15.0,0.12,0.8122602701187134,0.9198858588933944,0.0837247967720031,processed_ATL10-02_20240110205100_03522201_006_01.h5,0.5,Combined_25km_jan24_gt3r.csv
-77.48330902256859,-43.49714742031827,27.0,0.28,1.1631549861696031,17.753010036216843,0.3456831872463226,processed_ATL10-02_20240110222517_03532201_006_01.h5,1.08,Combined_25km_jan24_gt3r.csv
-77.245160556373,-43.69108540977057,27.0,0.27,1.1023899846606784,11.422574049275784,0.3051053285598755,processed_ATL10-02_20240110222517_03532201_006_01.h5,1.04,Combined_25km_jan24_gt3r.csv
-77.03494765917698,-43.85690044954179,21.0,0.2,1.0786862671375277,11.268457983221326,0.2749964296817779,processed_ATL10-02_20240110222517_03532201_006_01.h5,0.79,Combined_25km_jan24_gt3r.csv
-76.80910688246459,-44.02943493960379,24.0,0.36,1.1540051102638245,7.359701616223901,0.2607592642307281,processed_ATL10-02_20240110222517_03532201_006_01.h5,1.37,Combined_25km_jan24_gt3r.csv
-76.29178763464627,-44.405210815514565,6.0,0.41,1.5877132415771484,4.182185605168343,0.2945775091648102,processed_ATL10-02_20240110222517_03532201_006_01.h5,1.55,Combined_25km_jan24_gt3r.csv
-76.17274529584927,-44.48818589778591,12.0,0.27,1.1255953311920166,14.23866329714656,0.3435115814208984,processed_ATL10-02_20240110222517_03532201_006_01.h5,1.04,Combined_25km_jan24_gt3r.csv
-75.84067765368584,-44.71283312338626,15.0,0.09,0.9378896713256836,22.997659146785736,0.3296771645545959,processed_ATL10-02_20240110222517_03532201_006_01.h5,0.39,Combined_25km_jan24_gt3r.csv
-77.48330902256859,-43.49714742031827,27.0,0.28,1.1631549861696031,17.753010036216843,0.3456831872463226,processed_ATL10-02_20240110222517_03532201_006_01.h5,1.08,Combined_25km_jan24_gt3r.csv
-77.245160556373,-43.69108540977057,27.0,0.27,1.1023899846606784,11.422574049275784,0.3051053285598755,processed_ATL10-02_20240110222517_03532201_006_01.h5,1.04,Combined_25km_jan24_gt3r.csv
-77.03494765917698,-43.85690044954179,21.0,0.2,1.0786862671375277,11.268457983221326,0.2749964296817779,processed_ATL10-02_20240110222517_03532201_006_01.h5,0.79,Combined_25km_jan24_gt3r.csv
-76.80910688246459,-44.02943493960379,24.0,0.36,1.1540051102638245,7.359701616223901,0.2607592642307281,processed_ATL10-02_20240110222517_03532201_006_01.h5,1.37,Combined_25km_jan24_gt3r.csv
-76.29178763464627,-44.405210815514565,6.0,0.41,1.5877132415771484,4.182185605168343,0.2945775091648102,processed_ATL10-02_20240110222517_03532201_006_01.h5,1.55,Combined_25km_jan24_gt3r.csv
-76.17274529584927,-44.48818589778591,12.0,0.27,1.1255953311920166,14.23866329714656,0.3435115814208984,processed_ATL10-02_20240110222517_03532201_006_01.h5,1.04,Combined_25km_jan24_gt3r.csv
-75.84067765368584,-44.71283312338626,15.0,0.09,0.9378896713256836,22.997659146785736,0.3296771645545959,processed_ATL10-02_20240110222517_03532201_006_01.h5,0.39,Combined_25km_jan24_gt3r.csv
-75.17396377009179,-43.86909395193353,12.0,0.14,0.8809178173542023,0.8303372887894511,0.1316046118736267,processed_ATL10-02_20240111092520_03602201_006_01.h5,0.57,Combined_25km_jan24_gt3r.csv
-73.42778560211245,-42.90128702961721,9.0,0.32,0.8365110158920288,0.4291726897160212,0.1563038080930709,processed_ATL10-02_20240111092520_03602201_006_01.h5,1.23,Combined_25km_jan24_gt3r.csv
-73.28980177719463,-42.8323786289729,24.0,0.25,0.8150127232074738,0.2812557155266404,0.149383008480072,processed_ATL10-02_20240111092520_03602201_006_01.h5,0.97,Combined_25km_jan24_gt3r.csv
-73.10388675170461,-42.74089385586968,18.0,0.21,0.8584690988063812,2.388092192510764,0.1519501805305481,processed_ATL10-02_20240111092520_03602201_006_01.h5,0.83,Combined_25km_jan24_gt3r.csv
-69.66501980119466,-41.3039909333043,24.0,0.15,0.8639909823735555,2.0766664063557982,0.1624252051115036,processed_ATL10-02_20240111092520_03602201_006_01.h5,0.61,Combined_25km_jan24_gt3r.csv
-75.17396377009179,-43.86909395193353,12.0,0.14,0.8809178173542023,0.8303372887894511,0.1316046118736267,processed_ATL10-02_20240111092520_03602201_006_01.h5,0.57,Combined_25km_jan24_gt3r.csv
-73.42778560211245,-42.90128702961721,9.0,0.32,0.8365110158920288,0.4291726897160212,0.1563038080930709,processed_ATL10-02_20240111092520_03602201_006_01.h5,1.23,Combined_25km_jan24_gt3r.csv
-73.28980177719463,-42.8323786289729,24.0,0.25,0.8150127232074738,0.2812557155266404,0.149383008480072,processed_ATL10-02_20240111092520_03602201_006_01.h5,0.97,Combined_25km_jan24_gt3r.csv
-73.10388675170461,-42.74089385586968,18.0,0.21,0.8584690988063812,2.388092192510764,0.1519501805305481,processed_ATL10-02_20240111092520_03602201_006_01.h5,0.83,Combined_25km_jan24_gt3r.csv
-69.66501980119466,-41.3039909333043,24.0,0.15,0.8639909823735555,2.0766664063557982,0.1624252051115036,processed_ATL10-02_20240111092520_03602201_006_01.h5,0.61,Combined_25km_jan24_gt3r.csv
-68.83836597326021,-18.65390486297384,27.0,0.07,,0.0,0.0571742504835128,processed_ATL10-02_20240111202522_03672201_006_01.h5,0.32,Combined_25km_jan24_gt3r.csv
-68.60711091989474,-18.731574398887865,24.0,0.1,,0.0,0.0490256510674953,processed_ATL10-02_20240111202522_03672201_006_01.h5,0.43,Combined_25km_jan24_gt3r.csv
-68.35910078803515,-18.81343171804002,6.0,0.13,,0.0,0.0468291565775871,processed_ATL10-02_20240111202522_03672201_006_01.h5,0.54,Combined_25km_jan24_gt3r.csv
-68.15842915462424,-18.878675542617763,24.0,0.11,,0.0,0.0722957625985145,processed_ATL10-02_20240111202522_03672201_006_01.h5,0.46,Combined_25km_jan24_gt3r.csv
-68.00010330091644,-18.929507227696774,12.0,0.08,,0.0,0.0428995862603187,processed_ATL10-02_20240111202522_03672201_006_01.h5,0.36,Combined_25km_jan24_gt3r.csv
-67.67855409490873,-19.030949433977767,18.0,0.07,,0.0,0.040056686848402,processed_ATL10-02_20240111202522_03672201_006_01.h5,0.32,Combined_25km_jan24_gt3r.csv
-67.48895831545546,-19.08969944399688,24.0,0.09,,0.0,0.0530741140246391,processed_ATL10-02_20240111202522_03672201_006_01.h5,0.39,Combined_25km_jan24_gt3r.csv
-67.27500952418909,-19.15510543005146,18.0,0.1,,0.0,0.0404101200401783,processed_ATL10-02_20240111202522_03672201_006_01.h5,0.43,Combined_25km_jan24_gt3r.csv
-68.83836597326021,-18.65390486297384,27.0,0.07,,0.0,0.0571742504835128,processed_ATL10-02_20240111202522_03672201_006_01.h5,0.32,Combined_25km_jan24_gt3r.csv
-68.60711091989474,-18.731574398887865,24.0,0.1,,0.0,0.0490256510674953,processed_ATL10-02_20240111202522_03672201_006_01.h5,0.43,Combined_25km_jan24_gt3r.csv
-68.35910078803515,-18.81343171804002,6.0,0.13,,0.0,0.0468291565775871,processed_ATL10-02_20240111202522_03672201_006_01.h5,0.54,Combined_25km_jan24_gt3r.csv
-68.15842915462424,-18.878675542617763,24.0,0.11,,0.0,0.0722957625985145,processed_ATL10-02_20240111202522_03672201_006_01.h5,0.46,Combined_25km_jan24_gt3r.csv
-68.00010330091644,-18.929507227696774,12.0,0.08,,0.0,0.0428995862603187,processed_ATL10-02_20240111202522_03672201_006_01.h5,0.36,Combined_25km_jan24_gt3r.csv
-67.67855409490873,-19.030949433977767,18.0,0.07,,0.0,0.040056686848402,processed_ATL10-02_20240111202522_03672201_006_01.h5,0.32,Combined_25km_jan24_gt3r.csv
-67.48895831545546,-19.08969944399688,24.0,0.09,,0.0,0.0530741140246391,processed_ATL10-02_20240111202522_03672201_006_01.h5,0.39,Combined_25km_jan24_gt3r.csv
-67.27500952418909,-19.15510543005146,18.0,0.1,,0.0,0.0404101200401783,processed_ATL10-02_20240111202522_03672201_006_01.h5,0.43,Combined_25km_jan24_gt3r.csv
-77.57012563732022,-37.7102390300705,27.0,0.15,0.9155607223510742,16.259390172652072,0.2778438031673431,processed_ATL10-02_20240111215940_03682201_006_01.h5,0.61,Combined_25km_jan24_gt3r.csv
-77.3320723304836,-37.9065084659596,27.0,0.21,0.9767210682233176,13.937471631086536,0.2743018567562103,processed_ATL10-02_20240111215940_03682201_006_01.h5,0.83,Combined_25km_jan24_gt3r.csv
-77.19978819178944,-38.01295219888708,3.0,0.45,1.2242226600646973,1.9149720668792725,0.2007095366716385,processed_ATL10-02_20240111215940_03682201_006_01.h5,1.7,Combined_25km_jan24_gt3r.csv
-75.96763517097766,-38.91412661280605,24.0,0.27,1.0274540334939957,4.302726266905665,0.2176849246025085,processed_ATL10-02_20240111215940_03682201_006_01.h5,1.04,Combined_25km_jan24_gt3r.csv
-75.75539942093145,-39.05513272494397,24.0,0.26,1.0374223440885544,5.419965414330363,0.2325287908315658,processed_ATL10-02_20240111215940_03682201_006_01.h5,1.01,Combined_25km_jan24_gt3r.csv
-75.54309962166568,-39.19253063629748,24.0,0.28,1.013422966003418,3.913140820804984,0.2249501794576645,processed_ATL10-02_20240111215940_03682201_006_01.h5,1.08,Combined_25km_jan24_gt3r.csv
-75.31746147816534,-39.33468933603267,27.0,0.24,1.0072289109230042,3.699798561218712,0.2187898457050323,processed_ATL10-02_20240111215940_03682201_006_01.h5,0.94,Combined_25km_jan24_gt3r.csv
-75.09173496545279,-39.47318409489707,24.0,0.19,0.9546447694301604,7.545392785687,0.2493011206388473,processed_ATL10-02_20240111215940_03682201_006_01.h5,0.75,Combined_25km_jan24_gt3r.csv
-74.86596937506482,-39.60798446902827,27.0,0.28,0.974969615538915,1.9541412591934204,0.1698768734931945,processed_ATL10-02_20240111215940_03682201_006_01.h5,1.08,Combined_25km_jan24_gt3r.csv
-74.67517925164913,-39.71927242671357,15.0,0.12,,0.0,0.130034253001213,processed_ATL10-02_20240111215940_03682201_006_01.h5,0.5,Combined_25km_jan24_gt3r.csv
-74.10950708461135,-40.03536875078903,6.0,0.05,,0.0,0.0782579109072685,processed_ATL10-02_20240111215940_03682201_006_01.h5,0.25,Combined_25km_jan24_gt3r.csv
-74.02959835468658,-40.07841346512296,12.0,0.24,1.0838067680597303,6.296542473137379,0.2521774172782898,processed_ATL10-02_20240111215940_03682201_006_01.h5,0.94,Combined_25km_jan24_gt3r.csv
-73.0870456659742,-40.55956669562554,21.0,0.23,0.866869588692983,5.180230736732483,0.1896971613168716,processed_ATL10-02_20240111215940_03682201_006_01.h5,0.9,Combined_25km_jan24_gt3r.csv
-77.57012563732022,-37.7102390300705,27.0,0.15,0.9155607223510742,16.259390172652072,0.2778438031673431,processed_ATL10-02_20240111215940_03682201_006_01.h5,0.61,Combined_25km_jan24_gt3r.csv
-77.3320723304836,-37.9065084659596,27.0,0.21,0.9767210682233176,13.937471631086536,0.2743018567562103,processed_ATL10-02_20240111215940_03682201_006_01.h5,0.83,Combined_25km_jan24_gt3r.csv
-77.19978819178944,-38.01295219888708,3.0,0.45,1.2242226600646973,1.9149720668792725,0.2007095366716385,processed_ATL10-02_20240111215940_03682201_006_01.h5,1.7,Combined_25km_jan24_gt3r.csv
-75.96763517097766,-38.91412661280605,24.0,0.27,1.0274540334939957,4.302726266905665,0.2176849246025085,processed_ATL10-02_20240111215940_03682201_006_01.h5,1.04,Combined_25km_jan24_gt3r.csv
-75.75539942093145,-39.05513272494397,24.0,0.26,1.0374223440885544,5.419965414330363,0.2325287908315658,processed_ATL10-02_20240111215940_03682201_006_01.h5,1.01,Combined_25km_jan24_gt3r.csv
-75.54309962166568,-39.19253063629748,24.0,0.28,1.013422966003418,3.913140820804984,0.2249501794576645,processed_ATL10-02_20240111215940_03682201_006_01.h5,1.08,Combined_25km_jan24_gt3r.csv
-75.31746147816534,-39.33468933603267,27.0,0.24,1.0072289109230042,3.699798561218712,0.2187898457050323,processed_ATL10-02_20240111215940_03682201_006_01.h5,0.94,Combined_25km_jan24_gt3r.csv
-75.09173496545279,-39.47318409489707,24.0,0.19,0.9546447694301604,7.545392785687,0.2493011206388473,processed_ATL10-02_20240111215940_03682201_006_01.h5,0.75,Combined_25km_jan24_gt3r.csv
-74.86596937506482,-39.60798446902827,27.0,0.28,0.974969615538915,1.9541412591934204,0.1698768734931945,processed_ATL10-02_20240111215940_03682201_006_01.h5,1.08,Combined_25km_jan24_gt3r.csv
-74.67517925164913,-39.71927242671357,15.0,0.12,,0.0,0.130034253001213,processed_ATL10-02_20240111215940_03682201_006_01.h5,0.5,Combined_25km_jan24_gt3r.csv
-74.10950708461135,-40.03536875078903,6.0,0.05,,0.0,0.0782579109072685,processed_ATL10-02_20240111215940_03682201_006_01.h5,0.25,Combined_25km_jan24_gt3r.csv
-74.02959835468658,-40.07841346512296,12.0,0.24,1.0838067680597303,6.296542473137379,0.2521774172782898,processed_ATL10-02_20240111215940_03682201_006_01.h5,0.94,Combined_25km_jan24_gt3r.csv
-73.0870456659742,-40.55956669562554,21.0,0.23,0.866869588692983,5.180230736732483,0.1896971613168716,processed_ATL10-02_20240111215940_03682201_006_01.h5,0.9,Combined_25km_jan24_gt3r.csv
-75.14261287532756,-38.14113348985104,24.0,0.13,0.9204632639884948,1.0584346600808203,0.1443861126899719,processed_ATL10-02_20240112085939_03752201_006_01.h5,0.54,Combined_25km_jan24_gt3r.csv
-74.959881263682,-38.03100399106631,3.0,0.37,,0.0,0.0996527224779129,processed_ATL10-02_20240112085939_03752201_006_01.h5,1.41,Combined_25km_jan24_gt3r.csv
-68.97585368382475,-35.35301889543341,15.0,0.05,,0.0,0.0483928360044956,processed_ATL10-02_20240112085939_03752201_006_01.h5,0.25,Combined_25km_jan24_gt3r.csv
-68.80557402672369,-35.295214381967014,24.0,0.09,0.8029944002628326,0.0596400903305038,0.0727893412113189,processed_ATL10-02_20240112085939_03752201_006_01.h5,0.39,Combined_25km_jan24_gt3r.csv
-75.14261287532756,-38.14113348985104,24.0,0.13,0.9204632639884948,1.0584346600808203,0.1443861126899719,processed_ATL10-02_20240112085939_03752201_006_01.h5,0.54,Combined_25km_jan24_gt3r.csv
-74.959881263682,-38.03100399106631,3.0,0.37,,0.0,0.0996527224779129,processed_ATL10-02_20240112085939_03752201_006_01.h5,1.41,Combined_25km_jan24_gt3r.csv
-68.97585368382475,-35.35301889543341,15.0,0.05,,0.0,0.0483928360044956,processed_ATL10-02_20240112085939_03752201_006_01.h5,0.25,Combined_25km_jan24_gt3r.csv
-68.80557402672369,-35.295214381967014,24.0,0.09,0.8029944002628326,0.0596400903305038,0.0727893412113189,processed_ATL10-02_20240112085939_03752201_006_01.h5,0.39,Combined_25km_jan24_gt3r.csv
-75.44653000465274,-27.830566491094007,27.0,0.2,0.9190045073628426,6.193190021440387,0.2367596328258514,processed_ATL10-02_20240113210819_03982201_006_01.h5,0.79,Combined_25km_jan24_gt3r.csv
-75.2204784450997,-27.9714124684277,24.0,0.12,0.838610555444445,11.771637108176948,0.2662864029407501,processed_ATL10-02_20240113210819_03982201_006_01.h5,0.5,Combined_25km_jan24_gt3r.csv
-74.99473753582924,-28.10827198623842,27.0,0.15,0.9264172977871366,11.398894236319595,0.2687654793262481,processed_ATL10-02_20240113210819_03982201_006_01.h5,0.61,Combined_25km_jan24_gt3r.csv
-74.76891205911241,-28.24165494607486,24.0,0.15,0.968916453421116,12.300567631609738,0.2956948280334472,processed_ATL10-02_20240113210819_03982201_006_01.h5,0.61,Combined_25km_jan24_gt3r.csv
-74.54304820632274,-28.371563922493923,27.0,0.17,0.9437300033039516,10.622817433128754,0.2700749039649963,processed_ATL10-02_20240113210819_03982201_006_01.h5,0.68,Combined_25km_jan24_gt3r.csv
-74.31710449615866,-28.49834984583813,24.0,0.15,0.8186938762664795,10.397203965112569,0.2460219413042068,processed_ATL10-02_20240113210819_03982201_006_01.h5,0.61,Combined_25km_jan24_gt3r.csv
-74.09111973413246,-28.621979733608512,27.0,0.15,0.9503118470311164,18.57872563931677,0.3237748742103576,processed_ATL10-02_20240113210819_03982201_006_01.h5,0.61,Combined_25km_jan24_gt3r.csv
-73.87557155531387,-28.73716657432333,21.0,0.26,1.0174856781959534,8.776715058567268,0.2558495998382568,processed_ATL10-02_20240113210819_03982201_006_01.h5,1.01,Combined_25km_jan24_gt3r.csv
-73.6396332319394,-28.86019613106988,27.0,0.29,0.9505070686340332,14.762284027205574,0.2963571548461914,processed_ATL10-02_20240113210819_03982201_006_01.h5,1.12,Combined_25km_jan24_gt3r.csv
-73.41282751406465,-28.97570277400433,24.0,0.22,1.0086257010698318,12.198329693637788,0.2908008098602295,processed_ATL10-02_20240113210819_03982201_006_01.h5,0.86,Combined_25km_jan24_gt3r.csv
-73.18662144339842,-29.08821722682596,27.0,0.06,0.9017919500668844,33.13213570250405,0.3499792814254761,processed_ATL10-02_20240113210819_03982201_006_01.h5,0.28,Combined_25km_jan24_gt3r.csv
-72.96033261995464,-29.198261684609992,24.0,0.26,0.994883343577385,11.645388294709846,0.272387146949768,processed_ATL10-02_20240113210819_03982201_006_01.h5,1.01,Combined_25km_jan24_gt3r.csv
-72.734044174619,-29.30577484538366,27.0,0.23,0.9339536279439926,6.568824768894249,0.2322866320610046,processed_ATL10-02_20240113210819_03982201_006_01.h5,0.9,Combined_25km_jan24_gt3r.csv
-72.50775527222658,-29.41096564727344,24.0,0.14,0.8346332652228219,9.983905265107753,0.2456207424402237,processed_ATL10-02_20240113210819_03982201_006_01.h5,0.57,Combined_25km_jan24_gt3r.csv
-72.2812919760004,-29.513971904535325,27.0,0.12,0.876223589692797,5.314234478606118,0.2115684300661087,processed_ATL10-02_20240113210819_03982201_006_01.h5,0.5,Combined_25km_jan24_gt3r.csv
-72.05488989957684,-29.614823683131327,24.0,0.23,0.8790137597492763,2.345953162875958,0.2036143690347671,processed_ATL10-02_20240113210819_03982201_006_01.h5,0.9,Combined_25km_jan24_gt3r.csv
-71.85536942382447,-29.70198781029734,21.0,0.09,0.7924103538195292,4.3752762622066905,0.1924359500408172,processed_ATL10-02_20240113210819_03982201_006_01.h5,0.39,Combined_25km_jan24_gt3r.csv
-71.63696686375691,-29.795553358646337,21.0,0.1,0.7308343350887299,0.5355699852641139,0.13621287047863,processed_ATL10-02_20240113210819_03982201_006_01.h5,0.43,Combined_25km_jan24_gt3r.csv
-71.40947393925285,-29.89115945164648,15.0,0.19,,0.0,0.0845807045698165,processed_ATL10-02_20240113210819_03982201_006_01.h5,0.75,Combined_25km_jan24_gt3r.csv
-70.89974788275444,-30.098546864595694,15.0,0.08,,0.0,0.0841655284166336,processed_ATL10-02_20240113210819_03982201_006_01.h5,0.36,Combined_25km_jan24_gt3r.csv
-70.70935572976286,-30.173673219963835,27.0,0.11,0.7799758076667785,0.6938316497123904,0.121430791914463,processed_ATL10-02_20240113210819_03982201_006_01.h5,0.46,Combined_25km_jan24_gt3r.csv
-75.44653000465274,-27.830566491094007,27.0,0.2,0.9190045073628426,6.193190021440387,0.2367596328258514,processed_ATL10-02_20240113210819_03982201_006_01.h5,0.79,Combined_25km_jan24_gt3r.csv
-75.2204784450997,-27.9714124684277,24.0,0.12,0.838610555444445,11.771637108176948,0.2662864029407501,processed_ATL10-02_20240113210819_03982201_006_01.h5,0.5,Combined_25km_jan24_gt3r.csv
-74.99473753582924,-28.10827198623842,27.0,0.15,0.9264172977871366,11.398894236319595,0.2687654793262481,processed_ATL10-02_20240113210819_03982201_006_01.h5,0.61,Combined_25km_jan24_gt3r.csv
-74.76891205911241,-28.24165494607486,24.0,0.15,0.968916453421116,12.300567631609738,0.2956948280334472,processed_ATL10-02_20240113210819_03982201_006_01.h5,0.61,Combined_25km_jan24_gt3r.csv
-74.54304820632274,-28.371563922493923,27.0,0.17,0.9437300033039516,10.622817433128754,0.2700749039649963,processed_ATL10-02_20240113210819_03982201_006_01.h5,0.68,Combined_25km_jan24_gt3r.csv
-74.31710449615866,-28.49834984583813,24.0,0.15,0.8186938762664795,10.397203965112569,0.2460219413042068,processed_ATL10-02_20240113210819_03982201_006_01.h5,0.61,Combined_25km_jan24_gt3r.csv
-74.09111973413246,-28.621979733608512,27.0,0.15,0.9503118470311164,18.57872563931677,0.3237748742103576,processed_ATL10-02_20240113210819_03982201_006_01.h5,0.61,Combined_25km_jan24_gt3r.csv
-73.87557155531387,-28.73716657432333,21.0,0.26,1.0174856781959534,8.776715058567268,0.2558495998382568,processed_ATL10-02_20240113210819_03982201_006_01.h5,1.01,Combined_25km_jan24_gt3r.csv
-73.6396332319394,-28.86019613106988,27.0,0.29,0.9505070686340332,14.762284027205574,0.2963571548461914,processed_ATL10-02_20240113210819_03982201_006_01.h5,1.12,Combined_25km_jan24_gt3r.csv
-73.41282751406465,-28.97570277400433,24.0,0.22,1.0086257010698318,12.198329693637788,0.2908008098602295,processed_ATL10-02_20240113210819_03982201_006_01.h5,0.86,Combined_25km_jan24_gt3r.csv
-73.18662144339842,-29.08821722682596,27.0,0.06,0.9017919500668844,33.13213570250405,0.3499792814254761,processed_ATL10-02_20240113210819_03982201_006_01.h5,0.28,Combined_25km_jan24_gt3r.csv
-72.96033261995464,-29.198261684609992,24.0,0.26,0.994883343577385,11.645388294709846,0.272387146949768,processed_ATL10-02_20240113210819_03982201_006_01.h5,1.01,Combined_25km_jan24_gt3r.csv
-72.734044174619,-29.30577484538366,27.0,0.23,0.9339536279439926,6.568824768894249,0.2322866320610046,processed_ATL10-02_20240113210819_03982201_006_01.h5,0.9,Combined_25km_jan24_gt3r.csv
-72.50775527222658,-29.41096564727344,24.0,0.14,0.8346332652228219,9.983905265107753,0.2456207424402237,processed_ATL10-02_20240113210819_03982201_006_01.h5,0.57,Combined_25km_jan24_gt3r.csv
-72.2812919760004,-29.513971904535325,27.0,0.12,0.876223589692797,5.314234478606118,0.2115684300661087,processed_ATL10-02_20240113210819_03982201_006_01.h5,0.5,Combined_25km_jan24_gt3r.csv
-72.05488989957684,-29.614823683131327,24.0,0.23,0.8790137597492763,2.345953162875958,0.2036143690347671,processed_ATL10-02_20240113210819_03982201_006_01.h5,0.9,Combined_25km_jan24_gt3r.csv
-71.85536942382447,-29.70198781029734,21.0,0.09,0.7924103538195292,4.3752762622066905,0.1924359500408172,processed_ATL10-02_20240113210819_03982201_006_01.h5,0.39,Combined_25km_jan24_gt3r.csv
-71.63696686375691,-29.795553358646337,21.0,0.1,0.7308343350887299,0.5355699852641139,0.13621287047863,processed_ATL10-02_20240113210819_03982201_006_01.h5,0.43,Combined_25km_jan24_gt3r.csv
-71.40947393925285,-29.89115945164648,15.0,0.19,,0.0,0.0845807045698165,processed_ATL10-02_20240113210819_03982201_006_01.h5,0.75,Combined_25km_jan24_gt3r.csv
-70.89974788275444,-30.098546864595694,15.0,0.08,,0.0,0.0841655284166336,processed_ATL10-02_20240113210819_03982201_006_01.h5,0.36,Combined_25km_jan24_gt3r.csv
-70.70935572976286,-30.173673219963835,27.0,0.11,0.7799758076667785,0.6938316497123904,0.121430791914463,processed_ATL10-02_20240113210819_03982201_006_01.h5,0.46,Combined_25km_jan24_gt3r.csv
-74.6772109652412,-26.444208063190143,27.0,0.23,1.1012384966015816,11.50102260419064,0.3289066553115845,processed_ATL10-02_20240114080820_04052201_006_01.h5,0.9,Combined_25km_jan24_gt3r.csv
-74.45138591569224,-26.31562949759021,24.0,0.09,0.911117859184742,11.340899812057614,0.3184196650981903,processed_ATL10-02_20240114080820_04052201_006_01.h5,0.39,Combined_25km_jan24_gt3r.csv
-74.22540213830436,-26.190251130753715,27.0,0.23,1.093838892877102,17.403161711990833,0.3415573835372925,processed_ATL10-02_20240114080820_04052201_006_01.h5,0.9,Combined_25km_jan24_gt3r.csv
-73.9912587295162,-26.06349982941981,21.0,0.42,1.181863099336624,3.2953839749097824,0.2538588643074035,processed_ATL10-02_20240114080820_04052201_006_01.h5,1.59,Combined_25km_jan24_gt3r.csv
-73.77330929673393,-25.94836595889017,27.0,0.08,0.9012141908918108,10.878698734773527,0.235780268907547,processed_ATL10-02_20240114080820_04052201_006_01.h5,0.36,Combined_25km_jan24_gt3r.csv
-73.54721799774659,-25.83163965945578,24.0,0.14,0.9307211861014366,12.9566323623294,0.289921224117279,processed_ATL10-02_20240114080820_04052201_006_01.h5,0.57,Combined_25km_jan24_gt3r.csv
-73.32101898855294,-25.71762675919744,27.0,0.07,0.8998502824041579,12.996987478497129,0.3074117600917816,processed_ATL10-02_20240114080820_04052201_006_01.h5,0.32,Combined_25km_jan24_gt3r.csv
-73.09481013606171,-25.606171999157453,24.0,0.07,0.9323738738894464,5.890413792803884,0.2585994601249695,processed_ATL10-02_20240114080820_04052201_006_01.h5,0.32,Combined_25km_jan24_gt3r.csv
-72.86853746779546,-25.497253535915668,27.0,0.11,0.942484782801734,7.897333099713756,0.2320127785205841,processed_ATL10-02_20240114080820_04052201_006_01.h5,0.46,Combined_25km_jan24_gt3r.csv
-72.64222384627382,-25.390679822796944,24.0,0.14,0.8913051411509514,5.219784250948578,0.2174614667892456,processed_ATL10-02_20240114080820_04052201_006_01.h5,0.57,Combined_25km_jan24_gt3r.csv
-72.41586554058387,-25.286436008911178,27.0,0.23,0.9199598516736712,3.246975373218043,0.1890649199485778,processed_ATL10-02_20240114080820_04052201_006_01.h5,0.9,Combined_25km_jan24_gt3r.csv
-72.1894528919714,-25.184305408270863,24.0,0.18,0.8940104586737496,8.529154572170228,0.2390715479850769,processed_ATL10-02_20240114080820_04052201_006_01.h5,0.72,Combined_25km_jan24_gt3r.csv
-71.9629950113067,-25.08432338991921,27.0,0.1,0.8198874592781067,5.202004003028075,0.2214478552341461,processed_ATL10-02_20240114080820_04052201_006_01.h5,0.43,Combined_25km_jan24_gt3r.csv
-71.73651166234896,-24.986368642124027,24.0,0.09,0.7354553788900375,1.784556788334157,0.1543456614017486,processed_ATL10-02_20240114080820_04052201_006_01.h5,0.39,Combined_25km_jan24_gt3r.csv
-71.52330513091192,-24.89598007804152,24.0,0.1,0.724650502204895,0.2060529513983056,0.1186175495386123,processed_ATL10-02_20240114080820_04052201_006_01.h5,0.43,Combined_25km_jan24_gt3r.csv
-71.29671343843714,-24.801781298504725,27.0,0.08,0.7734313607215881,0.2498311456292867,0.1099747940897941,processed_ATL10-02_20240114080820_04052201_006_01.h5,0.36,Combined_25km_jan24_gt3r.csv
-71.07012427321678,-24.70938371114861,24.0,0.08,0.748664140701294,0.2193059073761105,0.0937479138374328,processed_ATL10-02_20240114080820_04052201_006_01.h5,0.36,Combined_25km_jan24_gt3r.csv
-70.84348557999245,-24.618787845642103,27.0,0.11,0.8556516170501709,0.3770819554726283,0.1204695031046867,processed_ATL10-02_20240114080820_04052201_006_01.h5,0.46,Combined_25km_jan24_gt3r.csv
-70.61676515473556,-24.529840575969413,24.0,0.09,,0.0,0.0832889154553413,processed_ATL10-02_20240114080820_04052201_006_01.h5,0.39,Combined_25km_jan24_gt3r.csv
-70.38998903377264,-24.442537904134028,27.0,0.07,0.7539616227149963,0.0716001778427097,0.0766986235976219,processed_ATL10-02_20240114080820_04052201_006_01.h5,0.32,Combined_25km_jan24_gt3r.csv
-70.16245795493728,-24.35652237376084,24.0,0.1,,0.0,0.0766421183943748,processed_ATL10-02_20240114080820_04052201_006_01.h5,0.43,Combined_25km_jan24_gt3r.csv
-74.6772109652412,-26.444208063190143,27.0,0.23,1.1012384966015816,11.50102260419064,0.3289066553115845,processed_ATL10-02_20240114080820_04052201_006_01.h5,0.9,Combined_25km_jan24_gt3r.csv
-74.45138591569224,-26.31562949759021,24.0,0.09,0.911117859184742,11.340899812057614,0.3184196650981903,processed_ATL10-02_20240114080820_04052201_006_01.h5,0.39,Combined_25km_jan24_gt3r.csv
-74.22540213830436,-26.190251130753715,27.0,0.23,1.093838892877102,17.403161711990833,0.3415573835372925,processed_ATL10-02_20240114080820_04052201_006_01.h5,0.9,Combined_25km_jan24_gt3r.csv
-73.9912587295162,-26.06349982941981,21.0,0.42,1.181863099336624,3.2953839749097824,0.2538588643074035,processed_ATL10-02_20240114080820_04052201_006_01.h5,1.59,Combined_25km_jan24_gt3r.csv
-73.77330929673393,-25.94836595889017,27.0,0.08,0.9012141908918108,10.878698734773527,0.235780268907547,processed_ATL10-02_20240114080820_04052201_006_01.h5,0.36,Combined_25km_jan24_gt3r.csv
-73.54721799774659,-25.83163965945578,24.0,0.14,0.9307211861014366,12.9566323623294,0.289921224117279,processed_ATL10-02_20240114080820_04052201_006_01.h5,0.57,Combined_25km_jan24_gt3r.csv
-73.32101898855294,-25.71762675919744,27.0,0.07,0.8998502824041579,12.996987478497129,0.3074117600917816,processed_ATL10-02_20240114080820_04052201_006_01.h5,0.32,Combined_25km_jan24_gt3r.csv
-73.09481013606171,-25.606171999157453,24.0,0.07,0.9323738738894464,5.890413792803884,0.2585994601249695,processed_ATL10-02_20240114080820_04052201_006_01.h5,0.32,Combined_25km_jan24_gt3r.csv
-72.86853746779546,-25.497253535915668,27.0,0.11,0.942484782801734,7.897333099713756,0.2320127785205841,processed_ATL10-02_20240114080820_04052201_006_01.h5,0.46,Combined_25km_jan24_gt3r.csv
-72.64222384627382,-25.390679822796944,24.0,0.14,0.8913051411509514,5.219784250948578,0.2174614667892456,processed_ATL10-02_20240114080820_04052201_006_01.h5,0.57,Combined_25km_jan24_gt3r.csv
-72.41586554058387,-25.286436008911178,27.0,0.23,0.9199598516736712,3.246975373218043,0.1890649199485778,processed_ATL10-02_20240114080820_04052201_006_01.h5,0.9,Combined_25km_jan24_gt3r.csv
-72.1894528919714,-25.184305408270863,24.0,0.18,0.8940104586737496,8.529154572170228,0.2390715479850769,processed_ATL10-02_20240114080820_04052201_006_01.h5,0.72,Combined_25km_jan24_gt3r.csv
-71.9629950113067,-25.08432338991921,27.0,0.1,0.8198874592781067,5.202004003028075,0.2214478552341461,processed_ATL10-02_20240114080820_04052201_006_01.h5,0.43,Combined_25km_jan24_gt3r.csv
-71.73651166234896,-24.986368642124027,24.0,0.09,0.7354553788900375,1.784556788334157,0.1543456614017486,processed_ATL10-02_20240114080820_04052201_006_01.h5,0.39,Combined_25km_jan24_gt3r.csv
-71.52330513091192,-24.89598007804152,24.0,0.1,0.724650502204895,0.2060529513983056,0.1186175495386123,processed_ATL10-02_20240114080820_04052201_006_01.h5,0.43,Combined_25km_jan24_gt3r.csv
-71.29671343843714,-24.801781298504725,27.0,0.08,0.7734313607215881,0.2498311456292867,0.1099747940897941,processed_ATL10-02_20240114080820_04052201_006_01.h5,0.36,Combined_25km_jan24_gt3r.csv
-71.07012427321678,-24.70938371114861,24.0,0.08,0.748664140701294,0.2193059073761105,0.0937479138374328,processed_ATL10-02_20240114080820_04052201_006_01.h5,0.36,Combined_25km_jan24_gt3r.csv
-70.84348557999245,-24.618787845642103,27.0,0.11,0.8556516170501709,0.3770819554726283,0.1204695031046867,processed_ATL10-02_20240114080820_04052201_006_01.h5,0.46,Combined_25km_jan24_gt3r.csv
-70.61676515473556,-24.529840575969413,24.0,0.09,,0.0,0.0832889154553413,processed_ATL10-02_20240114080820_04052201_006_01.h5,0.39,Combined_25km_jan24_gt3r.csv
-70.38998903377264,-24.442537904134028,27.0,0.07,0.7539616227149963,0.0716001778427097,0.0766986235976219,processed_ATL10-02_20240114080820_04052201_006_01.h5,0.32,Combined_25km_jan24_gt3r.csv
-70.16245795493728,-24.35652237376084,24.0,0.1,,0.0,0.0766421183943748,processed_ATL10-02_20240114080820_04052201_006_01.h5,0.43,Combined_25km_jan24_gt3r.csv
-71.55230755028543,-24.12053181277931,27.0,0.11,0.7316458821296692,0.0719526265230443,0.1077419742941856,processed_ATL10-02_20240114204239_04132201_006_01.h5,0.46,Combined_25km_jan24_gt3r.csv
-71.37125705691085,-24.19619626410977,9.0,0.16,,0.0,0.1159678995609283,processed_ATL10-02_20240114204239_04132201_006_01.h5,0.65,Combined_25km_jan24_gt3r.csv
-71.1824096434138,-24.273888160486305,9.0,0.09,,0.0,0.0581446588039398,processed_ATL10-02_20240114204239_04132201_006_01.h5,0.39,Combined_25km_jan24_gt3r.csv
-70.79920275027817,-24.427604669151748,6.0,0.11,,0.0,0.0817654132843017,processed_ATL10-02_20240114204239_04132201_006_01.h5,0.46,Combined_25km_jan24_gt3r.csv
-70.64584500719633,-24.4876870997811,27.0,0.1,0.8094342350959778,0.2704032127641969,0.1063717305660247,processed_ATL10-02_20240114204239_04132201_006_01.h5,0.43,Combined_25km_jan24_gt3r.csv
-70.4191710588478,-24.57521443707317,24.0,0.1,,0.0,0.0819885730743408,processed_ATL10-02_20240114204239_04132201_006_01.h5,0.43,Combined_25km_jan24_gt3r.csv
-70.23135048220567,-24.64650828777289,18.0,0.11,,0.0,0.0669096484780311,processed_ATL10-02_20240114204239_04132201_006_01.h5,0.46,Combined_25km_jan24_gt3r.csv
-69.22745369525356,-25.010059956680145,12.0,0.1,,0.0,0.0672746896743774,processed_ATL10-02_20240114204239_04132201_006_01.h5,0.43,Combined_25km_jan24_gt3r.csv
-69.0600450456776,-25.06798562268903,24.0,0.08,,0.0,0.0540749132633209,processed_ATL10-02_20240114204239_04132201_006_01.h5,0.36,Combined_25km_jan24_gt3r.csv
-68.8336807719994,-25.14522666189711,21.0,0.1,,0.0,0.0474349558353424,processed_ATL10-02_20240114204239_04132201_006_01.h5,0.43,Combined_25km_jan24_gt3r.csv
-68.61913208956983,-25.217236056392775,27.0,0.07,,0.0,0.0573488660156726,processed_ATL10-02_20240114204239_04132201_006_01.h5,0.32,Combined_25km_jan24_gt3r.csv
-71.55230755028543,-24.12053181277931,27.0,0.11,0.7316458821296692,0.0719526265230443,0.1077419742941856,processed_ATL10-02_20240114204239_04132201_006_01.h5,0.46,Combined_25km_jan24_gt3r.csv
-71.37125705691085,-24.19619626410977,9.0,0.16,,0.0,0.1159678995609283,processed_ATL10-02_20240114204239_04132201_006_01.h5,0.65,Combined_25km_jan24_gt3r.csv
-71.1824096434138,-24.273888160486305,9.0,0.09,,0.0,0.0581446588039398,processed_ATL10-02_20240114204239_04132201_006_01.h5,0.39,Combined_25km_jan24_gt3r.csv
-70.79920275027817,-24.427604669151748,6.0,0.11,,0.0,0.0817654132843017,processed_ATL10-02_20240114204239_04132201_006_01.h5,0.46,Combined_25km_jan24_gt3r.csv
-70.64584500719633,-24.4876870997811,27.0,0.1,0.8094342350959778,0.2704032127641969,0.1063717305660247,processed_ATL10-02_20240114204239_04132201_006_01.h5,0.43,Combined_25km_jan24_gt3r.csv
-70.4191710588478,-24.57521443707317,24.0,0.1,,0.0,0.0819885730743408,processed_ATL10-02_20240114204239_04132201_006_01.h5,0.43,Combined_25km_jan24_gt3r.csv
-70.23135048220567,-24.64650828777289,18.0,0.11,,0.0,0.0669096484780311,processed_ATL10-02_20240114204239_04132201_006_01.h5,0.46,Combined_25km_jan24_gt3r.csv
-69.22745369525356,-25.010059956680145,12.0,0.1,,0.0,0.0672746896743774,processed_ATL10-02_20240114204239_04132201_006_01.h5,0.43,Combined_25km_jan24_gt3r.csv
-69.0600450456776,-25.06798562268903,24.0,0.08,,0.0,0.0540749132633209,processed_ATL10-02_20240114204239_04132201_006_01.h5,0.36,Combined_25km_jan24_gt3r.csv
-68.8336807719994,-25.14522666189711,21.0,0.1,,0.0,0.0474349558353424,processed_ATL10-02_20240114204239_04132201_006_01.h5,0.43,Combined_25km_jan24_gt3r.csv
-68.61913208956983,-25.217236056392775,27.0,0.07,,0.0,0.0573488660156726,processed_ATL10-02_20240114204239_04132201_006_01.h5,0.32,Combined_25km_jan24_gt3r.csv
-77.6428268598189,-44.14250828466605,27.0,0.22,0.9727192148566246,6.850495624045531,0.2403249442577362,processed_ATL10-02_20240114221656_04142201_006_01.h5,0.86,Combined_25km_jan24_gt3r.csv
-77.40478450406894,-44.34084238867399,27.0,0.19,0.8979651257395744,5.560483333344261,0.1883600354194641,processed_ATL10-02_20240114221656_04142201_006_01.h5,0.75,Combined_25km_jan24_gt3r.csv
-77.17985596728057,-44.52209258125637,24.0,0.33,1.1313481032848358,4.686512018088251,0.2540831863880157,processed_ATL10-02_20240114221656_04142201_006_01.h5,1.26,Combined_25km_jan24_gt3r.csv
-76.95482912243432,-44.69748684726973,27.0,0.36,1.1797860198550754,7.714194390508863,0.290870726108551,processed_ATL10-02_20240114221656_04142201_006_01.h5,1.37,Combined_25km_jan24_gt3r.csv
-77.6428268598189,-44.14250828466605,27.0,0.22,0.9727192148566246,6.850495624045531,0.2403249442577362,processed_ATL10-02_20240114221656_04142201_006_01.h5,0.86,Combined_25km_jan24_gt3r.csv
-77.40478450406894,-44.34084238867399,27.0,0.19,0.8979651257395744,5.560483333344261,0.1883600354194641,processed_ATL10-02_20240114221656_04142201_006_01.h5,0.75,Combined_25km_jan24_gt3r.csv
-77.17985596728057,-44.52209258125637,24.0,0.33,1.1313481032848358,4.686512018088251,0.2540831863880157,processed_ATL10-02_20240114221656_04142201_006_01.h5,1.26,Combined_25km_jan24_gt3r.csv
-76.95482912243432,-44.69748684726973,27.0,0.36,1.1797860198550754,7.714194390508863,0.290870726108551,processed_ATL10-02_20240114221656_04142201_006_01.h5,1.37,Combined_25km_jan24_gt3r.csv
-71.65353575768995,-19.241380846796734,27.0,0.12,,0.0,0.0660271942615509,processed_ATL10-02_20240115074239_04202201_006_01.h5,0.5,Combined_25km_jan24_gt3r.csv
-70.7327880900929,-18.86568808042788,24.0,0.16,1.2400567531585691,0.0262804474914446,0.0840248018503189,processed_ATL10-02_20240115074239_04202201_006_01.h5,0.65,Combined_25km_jan24_gt3r.csv
-70.52184479222379,-18.783611481869592,24.0,0.24,,0.0,0.0930858254432678,processed_ATL10-02_20240115074239_04202201_006_01.h5,0.94,Combined_25km_jan24_gt3r.csv
-70.29508401015956,-18.69690193730664,27.0,0.19,,0.0,0.0882151201367378,processed_ATL10-02_20240115074239_04202201_006_01.h5,0.75,Combined_25km_jan24_gt3r.csv
-70.06834360507898,-18.6117350605094,24.0,0.19,,0.0,0.0842436105012893,processed_ATL10-02_20240115074239_04202201_006_01.h5,0.75,Combined_25km_jan24_gt3r.csv
-71.65353575768995,-19.241380846796734,27.0,0.12,,0.0,0.0660271942615509,processed_ATL10-02_20240115074239_04202201_006_01.h5,0.5,Combined_25km_jan24_gt3r.csv
-70.7327880900929,-18.86568808042788,24.0,0.16,1.2400567531585691,0.0262804474914446,0.0840248018503189,processed_ATL10-02_20240115074239_04202201_006_01.h5,0.65,Combined_25km_jan24_gt3r.csv
-70.52184479222379,-18.783611481869592,24.0,0.24,,0.0,0.0930858254432678,processed_ATL10-02_20240115074239_04202201_006_01.h5,0.94,Combined_25km_jan24_gt3r.csv
-70.29508401015956,-18.69690193730664,27.0,0.19,,0.0,0.0882151201367378,processed_ATL10-02_20240115074239_04202201_006_01.h5,0.75,Combined_25km_jan24_gt3r.csv
-70.06834360507898,-18.6117350605094,24.0,0.19,,0.0,0.0842436105012893,processed_ATL10-02_20240115074239_04202201_006_01.h5,0.75,Combined_25km_jan24_gt3r.csv
-70.6712614949805,-18.766505979279,27.0,0.11,,0.0,0.0662427246570587,processed_ATL10-02_20240115201657_04282201_006_01.h5,0.46,Combined_25km_jan24_gt3r.csv
-70.44456615940729,-18.85425600565042,24.0,0.13,,0.0,0.0716312155127525,processed_ATL10-02_20240115201657_04282201_006_01.h5,0.54,Combined_25km_jan24_gt3r.csv
-70.21785092476597,-18.940398122520627,27.0,0.11,,0.0,0.0576302483677864,processed_ATL10-02_20240115201657_04282201_006_01.h5,0.46,Combined_25km_jan24_gt3r.csv
-69.9911108354416,-19.025042172658893,24.0,0.11,0.7566127777099609,0.0403204059693962,0.0596942603588104,processed_ATL10-02_20240115201657_04282201_006_01.h5,0.46,Combined_25km_jan24_gt3r.csv
-69.7643067546735,-19.10817246912408,27.0,0.14,,0.0,0.0633927136659622,processed_ATL10-02_20240115201657_04282201_006_01.h5,0.57,Combined_25km_jan24_gt3r.csv
-69.537519100375,-19.18985355127963,24.0,0.14,,0.0,0.0635513365268707,processed_ATL10-02_20240115201657_04282201_006_01.h5,0.57,Combined_25km_jan24_gt3r.csv
-69.31060291714086,-19.27010322660319,27.0,0.16,0.8264540433883667,0.0485132189674509,0.0683489516377449,processed_ATL10-02_20240115201657_04282201_006_01.h5,0.65,Combined_25km_jan24_gt3r.csv
-69.08373613056054,-19.348974053407588,24.0,0.18,,0.0,0.0627610981464386,processed_ATL10-02_20240115201657_04282201_006_01.h5,0.72,Combined_25km_jan24_gt3r.csv
-68.87019913464815,-19.421979286149515,24.0,0.14,,0.0,0.0677610635757446,processed_ATL10-02_20240115201657_04282201_006_01.h5,0.57,Combined_25km_jan24_gt3r.csv
-68.64325248013489,-19.49832105281914,27.0,0.18,,0.0,0.0752366334199905,processed_ATL10-02_20240115201657_04282201_006_01.h5,0.72,Combined_25km_jan24_gt3r.csv
-68.41628861365217,-19.57345177260009,24.0,0.19,,0.0,0.0748026669025421,processed_ATL10-02_20240115201657_04282201_006_01.h5,0.75,Combined_25km_jan24_gt3r.csv
-68.18930890605947,-19.647394694294327,27.0,0.18,,0.0,0.0854854881763458,processed_ATL10-02_20240115201657_04282201_006_01.h5,0.72,Combined_25km_jan24_gt3r.csv
-67.96229986412261,-19.720197463141535,24.0,0.2,,0.0,0.0785186737775802,processed_ATL10-02_20240115201657_04282201_006_01.h5,0.79,Combined_25km_jan24_gt3r.csv
-67.73609209508756,-19.79161829540298,27.0,0.2,,0.0,0.0853173211216926,processed_ATL10-02_20240115201657_04282201_006_01.h5,0.79,Combined_25km_jan24_gt3r.csv
-70.6712614949805,-18.766505979279,27.0,0.11,,0.0,0.0662427246570587,processed_ATL10-02_20240115201657_04282201_006_01.h5,0.46,Combined_25km_jan24_gt3r.csv
-70.44456615940729,-18.85425600565042,24.0,0.13,,0.0,0.0716312155127525,processed_ATL10-02_20240115201657_04282201_006_01.h5,0.54,Combined_25km_jan24_gt3r.csv
-70.21785092476597,-18.940398122520627,27.0,0.11,,0.0,0.0576302483677864,processed_ATL10-02_20240115201657_04282201_006_01.h5,0.46,Combined_25km_jan24_gt3r.csv
-69.9911108354416,-19.025042172658893,24.0,0.11,0.7566127777099609,0.0403204059693962,0.0596942603588104,processed_ATL10-02_20240115201657_04282201_006_01.h5,0.46,Combined_25km_jan24_gt3r.csv
-69.7643067546735,-19.10817246912408,27.0,0.14,,0.0,0.0633927136659622,processed_ATL10-02_20240115201657_04282201_006_01.h5,0.57,Combined_25km_jan24_gt3r.csv
-69.537519100375,-19.18985355127963,24.0,0.14,,0.0,0.0635513365268707,processed_ATL10-02_20240115201657_04282201_006_01.h5,0.57,Combined_25km_jan24_gt3r.csv
-69.31060291714086,-19.27010322660319,27.0,0.16,0.8264540433883667,0.0485132189674509,0.0683489516377449,processed_ATL10-02_20240115201657_04282201_006_01.h5,0.65,Combined_25km_jan24_gt3r.csv
-69.08373613056054,-19.348974053407588,24.0,0.18,,0.0,0.0627610981464386,processed_ATL10-02_20240115201657_04282201_006_01.h5,0.72,Combined_25km_jan24_gt3r.csv
-68.87019913464815,-19.421979286149515,24.0,0.14,,0.0,0.0677610635757446,processed_ATL10-02_20240115201657_04282201_006_01.h5,0.57,Combined_25km_jan24_gt3r.csv
-68.64325248013489,-19.49832105281914,27.0,0.18,,0.0,0.0752366334199905,processed_ATL10-02_20240115201657_04282201_006_01.h5,0.72,Combined_25km_jan24_gt3r.csv
-68.41628861365217,-19.57345177260009,24.0,0.19,,0.0,0.0748026669025421,processed_ATL10-02_20240115201657_04282201_006_01.h5,0.75,Combined_25km_jan24_gt3r.csv
-68.18930890605947,-19.647394694294327,27.0,0.18,,0.0,0.0854854881763458,processed_ATL10-02_20240115201657_04282201_006_01.h5,0.72,Combined_25km_jan24_gt3r.csv
-67.96229986412261,-19.720197463141535,24.0,0.2,,0.0,0.0785186737775802,processed_ATL10-02_20240115201657_04282201_006_01.h5,0.79,Combined_25km_jan24_gt3r.csv
-67.73609209508756,-19.79161829540298,27.0,0.2,,0.0,0.0853173211216926,processed_ATL10-02_20240115201657_04282201_006_01.h5,0.79,Combined_25km_jan24_gt3r.csv
-77.11834277305513,-34.57401736743911,6.0,0.06,0.7754045128822327,0.8165642619132996,0.0756698995828628,processed_ATL10-02_20240117082533_04512201_006_01.h5,0.28,Combined_25km_jan24_gt3r.csv
-76.68423893951609,-34.2428716371622,3.0,0.11,,0.0,0.1254112869501114,processed_ATL10-02_20240117082533_04512201_006_01.h5,0.46,Combined_25km_jan24_gt3r.csv
-76.56710781165958,-34.157010054496325,24.0,0.11,0.7511495471000671,0.967839642544277,0.1363133639097213,processed_ATL10-02_20240117082533_04512201_006_01.h5,0.46,Combined_25km_jan24_gt3r.csv
-76.34198566951643,-33.995433815589664,27.0,0.09,0.8084166646003723,1.4662677836087017,0.1580711603164672,processed_ATL10-02_20240117082533_04512201_006_01.h5,0.39,Combined_25km_jan24_gt3r.csv
-76.11661918914618,-33.83829580871435,24.0,0.14,0.764708399772644,0.0561574008315801,0.1182847619056701,processed_ATL10-02_20240117082533_04512201_006_01.h5,0.57,Combined_25km_jan24_gt3r.csv
-75.9176699633294,-33.703336140822735,21.0,0.14,,0.0,0.0960453301668167,processed_ATL10-02_20240117082533_04512201_006_01.h5,0.57,Combined_25km_jan24_gt3r.csv
-77.11834277305513,-34.57401736743911,6.0,0.06,0.7754045128822327,0.8165642619132996,0.0756698995828628,processed_ATL10-02_20240117082533_04512201_006_01.h5,0.28,Combined_25km_jan24_gt3r.csv
-76.68423893951609,-34.2428716371622,3.0,0.11,,0.0,0.1254112869501114,processed_ATL10-02_20240117082533_04512201_006_01.h5,0.46,Combined_25km_jan24_gt3r.csv
-76.56710781165958,-34.157010054496325,24.0,0.11,0.7511495471000671,0.967839642544277,0.1363133639097213,processed_ATL10-02_20240117082533_04512201_006_01.h5,0.46,Combined_25km_jan24_gt3r.csv
-76.34198566951643,-33.995433815589664,27.0,0.09,0.8084166646003723,1.4662677836087017,0.1580711603164672,processed_ATL10-02_20240117082533_04512201_006_01.h5,0.39,Combined_25km_jan24_gt3r.csv
-76.11661918914618,-33.83829580871435,24.0,0.14,0.764708399772644,0.0561574008315801,0.1182847619056701,processed_ATL10-02_20240117082533_04512201_006_01.h5,0.57,Combined_25km_jan24_gt3r.csv
-75.9176699633294,-33.703336140822735,21.0,0.14,,0.0,0.0960453301668167,processed_ATL10-02_20240117082533_04512201_006_01.h5,0.57,Combined_25km_jan24_gt3r.csv
-73.9897886200942,-44.74859866984425,27.0,0.26,1.1103682120641072,2.8559278851995864,0.2045095264911651,processed_ATL10-02_20240119090831_04822201_006_01.h5,1.01,Combined_25km_jan24_gt3r.csv
-73.85662378915568,-44.67779076172568,3.0,0.03,,0.0,0.1155234649777412,processed_ATL10-02_20240119090831_04822201_006_01.h5,0.18,Combined_25km_jan24_gt3r.csv
-73.9897886200942,-44.74859866984425,27.0,0.26,1.1103682120641072,2.8559278851995864,0.2045095264911651,processed_ATL10-02_20240119090831_04822201_006_01.h5,1.01,Combined_25km_jan24_gt3r.csv
-73.85662378915568,-44.67779076172568,3.0,0.03,,0.0,0.1155234649777412,processed_ATL10-02_20240119090831_04822201_006_01.h5,0.18,Combined_25km_jan24_gt3r.csv
-76.26169633908182,-40.27017953686583,24.0,0.17,0.8715478281180064,6.694822781719267,0.2224878966808319,processed_ATL10-02_20240119214252_04902201_006_01.h5,0.68,Combined_25km_jan24_gt3r.csv
-76.07974412029924,-40.39654730310519,6.0,0.1,0.9971950650215148,2.817454002797604,0.2224912792444229,processed_ATL10-02_20240119214252_04902201_006_01.h5,0.43,Combined_25km_jan24_gt3r.csv
-75.76129829494322,-40.61015057420928,18.0,0.2,0.913344383239746,6.125783920288086,0.2392226010560989,processed_ATL10-02_20240119214252_04902201_006_01.h5,0.79,Combined_25km_jan24_gt3r.csv
-76.26169633908182,-40.27017953686583,24.0,0.17,0.8715478281180064,6.694822781719267,0.2224878966808319,processed_ATL10-02_20240119214252_04902201_006_01.h5,0.68,Combined_25km_jan24_gt3r.csv
-76.07974412029924,-40.39654730310519,6.0,0.1,0.9971950650215148,2.817454002797604,0.2224912792444229,processed_ATL10-02_20240119214252_04902201_006_01.h5,0.43,Combined_25km_jan24_gt3r.csv
-75.76129829494322,-40.61015057420928,18.0,0.2,0.913344383239746,6.125783920288086,0.2392226010560989,processed_ATL10-02_20240119214252_04902201_006_01.h5,0.79,Combined_25km_jan24_gt3r.csv
-76.75426979401209,-40.78469319146621,18.0,0.17,0.9179279953241348,2.428337869544824,0.1942477226257324,processed_ATL10-02_20240120084253_04972201_006_01.h5,0.68,Combined_25km_jan24_gt3r.csv
-74.35247700363277,-39.23792851490804,3.0,0.3,,0.0,0.1124286875128746,processed_ATL10-02_20240120084253_04972201_006_01.h5,1.15,Combined_25km_jan24_gt3r.csv
-74.21400454502883,-39.16156081241966,21.0,0.2,0.7387965023517609,1.0545559493558747,0.1648975163698196,processed_ATL10-02_20240120084253_04972201_006_01.h5,0.79,Combined_25km_jan24_gt3r.csv
-74.00661872049338,-39.0492977105794,15.0,0.23,1.1010577082633972,3.8626978546381,0.1803421080112457,processed_ATL10-02_20240120084253_04972201_006_01.h5,0.9,Combined_25km_jan24_gt3r.csv
-73.44671505068762,-38.75875868099115,3.0,0.31,,0.0,0.1004723086953163,processed_ATL10-02_20240120084253_04972201_006_01.h5,1.19,Combined_25km_jan24_gt3r.csv
-73.3268387093583,-38.698814526631935,24.0,0.16,0.8519684076309204,0.255830108653754,0.1091572493314743,processed_ATL10-02_20240120084253_04972201_006_01.h5,0.65,Combined_25km_jan24_gt3r.csv
-73.16662678915971,-38.61968800902292,12.0,0.33,1.201491077740987,6.129701854661107,0.2398813664913177,processed_ATL10-02_20240120084253_04972201_006_01.h5,1.26,Combined_25km_jan24_gt3r.csv
-70.8002783905246,-37.57918003505316,3.0,0.29,,0.0,0.1194516122341156,processed_ATL10-02_20240120084253_04972201_006_01.h5,1.12,Combined_25km_jan24_gt3r.csv
-70.62196713990801,-37.50948740328823,24.0,0.21,0.9653080105781556,0.0287352479062974,0.1161455661058425,processed_ATL10-02_20240120084253_04972201_006_01.h5,0.83,Combined_25km_jan24_gt3r.csv
-76.75426979401209,-40.78469319146621,18.0,0.17,0.9179279953241348,2.428337869544824,0.1942477226257324,processed_ATL10-02_20240120084253_04972201_006_01.h5,0.68,Combined_25km_jan24_gt3r.csv
-74.35247700363277,-39.23792851490804,3.0,0.3,,0.0,0.1124286875128746,processed_ATL10-02_20240120084253_04972201_006_01.h5,1.15,Combined_25km_jan24_gt3r.csv
-74.21400454502883,-39.16156081241966,21.0,0.2,0.7387965023517609,1.0545559493558747,0.1648975163698196,processed_ATL10-02_20240120084253_04972201_006_01.h5,0.79,Combined_25km_jan24_gt3r.csv
-74.00661872049338,-39.0492977105794,15.0,0.23,1.1010577082633972,3.8626978546381,0.1803421080112457,processed_ATL10-02_20240120084253_04972201_006_01.h5,0.9,Combined_25km_jan24_gt3r.csv
-73.44671505068762,-38.75875868099115,3.0,0.31,,0.0,0.1004723086953163,processed_ATL10-02_20240120084253_04972201_006_01.h5,1.19,Combined_25km_jan24_gt3r.csv
-73.3268387093583,-38.698814526631935,24.0,0.16,0.8519684076309204,0.255830108653754,0.1091572493314743,processed_ATL10-02_20240120084253_04972201_006_01.h5,0.65,Combined_25km_jan24_gt3r.csv
-73.16662678915971,-38.61968800902292,12.0,0.33,1.201491077740987,6.129701854661107,0.2398813664913177,processed_ATL10-02_20240120084253_04972201_006_01.h5,1.26,Combined_25km_jan24_gt3r.csv
-70.8002783905246,-37.57918003505316,3.0,0.29,,0.0,0.1194516122341156,processed_ATL10-02_20240120084253_04972201_006_01.h5,1.12,Combined_25km_jan24_gt3r.csv
-70.62196713990801,-37.50948740328823,24.0,0.21,0.9653080105781556,0.0287352479062974,0.1161455661058425,processed_ATL10-02_20240120084253_04972201_006_01.h5,0.83,Combined_25km_jan24_gt3r.csv
-76.9220350053751,-34.07513412147401,27.0,0.27,1.120503544807434,22.91460070345137,0.3473991453647613,processed_ATL10-02_20240120211713_05052201_006_01.h5,1.04,Combined_25km_jan24_gt3r.csv
-76.68365449821313,-34.25458323035031,27.0,0.22,0.97363543510437,1.735970890149474,0.1775937676429748,processed_ATL10-02_20240120211713_05052201_006_01.h5,0.86,Combined_25km_jan24_gt3r.csv
-76.45842732138554,-34.41892951199081,24.0,0.13,0.7808887759844462,1.400791457854211,0.154104471206665,processed_ATL10-02_20240120211713_05052201_006_01.h5,0.54,Combined_25km_jan24_gt3r.csv
-76.24635976362791,-34.569140099335186,24.0,0.12,0.8673557937145233,3.010932926554233,0.1670258343219757,processed_ATL10-02_20240120211713_05052201_006_01.h5,0.5,Combined_25km_jan24_gt3r.csv
-76.0209404693173,-34.72414620806952,27.0,0.2,1.0152542458640204,12.1700257062912,0.2918127179145813,processed_ATL10-02_20240120211713_05052201_006_01.h5,0.79,Combined_25km_jan24_gt3r.csv
-75.79547987884018,-34.87472805028105,24.0,0.26,1.0262682437896729,14.440139889484271,0.2673411965370178,processed_ATL10-02_20240120211713_05052201_006_01.h5,1.01,Combined_25km_jan24_gt3r.csv
-75.56991492842785,-35.02100295448401,27.0,0.11,0.8739544525742531,5.11869705385632,0.2054524272680282,processed_ATL10-02_20240120211713_05052201_006_01.h5,0.46,Combined_25km_jan24_gt3r.csv
-75.34427781253457,-35.16342277419365,24.0,0.17,0.8468923211097718,1.958175585605204,0.1537761092185974,processed_ATL10-02_20240120211713_05052201_006_01.h5,0.68,Combined_25km_jan24_gt3r.csv
-75.11901128561902,-35.301815616918745,27.0,0.2,0.7010898987452189,1.3347096379018493,0.1429666727781295,processed_ATL10-02_20240120211713_05052201_006_01.h5,0.79,Combined_25km_jan24_gt3r.csv
-74.80159503258902,-35.49098334069292,3.0,0.06,1.0610699653625488,8.760668337345123,0.2567552626132965,processed_ATL10-02_20240120211713_05052201_006_01.h5,0.28,Combined_25km_jan24_gt3r.csv
-74.7022157474834,-35.54861603221598,15.0,0.13,0.811228334903717,2.681791186332702,0.1320795267820358,processed_ATL10-02_20240120211713_05052201_006_01.h5,0.54,Combined_25km_jan24_gt3r.csv
-74.43228536645393,-35.70253199269678,3.0,0.32,,0.0,0.0974744781851768,processed_ATL10-02_20240120211713_05052201_006_01.h5,1.23,Combined_25km_jan24_gt3r.csv
-72.83157926834853,-36.528116185506754,21.0,0.32,1.1037910665784565,13.754454361540931,0.2893902659416199,processed_ATL10-02_20240120211713_05052201_006_01.h5,1.23,Combined_25km_jan24_gt3r.csv
-76.9220350053751,-34.07513412147401,27.0,0.27,1.120503544807434,22.91460070345137,0.3473991453647613,processed_ATL10-02_20240120211713_05052201_006_01.h5,1.04,Combined_25km_jan24_gt3r.csv
-76.68365449821313,-34.25458323035031,27.0,0.22,0.97363543510437,1.735970890149474,0.1775937676429748,processed_ATL10-02_20240120211713_05052201_006_01.h5,0.86,Combined_25km_jan24_gt3r.csv
-76.45842732138554,-34.41892951199081,24.0,0.13,0.7808887759844462,1.400791457854211,0.154104471206665,processed_ATL10-02_20240120211713_05052201_006_01.h5,0.54,Combined_25km_jan24_gt3r.csv
-76.24635976362791,-34.569140099335186,24.0,0.12,0.8673557937145233,3.010932926554233,0.1670258343219757,processed_ATL10-02_20240120211713_05052201_006_01.h5,0.5,Combined_25km_jan24_gt3r.csv
-76.0209404693173,-34.72414620806952,27.0,0.2,1.0152542458640204,12.1700257062912,0.2918127179145813,processed_ATL10-02_20240120211713_05052201_006_01.h5,0.79,Combined_25km_jan24_gt3r.csv
-75.79547987884018,-34.87472805028105,24.0,0.26,1.0262682437896729,14.440139889484271,0.2673411965370178,processed_ATL10-02_20240120211713_05052201_006_01.h5,1.01,Combined_25km_jan24_gt3r.csv
-75.56991492842785,-35.02100295448401,27.0,0.11,0.8739544525742531,5.11869705385632,0.2054524272680282,processed_ATL10-02_20240120211713_05052201_006_01.h5,0.46,Combined_25km_jan24_gt3r.csv
-75.34427781253457,-35.16342277419365,24.0,0.17,0.8468923211097718,1.958175585605204,0.1537761092185974,processed_ATL10-02_20240120211713_05052201_006_01.h5,0.68,Combined_25km_jan24_gt3r.csv
-75.11901128561902,-35.301815616918745,27.0,0.2,0.7010898987452189,1.3347096379018493,0.1429666727781295,processed_ATL10-02_20240120211713_05052201_006_01.h5,0.79,Combined_25km_jan24_gt3r.csv
-74.80159503258902,-35.49098334069292,3.0,0.06,1.0610699653625488,8.760668337345123,0.2567552626132965,processed_ATL10-02_20240120211713_05052201_006_01.h5,0.28,Combined_25km_jan24_gt3r.csv
-74.7022157474834,-35.54861603221598,15.0,0.13,0.811228334903717,2.681791186332702,0.1320795267820358,processed_ATL10-02_20240120211713_05052201_006_01.h5,0.54,Combined_25km_jan24_gt3r.csv
-74.43228536645393,-35.70253199269678,3.0,0.32,,0.0,0.0974744781851768,processed_ATL10-02_20240120211713_05052201_006_01.h5,1.23,Combined_25km_jan24_gt3r.csv
-72.83157926834853,-36.528116185506754,21.0,0.32,1.1037910665784565,13.754454361540931,0.2893902659416199,processed_ATL10-02_20240120211713_05052201_006_01.h5,1.23,Combined_25km_jan24_gt3r.csv
-76.76284748186654,-35.07994543080635,12.0,0.11,0.7598867118358612,3.577780397608876,0.1796404123306274,processed_ATL10-02_20240121081714_05122201_006_01.h5,0.46,Combined_25km_jan24_gt3r.csv
-74.67730754576208,-33.711678377364294,15.0,0.21,0.72496297955513,0.2645460329949856,0.118459865450859,processed_ATL10-02_20240121081714_05122201_006_01.h5,0.83,Combined_25km_jan24_gt3r.csv
-74.50211227955965,-33.61140115161613,12.0,0.23,,0.0,0.0687645375728607,processed_ATL10-02_20240121081714_05122201_006_01.h5,0.9,Combined_25km_jan24_gt3r.csv
-76.76284748186654,-35.07994543080635,12.0,0.11,0.7598867118358612,3.577780397608876,0.1796404123306274,processed_ATL10-02_20240121081714_05122201_006_01.h5,0.46,Combined_25km_jan24_gt3r.csv
-74.67730754576208,-33.711678377364294,15.0,0.21,0.72496297955513,0.2645460329949856,0.118459865450859,processed_ATL10-02_20240121081714_05122201_006_01.h5,0.83,Combined_25km_jan24_gt3r.csv
-74.50211227955965,-33.61140115161613,12.0,0.23,,0.0,0.0687645375728607,processed_ATL10-02_20240121081714_05122201_006_01.h5,0.9,Combined_25km_jan24_gt3r.csv
-75.62663645650332,-29.273328875489288,27.0,0.1,0.8405033264841352,3.7306590497286782,0.1990818083286285,processed_ATL10-02_20240121205134_05202201_006_01.h5,0.43,Combined_25km_jan24_gt3r.csv
-75.40092729105069,-29.416725513243332,24.0,0.16,0.9611051455140114,7.459858106449246,0.2620052099227905,processed_ATL10-02_20240121205134_05202201_006_01.h5,0.65,Combined_25km_jan24_gt3r.csv
-75.17523388843614,-29.556166357839167,27.0,0.17,0.9221145245763992,7.834083462754886,0.2504070997238159,processed_ATL10-02_20240121205134_05202201_006_01.h5,0.68,Combined_25km_jan24_gt3r.csv
-74.94946948891001,-29.692210809513615,24.0,0.1,0.8258081153035164,2.9544989578425884,0.1916042268276214,processed_ATL10-02_20240121205134_05202201_006_01.h5,0.43,Combined_25km_jan24_gt3r.csv
-74.72365472793447,-29.82496917281239,27.0,0.06,0.8047172758314345,5.894814369579156,0.2048537135124206,processed_ATL10-02_20240121205134_05202201_006_01.h5,0.28,Combined_25km_jan24_gt3r.csv
-74.48527886189056,-29.96173292332332,27.0,0.16,0.8298822522163392,1.3061602030777268,0.1417319625616073,processed_ATL10-02_20240121205134_05202201_006_01.h5,0.65,Combined_25km_jan24_gt3r.csv
-74.36653794069119,-30.028650324861918,3.0,0.26,,0.0,0.099366508424282,processed_ATL10-02_20240121205134_05202201_006_01.h5,1.01,Combined_25km_jan24_gt3r.csv
-74.03319929648187,-30.21137611807975,21.0,0.08,0.737328032652537,1.900670105325324,0.1544223576784134,processed_ATL10-02_20240121205134_05202201_006_01.h5,0.36,Combined_25km_jan24_gt3r.csv
-73.81981439811392,-30.32473573712098,27.0,0.05,0.805004894733429,12.045211396697496,0.2117536216974258,processed_ATL10-02_20240121205134_05202201_006_01.h5,0.25,Combined_25km_jan24_gt3r.csv
-73.59368771936178,-30.44199947818097,24.0,0.2,0.982364185154438,19.13549158489332,0.3073391616344452,processed_ATL10-02_20240121205134_05202201_006_01.h5,0.79,Combined_25km_jan24_gt3r.csv
-73.3674939984537,-30.556368482963485,27.0,0.31,1.0662165731191635,18.924244317329592,0.3255838751792907,processed_ATL10-02_20240121205134_05202201_006_01.h5,1.19,Combined_25km_jan24_gt3r.csv
-73.14127171575586,-30.668140642102603,24.0,0.15,1.1345474421977997,41.27593021839857,0.4340565204620361,processed_ATL10-02_20240121205134_05202201_006_01.h5,0.61,Combined_25km_jan24_gt3r.csv
-72.91499834287319,-30.777309868269462,27.0,0.11,0.9102790223227608,26.52603725178374,0.3267334997653961,processed_ATL10-02_20240121205134_05202201_006_01.h5,0.46,Combined_25km_jan24_gt3r.csv
-72.68870597505659,-30.884308825807096,24.0,0.11,0.8447054401040077,9.734684112481771,0.2330323755741119,processed_ATL10-02_20240121205134_05202201_006_01.h5,0.46,Combined_25km_jan24_gt3r.csv
-72.4623272715584,-30.989182297248654,27.0,0.14,0.8822059258818626,8.065291214734316,0.2320797741413116,processed_ATL10-02_20240121205134_05202201_006_01.h5,0.57,Combined_25km_jan24_gt3r.csv
-72.23849584963799,-31.090888522108468,24.0,0.13,0.7542823910713196,3.790184343233705,0.1726655066013336,processed_ATL10-02_20240121205134_05202201_006_01.h5,0.54,Combined_25km_jan24_gt3r.csv
-75.62663645650332,-29.273328875489288,27.0,0.1,0.8405033264841352,3.7306590497286782,0.1990818083286285,processed_ATL10-02_20240121205134_05202201_006_01.h5,0.43,Combined_25km_jan24_gt3r.csv
-75.40092729105069,-29.416725513243332,24.0,0.16,0.9611051455140114,7.459858106449246,0.2620052099227905,processed_ATL10-02_20240121205134_05202201_006_01.h5,0.65,Combined_25km_jan24_gt3r.csv
-75.17523388843614,-29.556166357839167,27.0,0.17,0.9221145245763992,7.834083462754886,0.2504070997238159,processed_ATL10-02_20240121205134_05202201_006_01.h5,0.68,Combined_25km_jan24_gt3r.csv
-74.94946948891001,-29.692210809513615,24.0,0.1,0.8258081153035164,2.9544989578425884,0.1916042268276214,processed_ATL10-02_20240121205134_05202201_006_01.h5,0.43,Combined_25km_jan24_gt3r.csv
-74.72365472793447,-29.82496917281239,27.0,0.06,0.8047172758314345,5.894814369579156,0.2048537135124206,processed_ATL10-02_20240121205134_05202201_006_01.h5,0.28,Combined_25km_jan24_gt3r.csv
-74.48527886189056,-29.96173292332332,27.0,0.16,0.8298822522163392,1.3061602030777268,0.1417319625616073,processed_ATL10-02_20240121205134_05202201_006_01.h5,0.65,Combined_25km_jan24_gt3r.csv
-74.36653794069119,-30.028650324861918,3.0,0.26,,0.0,0.099366508424282,processed_ATL10-02_20240121205134_05202201_006_01.h5,1.01,Combined_25km_jan24_gt3r.csv
-74.03319929648187,-30.21137611807975,21.0,0.08,0.737328032652537,1.900670105325324,0.1544223576784134,processed_ATL10-02_20240121205134_05202201_006_01.h5,0.36,Combined_25km_jan24_gt3r.csv
-73.81981439811392,-30.32473573712098,27.0,0.05,0.805004894733429,12.045211396697496,0.2117536216974258,processed_ATL10-02_20240121205134_05202201_006_01.h5,0.25,Combined_25km_jan24_gt3r.csv
-73.59368771936178,-30.44199947818097,24.0,0.2,0.982364185154438,19.13549158489332,0.3073391616344452,processed_ATL10-02_20240121205134_05202201_006_01.h5,0.79,Combined_25km_jan24_gt3r.csv
-73.3674939984537,-30.556368482963485,27.0,0.31,1.0662165731191635,18.924244317329592,0.3255838751792907,processed_ATL10-02_20240121205134_05202201_006_01.h5,1.19,Combined_25km_jan24_gt3r.csv
-73.14127171575586,-30.668140642102603,24.0,0.15,1.1345474421977997,41.27593021839857,0.4340565204620361,processed_ATL10-02_20240121205134_05202201_006_01.h5,0.61,Combined_25km_jan24_gt3r.csv
-72.91499834287319,-30.777309868269462,27.0,0.11,0.9102790223227608,26.52603725178374,0.3267334997653961,processed_ATL10-02_20240121205134_05202201_006_01.h5,0.46,Combined_25km_jan24_gt3r.csv
-72.68870597505659,-30.884308825807096,24.0,0.11,0.8447054401040077,9.734684112481771,0.2330323755741119,processed_ATL10-02_20240121205134_05202201_006_01.h5,0.46,Combined_25km_jan24_gt3r.csv
-72.4623272715584,-30.989182297248654,27.0,0.14,0.8822059258818626,8.065291214734316,0.2320797741413116,processed_ATL10-02_20240121205134_05202201_006_01.h5,0.57,Combined_25km_jan24_gt3r.csv
-72.23849584963799,-31.090888522108468,24.0,0.13,0.7542823910713196,3.790184343233705,0.1726655066013336,processed_ATL10-02_20240121205134_05202201_006_01.h5,0.54,Combined_25km_jan24_gt3r.csv
-75.46418296779993,-28.476953692403168,27.0,0.21,0.9476293921470642,6.11569309193227,0.2360276877880096,processed_ATL10-02_20240122075136_05272201_006_01.h5,0.83,Combined_25km_jan24_gt3r.csv
-75.23853436170451,-28.336062073862408,24.0,0.17,0.9205759689211844,7.4160399090033025,0.2382178604602813,processed_ATL10-02_20240122075136_05272201_006_01.h5,0.68,Combined_25km_jan24_gt3r.csv
-75.0127794145688,-28.198974196517955,27.0,0.11,0.8810678571462631,7.761889240807957,0.206773579120636,processed_ATL10-02_20240122075136_05272201_006_01.h5,0.46,Combined_25km_jan24_gt3r.csv
-74.78700857206746,-28.06540068571691,24.0,0.2,0.9669412970542908,10.746679571457207,0.2561077177524566,processed_ATL10-02_20240122075136_05272201_006_01.h5,0.79,Combined_25km_jan24_gt3r.csv
-74.5611540397975,-27.93523749858726,27.0,0.07,0.8221950381994247,3.868345041862793,0.1687350422143936,processed_ATL10-02_20240122075136_05272201_006_01.h5,0.32,Combined_25km_jan24_gt3r.csv
-74.33525615443621,-27.808226441547333,24.0,0.1,0.8865678757429123,9.899549512192609,0.2605589032173157,processed_ATL10-02_20240122075136_05272201_006_01.h5,0.43,Combined_25km_jan24_gt3r.csv
-74.10922461867989,-27.684318167449856,27.0,0.07,0.9077866011195712,18.512597121298317,0.3210715353488922,processed_ATL10-02_20240122075136_05272201_006_01.h5,0.32,Combined_25km_jan24_gt3r.csv
-73.88309447014048,-27.563337517571004,24.0,0.06,0.8267644147078196,8.014652773272246,0.2178278416395187,processed_ATL10-02_20240122075136_05272201_006_01.h5,0.28,Combined_25km_jan24_gt3r.csv
-73.70721217167514,-27.471212130181247,12.0,0.02,,0.0,0.0465112775564193,processed_ATL10-02_20240122075136_05272201_006_01.h5,0.14,Combined_25km_jan24_gt3r.csv
-73.37414200294492,-27.301390485107905,12.0,0.1,0.7920032739639282,1.3806378468871117,0.06731978058815,processed_ATL10-02_20240122075136_05272201_006_01.h5,0.43,Combined_25km_jan24_gt3r.csv
-73.21805504086115,-27.223865961680115,24.0,0.03,0.7795147776603699,4.023238841909915,0.130271703004837,processed_ATL10-02_20240122075136_05272201_006_01.h5,0.18,Combined_25km_jan24_gt3r.csv
-72.97812312378723,-27.106934223951217,24.0,0.04,0.7559387311339378,7.466281310189515,0.1945961117744445,processed_ATL10-02_20240122075136_05272201_006_01.h5,0.21,Combined_25km_jan24_gt3r.csv
-72.75220578537352,-26.999405827687788,27.0,0.05,0.7984260453118218,7.899354858737853,0.2012275159358978,processed_ATL10-02_20240122075136_05272201_006_01.h5,0.25,Combined_25km_jan24_gt3r.csv
-72.52584186638981,-26.893917761689,24.0,0.2,0.9484629460743496,4.404834727756679,0.2102490663528442,processed_ATL10-02_20240122075136_05272201_006_01.h5,0.79,Combined_25km_jan24_gt3r.csv
-72.29947401314622,-26.790702912579853,27.0,0.12,0.8192143812775612,3.706838335427973,0.2052105963230133,processed_ATL10-02_20240122075136_05272201_006_01.h5,0.5,Combined_25km_jan24_gt3r.csv
-72.07305210009584,-26.689596849297345,24.0,0.17,0.8889216950961522,11.158704990521072,0.2614237368106842,processed_ATL10-02_20240122075136_05272201_006_01.h5,0.68,Combined_25km_jan24_gt3r.csv
-75.46418296779993,-28.476953692403168,27.0,0.21,0.9476293921470642,6.11569309193227,0.2360276877880096,processed_ATL10-02_20240122075136_05272201_006_01.h5,0.83,Combined_25km_jan24_gt3r.csv
-75.23853436170451,-28.336062073862408,24.0,0.17,0.9205759689211844,7.4160399090033025,0.2382178604602813,processed_ATL10-02_20240122075136_05272201_006_01.h5,0.68,Combined_25km_jan24_gt3r.csv
-75.0127794145688,-28.198974196517955,27.0,0.11,0.8810678571462631,7.761889240807957,0.206773579120636,processed_ATL10-02_20240122075136_05272201_006_01.h5,0.46,Combined_25km_jan24_gt3r.csv
-74.78700857206746,-28.06540068571691,24.0,0.2,0.9669412970542908,10.746679571457207,0.2561077177524566,processed_ATL10-02_20240122075136_05272201_006_01.h5,0.79,Combined_25km_jan24_gt3r.csv
-74.5611540397975,-27.93523749858726,27.0,0.07,0.8221950381994247,3.868345041862793,0.1687350422143936,processed_ATL10-02_20240122075136_05272201_006_01.h5,0.32,Combined_25km_jan24_gt3r.csv
-74.33525615443621,-27.808226441547333,24.0,0.1,0.8865678757429123,9.899549512192609,0.2605589032173157,processed_ATL10-02_20240122075136_05272201_006_01.h5,0.43,Combined_25km_jan24_gt3r.csv
-74.10922461867989,-27.684318167449856,27.0,0.07,0.9077866011195712,18.512597121298317,0.3210715353488922,processed_ATL10-02_20240122075136_05272201_006_01.h5,0.32,Combined_25km_jan24_gt3r.csv
-73.88309447014048,-27.563337517571004,24.0,0.06,0.8267644147078196,8.014652773272246,0.2178278416395187,processed_ATL10-02_20240122075136_05272201_006_01.h5,0.28,Combined_25km_jan24_gt3r.csv
-73.70721217167514,-27.471212130181247,12.0,0.02,,0.0,0.0465112775564193,processed_ATL10-02_20240122075136_05272201_006_01.h5,0.14,Combined_25km_jan24_gt3r.csv
-73.37414200294492,-27.301390485107905,12.0,0.1,0.7920032739639282,1.3806378468871117,0.06731978058815,processed_ATL10-02_20240122075136_05272201_006_01.h5,0.43,Combined_25km_jan24_gt3r.csv
-73.21805504086115,-27.223865961680115,24.0,0.03,0.7795147776603699,4.023238841909915,0.130271703004837,processed_ATL10-02_20240122075136_05272201_006_01.h5,0.18,Combined_25km_jan24_gt3r.csv
-72.97812312378723,-27.106934223951217,24.0,0.04,0.7559387311339378,7.466281310189515,0.1945961117744445,processed_ATL10-02_20240122075136_05272201_006_01.h5,0.21,Combined_25km_jan24_gt3r.csv
-72.75220578537352,-26.999405827687788,27.0,0.05,0.7984260453118218,7.899354858737853,0.2012275159358978,processed_ATL10-02_20240122075136_05272201_006_01.h5,0.25,Combined_25km_jan24_gt3r.csv
-72.52584186638981,-26.893917761689,24.0,0.2,0.9484629460743496,4.404834727756679,0.2102490663528442,processed_ATL10-02_20240122075136_05272201_006_01.h5,0.79,Combined_25km_jan24_gt3r.csv
-72.29947401314622,-26.790702912579853,27.0,0.12,0.8192143812775612,3.706838335427973,0.2052105963230133,processed_ATL10-02_20240122075136_05272201_006_01.h5,0.5,Combined_25km_jan24_gt3r.csv
-72.07305210009584,-26.689596849297345,24.0,0.17,0.8889216950961522,11.158704990521072,0.2614237368106842,processed_ATL10-02_20240122075136_05272201_006_01.h5,0.68,Combined_25km_jan24_gt3r.csv
-73.37573482653015,-24.840937177743434,15.0,0.09,,0.0,0.025514518842101,processed_ATL10-02_20240122202555_05352201_006_01.h5,0.39,Combined_25km_jan24_gt3r.csv
-73.133201872985,-24.9608667912156,24.0,0.06,0.7567040324211121,0.2848254051059484,0.0643588006496429,processed_ATL10-02_20240122202555_05352201_006_01.h5,0.28,Combined_25km_jan24_gt3r.csv
-72.9492488739547,-25.04997944101253,18.0,0.07,0.7320782542228699,0.1992493712653716,0.0909210443496704,processed_ATL10-02_20240122202555_05352201_006_01.h5,0.32,Combined_25km_jan24_gt3r.csv
-72.7615109156091,-25.13930133660328,9.0,0.16,0.882173478603363,14.548067996899286,0.2642911970615387,processed_ATL10-02_20240122202555_05352201_006_01.h5,0.65,Combined_25km_jan24_gt3r.csv
-72.43546982282646,-25.29055649701849,9.0,0.24,,0.0,0.1417423784732818,processed_ATL10-02_20240122202555_05352201_006_01.h5,0.94,Combined_25km_jan24_gt3r.csv
-72.25034707530084,-25.37441862157276,24.0,0.08,0.7545589685440064,1.7878779501188546,0.1599749326705932,processed_ATL10-02_20240122202555_05352201_006_01.h5,0.36,Combined_25km_jan24_gt3r.csv
-73.37573482653015,-24.840937177743434,15.0,0.09,,0.0,0.025514518842101,processed_ATL10-02_20240122202555_05352201_006_01.h5,0.39,Combined_25km_jan24_gt3r.csv
-73.133201872985,-24.9608667912156,24.0,0.06,0.7567040324211121,0.2848254051059484,0.0643588006496429,processed_ATL10-02_20240122202555_05352201_006_01.h5,0.28,Combined_25km_jan24_gt3r.csv
-72.9492488739547,-25.04997944101253,18.0,0.07,0.7320782542228699,0.1992493712653716,0.0909210443496704,processed_ATL10-02_20240122202555_05352201_006_01.h5,0.32,Combined_25km_jan24_gt3r.csv
-72.7615109156091,-25.13930133660328,9.0,0.16,0.882173478603363,14.548067996899286,0.2642911970615387,processed_ATL10-02_20240122202555_05352201_006_01.h5,0.65,Combined_25km_jan24_gt3r.csv
-72.43546982282646,-25.29055649701849,9.0,0.24,,0.0,0.1417423784732818,processed_ATL10-02_20240122202555_05352201_006_01.h5,0.94,Combined_25km_jan24_gt3r.csv
-72.25034707530084,-25.37441862157276,24.0,0.08,0.7545589685440064,1.7878779501188546,0.1599749326705932,processed_ATL10-02_20240122202555_05352201_006_01.h5,0.36,Combined_25km_jan24_gt3r.csv
-75.6173850343025,-41.48108352582775,27.0,0.31,1.0776362352901034,7.303555164900091,0.2488759309053421,processed_ATL10-02_20240123213433_05512201_006_01.h5,1.19,Combined_25km_jan24_gt3r.csv
-75.39175110260832,-41.62435742863258,24.0,0.37,1.1415201351046562,4.232961963862181,0.254006415605545,processed_ATL10-02_20240123213433_05512201_006_01.h5,1.41,Combined_25km_jan24_gt3r.csv
-75.16607478034716,-41.76395658334247,27.0,0.3,0.9800616875290872,2.396482909615669,0.2138275504112243,processed_ATL10-02_20240123213433_05512201_006_01.h5,1.15,Combined_25km_jan24_gt3r.csv
-74.94035053744398,-41.90013782727454,24.0,0.26,0.9773503839969636,3.294159064535052,0.2055955231189727,processed_ATL10-02_20240123213433_05512201_006_01.h5,1.01,Combined_25km_jan24_gt3r.csv
-74.81774080275561,-41.972766287487616,6.0,0.21,,0.0,0.1100258082151413,processed_ATL10-02_20240123213433_05512201_006_01.h5,0.83,Combined_25km_jan24_gt3r.csv
-73.54466943075992,-42.66885339063413,15.0,0.22,0.6492497324943542,0.2489244192838668,0.1090139895677566,processed_ATL10-02_20240123213433_05512201_006_01.h5,0.86,Combined_25km_jan24_gt3r.csv
-75.6173850343025,-41.48108352582775,27.0,0.31,1.0776362352901034,7.303555164900091,0.2488759309053421,processed_ATL10-02_20240123213433_05512201_006_01.h5,1.19,Combined_25km_jan24_gt3r.csv
-75.39175110260832,-41.62435742863258,24.0,0.37,1.1415201351046562,4.232961963862181,0.254006415605545,processed_ATL10-02_20240123213433_05512201_006_01.h5,1.41,Combined_25km_jan24_gt3r.csv
-75.16607478034716,-41.76395658334247,27.0,0.3,0.9800616875290872,2.396482909615669,0.2138275504112243,processed_ATL10-02_20240123213433_05512201_006_01.h5,1.15,Combined_25km_jan24_gt3r.csv
-74.94035053744398,-41.90013782727454,24.0,0.26,0.9773503839969636,3.294159064535052,0.2055955231189727,processed_ATL10-02_20240123213433_05512201_006_01.h5,1.01,Combined_25km_jan24_gt3r.csv
-74.81774080275561,-41.972766287487616,6.0,0.21,,0.0,0.1100258082151413,processed_ATL10-02_20240123213433_05512201_006_01.h5,0.83,Combined_25km_jan24_gt3r.csv
-73.54466943075992,-42.66885339063413,15.0,0.22,0.6492497324943542,0.2489244192838668,0.1090139895677566,processed_ATL10-02_20240123213433_05512201_006_01.h5,0.86,Combined_25km_jan24_gt3r.csv
-77.23977478259116,-41.93798034632378,27.0,0.45,1.264708936214447,16.428205909000503,0.3575610518455505,processed_ATL10-02_20240124083434_05582201_006_01.h5,1.7,Combined_25km_jan24_gt3r.csv
-77.00149958157363,-41.75153672427692,27.0,0.23,1.0293898185094197,12.02955065915982,0.278556764125824,processed_ATL10-02_20240124083434_05582201_006_01.h5,0.9,Combined_25km_jan24_gt3r.csv
-76.81610245065286,-41.610501928226974,15.0,0.2,0.9780707120895386,9.63243793696165,0.2619029879570007,processed_ATL10-02_20240124083434_05582201_006_01.h5,0.79,Combined_25km_jan24_gt3r.csv
-77.23977478259116,-41.93798034632378,27.0,0.45,1.264708936214447,16.428205909000503,0.3575610518455505,processed_ATL10-02_20240124083434_05582201_006_01.h5,1.7,Combined_25km_jan24_gt3r.csv
-77.00149958157363,-41.75153672427692,27.0,0.23,1.0293898185094197,12.02955065915982,0.278556764125824,processed_ATL10-02_20240124083434_05582201_006_01.h5,0.9,Combined_25km_jan24_gt3r.csv
-76.81610245065286,-41.610501928226974,15.0,0.2,0.9780707120895386,9.63243793696165,0.2619029879570007,processed_ATL10-02_20240124083434_05582201_006_01.h5,0.79,Combined_25km_jan24_gt3r.csv
-77.05588173213313,-34.75059836752708,27.0,0.03,0.916468620300293,13.62624953293966,0.282975971698761,processed_ATL10-02_20240124210853_05662201_006_01.h5,0.18,Combined_25km_jan24_gt3r.csv
-76.8175489099632,-34.933101749476336,27.0,0.1,0.853114515542984,11.892327293753624,0.281103253364563,processed_ATL10-02_20240124210853_05662201_006_01.h5,0.43,Combined_25km_jan24_gt3r.csv
-76.59236645096456,-35.10012082464755,24.0,0.15,0.7533584535121918,2.07655418489594,0.1754528582096099,processed_ATL10-02_20240124210853_05662201_006_01.h5,0.61,Combined_25km_jan24_gt3r.csv
-76.3670828749906,-35.262132003031404,27.0,0.23,1.0366860287530082,5.82543153108822,0.2169788479804992,processed_ATL10-02_20240124210853_05662201_006_01.h5,0.9,Combined_25km_jan24_gt3r.csv
-76.14913288155024,-35.41445258704047,21.0,0.34,1.0781395435333252,3.92937854464565,0.2285554260015487,processed_ATL10-02_20240124210853_05662201_006_01.h5,1.3,Combined_25km_jan24_gt3r.csv
-75.929543374068,-35.56368195069058,24.0,0.16,0.8939797282218933,10.706303562619723,0.2388558387756347,processed_ATL10-02_20240124210853_05662201_006_01.h5,0.65,Combined_25km_jan24_gt3r.csv
-75.70402721898101,-35.7127422940174,27.0,0.2,0.8531028926372528,2.5698560678089657,0.1814171969890594,processed_ATL10-02_20240124210853_05662201_006_01.h5,0.79,Combined_25km_jan24_gt3r.csv
-75.47355356330183,-35.86080397746845,24.0,0.21,0.8993869026501974,2.177470247261226,0.1654713898897171,processed_ATL10-02_20240124210853_05662201_006_01.h5,0.83,Combined_25km_jan24_gt3r.csv
-75.23952634941291,-36.00669896567563,24.0,0.17,0.7315289576848348,0.4481510317418724,0.1401110589504242,processed_ATL10-02_20240124210853_05662201_006_01.h5,0.68,Combined_25km_jan24_gt3r.csv
-77.05588173213313,-34.75059836752708,27.0,0.03,0.916468620300293,13.62624953293966,0.282975971698761,processed_ATL10-02_20240124210853_05662201_006_01.h5,0.18,Combined_25km_jan24_gt3r.csv
-76.8175489099632,-34.933101749476336,27.0,0.1,0.853114515542984,11.892327293753624,0.281103253364563,processed_ATL10-02_20240124210853_05662201_006_01.h5,0.43,Combined_25km_jan24_gt3r.csv
-76.59236645096456,-35.10012082464755,24.0,0.15,0.7533584535121918,2.07655418489594,0.1754528582096099,processed_ATL10-02_20240124210853_05662201_006_01.h5,0.61,Combined_25km_jan24_gt3r.csv
-76.3670828749906,-35.262132003031404,27.0,0.23,1.0366860287530082,5.82543153108822,0.2169788479804992,processed_ATL10-02_20240124210853_05662201_006_01.h5,0.9,Combined_25km_jan24_gt3r.csv
-76.14913288155024,-35.41445258704047,21.0,0.34,1.0781395435333252,3.92937854464565,0.2285554260015487,processed_ATL10-02_20240124210853_05662201_006_01.h5,1.3,Combined_25km_jan24_gt3r.csv
-75.929543374068,-35.56368195069058,24.0,0.16,0.8939797282218933,10.706303562619723,0.2388558387756347,processed_ATL10-02_20240124210853_05662201_006_01.h5,0.65,Combined_25km_jan24_gt3r.csv
-75.70402721898101,-35.7127422940174,27.0,0.2,0.8531028926372528,2.5698560678089657,0.1814171969890594,processed_ATL10-02_20240124210853_05662201_006_01.h5,0.79,Combined_25km_jan24_gt3r.csv
-75.47355356330183,-35.86080397746845,24.0,0.21,0.8993869026501974,2.177470247261226,0.1654713898897171,processed_ATL10-02_20240124210853_05662201_006_01.h5,0.83,Combined_25km_jan24_gt3r.csv
-75.23952634941291,-36.00669896567563,24.0,0.17,0.7315289576848348,0.4481510317418724,0.1401110589504242,processed_ATL10-02_20240124210853_05662201_006_01.h5,0.68,Combined_25km_jan24_gt3r.csv
-77.33178929035743,-36.30214698366122,27.0,0.14,0.9181482451302664,13.278983823127216,0.2823306620121002,processed_ATL10-02_20240125080854_05732201_006_01.h5,0.57,Combined_25km_jan24_gt3r.csv
-77.09371561061135,-36.11201082249103,27.0,0.11,0.7211090102791786,6.6194189712405205,0.2265546917915344,processed_ATL10-02_20240125080854_05732201_006_01.h5,0.46,Combined_25km_jan24_gt3r.csv
-76.90836438170739,-35.96837579287906,15.0,0.33,0.6893624663352966,0.222664289176464,0.1660998165607452,processed_ATL10-02_20240125080854_05732201_006_01.h5,1.26,Combined_25km_jan24_gt3r.csv
-76.61382567641022,-35.74825284834001,21.0,0.16,0.8666981309652328,3.052250189440591,0.1622039526700973,processed_ATL10-02_20240125080854_05732201_006_01.h5,0.65,Combined_25km_jan24_gt3r.csv
-76.41796826991148,-35.60689950644989,24.0,0.32,0.9070212095975876,9.08888066187501,0.2544121742248535,processed_ATL10-02_20240125080854_05732201_006_01.h5,1.23,Combined_25km_jan24_gt3r.csv
-76.19286122822952,-35.44897363867813,27.0,0.25,1.0625502400928073,8.37002056133416,0.2690525352954864,processed_ATL10-02_20240125080854_05732201_006_01.h5,0.97,Combined_25km_jan24_gt3r.csv
-75.96741895651098,-35.29518154753172,24.0,0.28,1.048541009426117,11.48430822067894,0.2918726205825805,processed_ATL10-02_20240125080854_05732201_006_01.h5,1.08,Combined_25km_jan24_gt3r.csv
-75.74191994055481,-35.14554230609279,27.0,0.13,0.8099192040307182,4.141071625053883,0.1861501783132553,processed_ATL10-02_20240125080854_05732201_006_01.h5,0.54,Combined_25km_jan24_gt3r.csv
-75.5163673069374,-34.999652447301536,24.0,0.25,1.0211672484874723,3.392665961291641,0.2018769085407257,processed_ATL10-02_20240125080854_05732201_006_01.h5,0.97,Combined_25km_jan24_gt3r.csv
-75.30400228609253,-34.86577540232717,24.0,0.19,0.8806246916453043,3.6763698677532375,0.1985493004322052,processed_ATL10-02_20240125080854_05732201_006_01.h5,0.75,Combined_25km_jan24_gt3r.csv
-75.07826710395081,-34.72723902623391,27.0,0.15,0.925701550074986,5.447020257512729,0.2111264616250991,processed_ATL10-02_20240125080854_05732201_006_01.h5,0.61,Combined_25km_jan24_gt3r.csv
-74.8522206102183,-34.592357586194126,24.0,0.17,1.1390345096588137,1.5545984730124474,0.115382432937622,processed_ATL10-02_20240125080854_05732201_006_01.h5,0.68,Combined_25km_jan24_gt3r.csv
-74.62657004361597,-34.46158016673235,27.0,0.17,0.8651019419942584,3.4755259338352413,0.1953061819076538,processed_ATL10-02_20240125080854_05732201_006_01.h5,0.68,Combined_25km_jan24_gt3r.csv
-77.33178929035743,-36.30214698366122,27.0,0.14,0.9181482451302664,13.278983823127216,0.2823306620121002,processed_ATL10-02_20240125080854_05732201_006_01.h5,0.57,Combined_25km_jan24_gt3r.csv
-77.09371561061135,-36.11201082249103,27.0,0.11,0.7211090102791786,6.6194189712405205,0.2265546917915344,processed_ATL10-02_20240125080854_05732201_006_01.h5,0.46,Combined_25km_jan24_gt3r.csv
-76.90836438170739,-35.96837579287906,15.0,0.33,0.6893624663352966,0.222664289176464,0.1660998165607452,processed_ATL10-02_20240125080854_05732201_006_01.h5,1.26,Combined_25km_jan24_gt3r.csv
-76.61382567641022,-35.74825284834001,21.0,0.16,0.8666981309652328,3.052250189440591,0.1622039526700973,processed_ATL10-02_20240125080854_05732201_006_01.h5,0.65,Combined_25km_jan24_gt3r.csv
-76.41796826991148,-35.60689950644989,24.0,0.32,0.9070212095975876,9.08888066187501,0.2544121742248535,processed_ATL10-02_20240125080854_05732201_006_01.h5,1.23,Combined_25km_jan24_gt3r.csv
-76.19286122822952,-35.44897363867813,27.0,0.25,1.0625502400928073,8.37002056133416,0.2690525352954864,processed_ATL10-02_20240125080854_05732201_006_01.h5,0.97,Combined_25km_jan24_gt3r.csv
-75.96741895651098,-35.29518154753172,24.0,0.28,1.048541009426117,11.48430822067894,0.2918726205825805,processed_ATL10-02_20240125080854_05732201_006_01.h5,1.08,Combined_25km_jan24_gt3r.csv
-75.74191994055481,-35.14554230609279,27.0,0.13,0.8099192040307182,4.141071625053883,0.1861501783132553,processed_ATL10-02_20240125080854_05732201_006_01.h5,0.54,Combined_25km_jan24_gt3r.csv
-75.5163673069374,-34.999652447301536,24.0,0.25,1.0211672484874723,3.392665961291641,0.2018769085407257,processed_ATL10-02_20240125080854_05732201_006_01.h5,0.97,Combined_25km_jan24_gt3r.csv
-75.30400228609253,-34.86577540232717,24.0,0.19,0.8806246916453043,3.6763698677532375,0.1985493004322052,processed_ATL10-02_20240125080854_05732201_006_01.h5,0.75,Combined_25km_jan24_gt3r.csv
-75.07826710395081,-34.72723902623391,27.0,0.15,0.925701550074986,5.447020257512729,0.2111264616250991,processed_ATL10-02_20240125080854_05732201_006_01.h5,0.61,Combined_25km_jan24_gt3r.csv
-74.8522206102183,-34.592357586194126,24.0,0.17,1.1390345096588137,1.5545984730124474,0.115382432937622,processed_ATL10-02_20240125080854_05732201_006_01.h5,0.68,Combined_25km_jan24_gt3r.csv
-74.62657004361597,-34.46158016673235,27.0,0.17,0.8651019419942584,3.4755259338352413,0.1953061819076538,processed_ATL10-02_20240125080854_05732201_006_01.h5,0.68,Combined_25km_jan24_gt3r.csv
-75.84820941358944,-29.90698751576763,15.0,0.03,0.7286870777606964,3.390536606311798,0.1349915713071823,processed_ATL10-02_20240125204313_05812201_006_01.h5,0.18,Combined_25km_jan24_gt3r.csv
-75.55249041454172,-30.09959122469289,24.0,0.06,0.8262444535891215,2.319516474381089,0.127770110964775,processed_ATL10-02_20240125204313_05812201_006_01.h5,0.28,Combined_25km_jan24_gt3r.csv
-75.32772120693542,-30.241439833886957,15.0,0.11,0.9054069221019744,3.934202790260315,0.1918150782585144,processed_ATL10-02_20240125204313_05812201_006_01.h5,0.46,Combined_25km_jan24_gt3r.csv
-75.12653185666889,-30.365396923222704,24.0,0.11,0.9168509926114764,3.5652413789648563,0.1947188973426818,processed_ATL10-02_20240125204313_05812201_006_01.h5,0.46,Combined_25km_jan24_gt3r.csv
-74.90073805694298,-30.50098497949996,27.0,0.12,0.8494213620821635,2.855112088016338,0.1930994540452957,processed_ATL10-02_20240125204313_05812201_006_01.h5,0.5,Combined_25km_jan24_gt3r.csv
-74.67491598983341,-30.633110238715265,24.0,0.09,0.904183104634285,6.874874871573411,0.2481442540884018,processed_ATL10-02_20240125204313_05812201_006_01.h5,0.39,Combined_25km_jan24_gt3r.csv
-74.44901352571213,-30.76171717412316,27.0,0.02,0.7533804443147447,7.167788879531953,0.2033813297748565,processed_ATL10-02_20240125204313_05812201_006_01.h5,0.14,Combined_25km_jan24_gt3r.csv
-74.22304175880365,-30.88708934003207,24.0,0.08,0.7978050634264946,2.726660663029179,0.1784218698740005,processed_ATL10-02_20240125204313_05812201_006_01.h5,0.36,Combined_25km_jan24_gt3r.csv
-73.99704003168547,-31.009277032602345,27.0,0.09,0.8228913396596909,6.523247176988257,0.2123046070337295,processed_ATL10-02_20240125204313_05812201_006_01.h5,0.39,Combined_25km_jan24_gt3r.csv
-75.84820941358944,-29.90698751576763,15.0,0.03,0.7286870777606964,3.390536606311798,0.1349915713071823,processed_ATL10-02_20240125204313_05812201_006_01.h5,0.18,Combined_25km_jan24_gt3r.csv
-75.55249041454172,-30.09959122469289,24.0,0.06,0.8262444535891215,2.319516474381089,0.127770110964775,processed_ATL10-02_20240125204313_05812201_006_01.h5,0.28,Combined_25km_jan24_gt3r.csv
-75.32772120693542,-30.241439833886957,15.0,0.11,0.9054069221019744,3.934202790260315,0.1918150782585144,processed_ATL10-02_20240125204313_05812201_006_01.h5,0.46,Combined_25km_jan24_gt3r.csv
-75.12653185666889,-30.365396923222704,24.0,0.11,0.9168509926114764,3.5652413789648563,0.1947188973426818,processed_ATL10-02_20240125204313_05812201_006_01.h5,0.46,Combined_25km_jan24_gt3r.csv
-74.90073805694298,-30.50098497949996,27.0,0.12,0.8494213620821635,2.855112088016338,0.1930994540452957,processed_ATL10-02_20240125204313_05812201_006_01.h5,0.5,Combined_25km_jan24_gt3r.csv
-74.67491598983341,-30.633110238715265,24.0,0.09,0.904183104634285,6.874874871573411,0.2481442540884018,processed_ATL10-02_20240125204313_05812201_006_01.h5,0.39,Combined_25km_jan24_gt3r.csv
-74.44901352571213,-30.76171717412316,27.0,0.02,0.7533804443147447,7.167788879531953,0.2033813297748565,processed_ATL10-02_20240125204313_05812201_006_01.h5,0.14,Combined_25km_jan24_gt3r.csv
-74.22304175880365,-30.88708934003207,24.0,0.08,0.7978050634264946,2.726660663029179,0.1784218698740005,processed_ATL10-02_20240125204313_05812201_006_01.h5,0.36,Combined_25km_jan24_gt3r.csv
-73.99704003168547,-31.009277032602345,27.0,0.09,0.8228913396596909,6.523247176988257,0.2123046070337295,processed_ATL10-02_20240125204313_05812201_006_01.h5,0.39,Combined_25km_jan24_gt3r.csv
-73.0808286231867,-27.93542243330883,27.0,0.08,0.9027297496795654,13.20834526171287,0.2479442209005355,processed_ATL10-02_20240126074312_05882201_006_01.h5,0.36,Combined_25km_jan24_gt3r.csv
-73.0808286231867,-27.93542243330883,27.0,0.08,0.9027297496795654,13.20834526171287,0.2479442209005355,processed_ATL10-02_20240126074312_05882201_006_01.h5,0.36,Combined_25km_jan24_gt3r.csv
-71.66101018049362,-26.41126495557514,15.0,0.1,,0.0,0.0599556788802146,processed_ATL10-02_20240126201732_05962201_006_01.h5,0.43,Combined_25km_jan24_gt3r.csv
-71.36530270332295,-26.53522973854584,12.0,0.09,,0.0,0.060085691511631,processed_ATL10-02_20240126201732_05962201_006_01.h5,0.39,Combined_25km_jan24_gt3r.csv
-71.13526739409015,-26.62917178007625,18.0,0.15,,0.0,0.0757357850670814,processed_ATL10-02_20240126201732_05962201_006_01.h5,0.61,Combined_25km_jan24_gt3r.csv
-70.97981152312543,-26.69150748372844,12.0,0.16,0.7746316194534302,0.1731986179947853,0.0890174359083175,processed_ATL10-02_20240126201732_05962201_006_01.h5,0.65,Combined_25km_jan24_gt3r.csv
-71.66101018049362,-26.41126495557514,15.0,0.1,,0.0,0.0599556788802146,processed_ATL10-02_20240126201732_05962201_006_01.h5,0.43,Combined_25km_jan24_gt3r.csv
-71.36530270332295,-26.53522973854584,12.0,0.09,,0.0,0.060085691511631,processed_ATL10-02_20240126201732_05962201_006_01.h5,0.39,Combined_25km_jan24_gt3r.csv
-71.13526739409015,-26.62917178007625,18.0,0.15,,0.0,0.0757357850670814,processed_ATL10-02_20240126201732_05962201_006_01.h5,0.61,Combined_25km_jan24_gt3r.csv
-70.97981152312543,-26.69150748372844,12.0,0.16,0.7746316194534302,0.1731986179947853,0.0890174359083175,processed_ATL10-02_20240126201732_05962201_006_01.h5,0.65,Combined_25km_jan24_gt3r.csv
-74.88173677397955,-31.290187826404324,24.0,0.17,0.9496638774871826,3.69133455096744,0.2204287499189376,processed_ATL10-02_20240129203455_06422201_006_01.h5,0.68,Combined_25km_jan24_gt3r.csv
-74.65398833304961,-31.42295612257929,27.0,0.21,0.9456335731915064,2.1277361368346543,0.1942016035318374,processed_ATL10-02_20240129203455_06422201_006_01.h5,0.83,Combined_25km_jan24_gt3r.csv
-74.45715662896528,-31.53516543237627,18.0,0.2,1.0816415548324585,0.2084801283975442,0.1289058625698089,processed_ATL10-02_20240129203455_06422201_006_01.h5,0.79,Combined_25km_jan24_gt3r.csv
-73.92940218115348,-31.824034656565622,12.0,0.36,1.020456333955129,25.649587996304035,0.3239353895187378,processed_ATL10-02_20240129203455_06422201_006_01.h5,1.37,Combined_25km_jan24_gt3r.csv
-73.75260550104491,-31.916771858916277,12.0,0.79,,0.0,0.2563762962818146,processed_ATL10-02_20240129203455_06422201_006_01.h5,2.93,Combined_25km_jan24_gt3r.csv
-74.88173677397955,-31.290187826404324,24.0,0.17,0.9496638774871826,3.69133455096744,0.2204287499189376,processed_ATL10-02_20240129203455_06422201_006_01.h5,0.68,Combined_25km_jan24_gt3r.csv
-74.65398833304961,-31.42295612257929,27.0,0.21,0.9456335731915064,2.1277361368346543,0.1942016035318374,processed_ATL10-02_20240129203455_06422201_006_01.h5,0.83,Combined_25km_jan24_gt3r.csv
-74.45715662896528,-31.53516543237627,18.0,0.2,1.0816415548324585,0.2084801283975442,0.1289058625698089,processed_ATL10-02_20240129203455_06422201_006_01.h5,0.79,Combined_25km_jan24_gt3r.csv
-73.92940218115348,-31.824034656565622,12.0,0.36,1.020456333955129,25.649587996304035,0.3239353895187378,processed_ATL10-02_20240129203455_06422201_006_01.h5,1.37,Combined_25km_jan24_gt3r.csv
-73.75260550104491,-31.916771858916277,12.0,0.79,,0.0,0.2563762962818146,processed_ATL10-02_20240129203455_06422201_006_01.h5,2.93,Combined_25km_jan24_gt3r.csv
-76.37722710494413,-30.64613224465088,27.0,0.06,0.8562419513861338,4.720225785341528,0.1631632447242736,processed_ATL10-02_20240130073457_06492201_006_01.h5,0.28,Combined_25km_jan24_gt3r.csv
-76.1519271423796,-30.488325482640175,24.0,0.08,0.8012968642371041,3.097219273331575,0.1676878780126571,processed_ATL10-02_20240130073457_06492201_006_01.h5,0.36,Combined_25km_jan24_gt3r.csv
-75.92647841233735,-30.335138569036488,27.0,0.11,0.8464588075876236,3.5782485062049494,0.1952830553054809,processed_ATL10-02_20240130073457_06492201_006_01.h5,0.46,Combined_25km_jan24_gt3r.csv
-75.70093822439948,-30.186177144411303,24.0,0.21,0.9870937094092368,7.082820159848779,0.2453896105289459,processed_ATL10-02_20240130073457_06492201_006_01.h5,0.83,Combined_25km_jan24_gt3r.csv
-75.56829775635691,-30.10040602275508,6.0,0.29,0.9674116671085358,5.661583133041859,0.2303148508071899,processed_ATL10-02_20240130073457_06492201_006_01.h5,1.12,Combined_25km_jan24_gt3r.csv
-75.16253338150665,-29.846800134709312,6.0,0.34,1.1321423053741455,0.6501392461359501,0.1150867044925689,processed_ATL10-02_20240130073457_06492201_006_01.h5,1.3,Combined_25km_jan24_gt3r.csv
-75.02395479408459,-29.763106421380144,27.0,0.1,0.830643011464013,4.700430446407861,0.2074339985847473,processed_ATL10-02_20240130073457_06492201_006_01.h5,0.43,Combined_25km_jan24_gt3r.csv
-74.79805210396634,-29.629248914903545,24.0,0.09,0.8052628189325333,1.481066457927227,0.139722928404808,processed_ATL10-02_20240130073457_06492201_006_01.h5,0.39,Combined_25km_jan24_gt3r.csv
-74.5722857817104,-29.498980377346488,27.0,0.1,0.8908456563949585,5.201212572865188,0.1981271356344223,processed_ATL10-02_20240130073457_06492201_006_01.h5,0.43,Combined_25km_jan24_gt3r.csv
-74.34633056817705,-29.371811997660817,24.0,0.12,0.9954720437526704,5.519775656284764,0.1971867978572845,processed_ATL10-02_20240130073457_06492201_006_01.h5,0.5,Combined_25km_jan24_gt3r.csv
-74.12036505380765,-29.247896758651564,27.0,0.26,1.0474345352914598,8.538551380236944,0.2935271263122558,processed_ATL10-02_20240130073457_06492201_006_01.h5,1.01,Combined_25km_jan24_gt3r.csv
-73.89216106647297,-29.125871102918204,24.0,0.21,0.9624093515532356,4.989248898345977,0.2075906097888946,processed_ATL10-02_20240130073457_06492201_006_01.h5,0.83,Combined_25km_jan24_gt3r.csv
-73.74635920703457,-29.04940107936376,9.0,0.38,0.8965378701686859,4.267193749547005,0.2710244953632355,processed_ATL10-02_20240130073457_06492201_006_01.h5,1.44,Combined_25km_jan24_gt3r.csv
-76.37722710494413,-30.64613224465088,27.0,0.06,0.8562419513861338,4.720225785341528,0.1631632447242736,processed_ATL10-02_20240130073457_06492201_006_01.h5,0.28,Combined_25km_jan24_gt3r.csv
-76.1519271423796,-30.488325482640175,24.0,0.08,0.8012968642371041,3.097219273331575,0.1676878780126571,processed_ATL10-02_20240130073457_06492201_006_01.h5,0.36,Combined_25km_jan24_gt3r.csv
-75.92647841233735,-30.335138569036488,27.0,0.11,0.8464588075876236,3.5782485062049494,0.1952830553054809,processed_ATL10-02_20240130073457_06492201_006_01.h5,0.46,Combined_25km_jan24_gt3r.csv
-75.70093822439948,-30.186177144411303,24.0,0.21,0.9870937094092368,7.082820159848779,0.2453896105289459,processed_ATL10-02_20240130073457_06492201_006_01.h5,0.83,Combined_25km_jan24_gt3r.csv
-75.56829775635691,-30.10040602275508,6.0,0.29,0.9674116671085358,5.661583133041859,0.2303148508071899,processed_ATL10-02_20240130073457_06492201_006_01.h5,1.12,Combined_25km_jan24_gt3r.csv
-75.16253338150665,-29.846800134709312,6.0,0.34,1.1321423053741455,0.6501392461359501,0.1150867044925689,processed_ATL10-02_20240130073457_06492201_006_01.h5,1.3,Combined_25km_jan24_gt3r.csv
-75.02395479408459,-29.763106421380144,27.0,0.1,0.830643011464013,4.700430446407861,0.2074339985847473,processed_ATL10-02_20240130073457_06492201_006_01.h5,0.43,Combined_25km_jan24_gt3r.csv
-74.79805210396634,-29.629248914903545,24.0,0.09,0.8052628189325333,1.481066457927227,0.139722928404808,processed_ATL10-02_20240130073457_06492201_006_01.h5,0.39,Combined_25km_jan24_gt3r.csv
-74.5722857817104,-29.498980377346488,27.0,0.1,0.8908456563949585,5.201212572865188,0.1981271356344223,processed_ATL10-02_20240130073457_06492201_006_01.h5,0.43,Combined_25km_jan24_gt3r.csv
-74.34633056817705,-29.371811997660817,24.0,0.12,0.9954720437526704,5.519775656284764,0.1971867978572845,processed_ATL10-02_20240130073457_06492201_006_01.h5,0.5,Combined_25km_jan24_gt3r.csv
-74.12036505380765,-29.247896758651564,27.0,0.26,1.0474345352914598,8.538551380236944,0.2935271263122558,processed_ATL10-02_20240130073457_06492201_006_01.h5,1.01,Combined_25km_jan24_gt3r.csv
-73.89216106647297,-29.125871102918204,24.0,0.21,0.9624093515532356,4.989248898345977,0.2075906097888946,processed_ATL10-02_20240130073457_06492201_006_01.h5,0.83,Combined_25km_jan24_gt3r.csv
-73.74635920703457,-29.04940107936376,9.0,0.38,0.8965378701686859,4.267193749547005,0.2710244953632355,processed_ATL10-02_20240130073457_06492201_006_01.h5,1.44,Combined_25km_jan24_gt3r.csv
-74.28374894516259,-25.92069762063929,27.0,0.03,0.892232745885849,6.992126711540752,0.0858386754989624,processed_ATL10-02_20240130200916_06572201_006_01.h5,0.18,Combined_25km_jan24_gt3r.csv
-74.06433063740936,-26.04038422443554,21.0,0.13,1.0513291358947754,6.633275747299194,0.0737329274415969,processed_ATL10-02_20240130200916_06572201_006_01.h5,0.54,Combined_25km_jan24_gt3r.csv
-73.83164389271256,-26.164183843777,27.0,0.11,0.9283949732780457,1.5582916637261708,0.119938813149929,processed_ATL10-02_20240130200916_06572201_006_01.h5,0.46,Combined_25km_jan24_gt3r.csv
-73.60553545879603,-26.28165487946328,24.0,0.1,0.9199816485246024,7.986475876532495,0.2109282165765762,processed_ATL10-02_20240130200916_06572201_006_01.h5,0.43,Combined_25km_jan24_gt3r.csv
-73.37936638703465,-26.396368821042827,27.0,0.07,0.8128195064408439,4.2558990108470125,0.1819494068622589,processed_ATL10-02_20240130200916_06572201_006_01.h5,0.32,Combined_25km_jan24_gt3r.csv
-73.15399401465383,-26.508067773276245,24.0,0.1,0.9120115978377206,4.89408380817622,0.2079142332077026,processed_ATL10-02_20240130200916_06572201_006_01.h5,0.43,Combined_25km_jan24_gt3r.csv
-72.94577380829311,-26.60898257192157,12.0,0.16,0.8939270824193954,12.059300718829036,0.2695542871952057,processed_ATL10-02_20240130200916_06572201_006_01.h5,0.65,Combined_25km_jan24_gt3r.csv
-72.38144580850445,-26.87260270863568,3.0,0.06,,0.0,0.1689264625310897,processed_ATL10-02_20240130200916_06572201_006_01.h5,0.28,Combined_25km_jan24_gt3r.csv
-74.28374894516259,-25.92069762063929,27.0,0.03,0.892232745885849,6.992126711540752,0.0858386754989624,processed_ATL10-02_20240130200916_06572201_006_01.h5,0.18,Combined_25km_jan24_gt3r.csv
-74.06433063740936,-26.04038422443554,21.0,0.13,1.0513291358947754,6.633275747299194,0.0737329274415969,processed_ATL10-02_20240130200916_06572201_006_01.h5,0.54,Combined_25km_jan24_gt3r.csv
-73.83164389271256,-26.164183843777,27.0,0.11,0.9283949732780457,1.5582916637261708,0.119938813149929,processed_ATL10-02_20240130200916_06572201_006_01.h5,0.46,Combined_25km_jan24_gt3r.csv
-73.60553545879603,-26.28165487946328,24.0,0.1,0.9199816485246024,7.986475876532495,0.2109282165765762,processed_ATL10-02_20240130200916_06572201_006_01.h5,0.43,Combined_25km_jan24_gt3r.csv
-73.37936638703465,-26.396368821042827,27.0,0.07,0.8128195064408439,4.2558990108470125,0.1819494068622589,processed_ATL10-02_20240130200916_06572201_006_01.h5,0.32,Combined_25km_jan24_gt3r.csv
-73.15399401465383,-26.508067773276245,24.0,0.1,0.9120115978377206,4.89408380817622,0.2079142332077026,processed_ATL10-02_20240130200916_06572201_006_01.h5,0.43,Combined_25km_jan24_gt3r.csv
-72.94577380829311,-26.60898257192157,12.0,0.16,0.8939270824193954,12.059300718829036,0.2695542871952057,processed_ATL10-02_20240130200916_06572201_006_01.h5,0.65,Combined_25km_jan24_gt3r.csv
-72.38144580850445,-26.87260270863568,3.0,0.06,,0.0,0.1689264625310897,processed_ATL10-02_20240130200916_06572201_006_01.h5,0.28,Combined_25km_jan24_gt3r.csv
-77.41447542211657,-41.73492168168636,27.0,0.51,1.2515485286712646,8.622939522481627,0.3117048144340515,processed_ATL10-02_20240131211753_06732201_006_01.h5,1.91,Combined_25km_jan24_gt3r.csv
-77.17631776474153,-41.927018598208406,27.0,0.32,1.146449049313863,11.812937466634644,0.3197560012340545,processed_ATL10-02_20240131211753_06732201_006_01.h5,1.23,Combined_25km_jan24_gt3r.csv
-76.95129795412758,-42.10276749664192,24.0,0.49,1.248470425605774,9.471441846108064,0.2895278930664062,processed_ATL10-02_20240131211753_06732201_006_01.h5,1.84,Combined_25km_jan24_gt3r.csv
-76.79242197948301,-42.22364111542632,12.0,0.25,1.0015296936035156,7.016607001423836,0.2446957230567932,processed_ATL10-02_20240131211753_06732201_006_01.h5,0.97,Combined_25km_jan24_gt3r.csv
-75.98394229676491,-42.79920710264113,9.0,0.37,1.1984195311864216,13.283633068203926,0.2807790338993072,processed_ATL10-02_20240131211753_06732201_006_01.h5,1.41,Combined_25km_jan24_gt3r.csv
-75.82499179181723,-42.905206184936986,27.0,0.36,1.1700138913260565,9.134936622447436,0.2890316545963287,processed_ATL10-02_20240131211753_06732201_006_01.h5,1.37,Combined_25km_jan24_gt3r.csv
-75.6001902217669,-43.05175367928086,24.0,0.33,1.162537433207035,8.57271000277251,0.2905445694923401,processed_ATL10-02_20240131211753_06732201_006_01.h5,1.26,Combined_25km_jan24_gt3r.csv
-75.38687194446818,-43.1870496980101,24.0,0.41,1.1406420469284058,2.293329415260814,0.2079235464334488,processed_ATL10-02_20240131211753_06732201_006_01.h5,1.55,Combined_25km_jan24_gt3r.csv
-75.16117333166795,-43.32644693374704,27.0,0.31,1.0626875087618828,3.5885978205543427,0.2014715373516082,processed_ATL10-02_20240131211753_06732201_006_01.h5,1.19,Combined_25km_jan24_gt3r.csv
-74.93540067843551,-43.46231399304186,24.0,0.24,0.9814467032750448,1.3830432551912963,0.14738130569458,processed_ATL10-02_20240131211753_06732201_006_01.h5,0.94,Combined_25km_jan24_gt3r.csv
-74.70957479703581,-43.594584854718846,27.0,0.24,0.9570074304938316,5.166564271267918,0.2052330374717712,processed_ATL10-02_20240131211753_06732201_006_01.h5,0.94,Combined_25km_jan24_gt3r.csv
-74.48369709478999,-43.72362816011,24.0,0.22,1.0575445294380188,2.860979159595445,0.1745496243238449,processed_ATL10-02_20240131211753_06732201_006_01.h5,0.86,Combined_25km_jan24_gt3r.csv
-74.25773240822748,-43.8494533708172,27.0,0.29,1.00631333142519,2.745160967525509,0.2054412215948104,processed_ATL10-02_20240131211753_06732201_006_01.h5,1.12,Combined_25km_jan24_gt3r.csv
-74.0317176334432,-43.97229613068612,24.0,0.32,1.053380242415837,2.7529806888196617,0.2018647491931915,processed_ATL10-02_20240131211753_06732201_006_01.h5,1.23,Combined_25km_jan24_gt3r.csv
-73.80565268546601,-44.09209635378535,27.0,0.22,0.8685584962368011,1.3259462132636044,0.1614279448986053,processed_ATL10-02_20240131211753_06732201_006_01.h5,0.86,Combined_25km_jan24_gt3r.csv
-73.57953856310546,-44.209119927296896,24.0,0.3,0.9798096617062888,0.8789932209765539,0.171121284365654,processed_ATL10-02_20240131211753_06732201_006_01.h5,1.15,Combined_25km_jan24_gt3r.csv
-73.35340679338535,-44.32343533351054,27.0,0.09,0.8986944726535252,8.297369794713127,0.201511338353157,processed_ATL10-02_20240131211753_06732201_006_01.h5,0.39,Combined_25km_jan24_gt3r.csv
-73.12872568148634,-44.434484003990896,24.0,0.41,1.1554891977991375,5.099533859174699,0.2631541490554809,processed_ATL10-02_20240131211753_06732201_006_01.h5,1.55,Combined_25km_jan24_gt3r.csv
-72.90086988157941,-44.544488147701344,27.0,0.24,0.9947277648108346,10.47469067076842,0.2696176767349243,processed_ATL10-02_20240131211753_06732201_006_01.h5,0.94,Combined_25km_jan24_gt3r.csv
-72.67456315723535,-44.65140546301016,24.0,0.34,1.1577041745185852,5.072156491223723,0.2501572370529175,processed_ATL10-02_20240131211753_06732201_006_01.h5,1.3,Combined_25km_jan24_gt3r.csv
-77.41447542211657,-41.73492168168636,27.0,0.51,1.2515485286712646,8.622939522481627,0.3117048144340515,processed_ATL10-02_20240131211753_06732201_006_01.h5,1.91,Combined_25km_jan24_gt3r.csv
-77.17631776474153,-41.927018598208406,27.0,0.32,1.146449049313863,11.812937466634644,0.3197560012340545,processed_ATL10-02_20240131211753_06732201_006_01.h5,1.23,Combined_25km_jan24_gt3r.csv
-76.95129795412758,-42.10276749664192,24.0,0.49,1.248470425605774,9.471441846108064,0.2895278930664062,processed_ATL10-02_20240131211753_06732201_006_01.h5,1.84,Combined_25km_jan24_gt3r.csv
-76.79242197948301,-42.22364111542632,12.0,0.25,1.0015296936035156,7.016607001423836,0.2446957230567932,processed_ATL10-02_20240131211753_06732201_006_01.h5,0.97,Combined_25km_jan24_gt3r.csv
-75.98394229676491,-42.79920710264113,9.0,0.37,1.1984195311864216,13.283633068203926,0.2807790338993072,processed_ATL10-02_20240131211753_06732201_006_01.h5,1.41,Combined_25km_jan24_gt3r.csv
-75.82499179181723,-42.905206184936986,27.0,0.36,1.1700138913260565,9.134936622447436,0.2890316545963287,processed_ATL10-02_20240131211753_06732201_006_01.h5,1.37,Combined_25km_jan24_gt3r.csv
-75.6001902217669,-43.05175367928086,24.0,0.33,1.162537433207035,8.57271000277251,0.2905445694923401,processed_ATL10-02_20240131211753_06732201_006_01.h5,1.26,Combined_25km_jan24_gt3r.csv
-75.38687194446818,-43.1870496980101,24.0,0.41,1.1406420469284058,2.293329415260814,0.2079235464334488,processed_ATL10-02_20240131211753_06732201_006_01.h5,1.55,Combined_25km_jan24_gt3r.csv
-75.16117333166795,-43.32644693374704,27.0,0.31,1.0626875087618828,3.5885978205543427,0.2014715373516082,processed_ATL10-02_20240131211753_06732201_006_01.h5,1.19,Combined_25km_jan24_gt3r.csv
-74.93540067843551,-43.46231399304186,24.0,0.24,0.9814467032750448,1.3830432551912963,0.14738130569458,processed_ATL10-02_20240131211753_06732201_006_01.h5,0.94,Combined_25km_jan24_gt3r.csv
-74.70957479703581,-43.594584854718846,27.0,0.24,0.9570074304938316,5.166564271267918,0.2052330374717712,processed_ATL10-02_20240131211753_06732201_006_01.h5,0.94,Combined_25km_jan24_gt3r.csv
-74.48369709478999,-43.72362816011,24.0,0.22,1.0575445294380188,2.860979159595445,0.1745496243238449,processed_ATL10-02_20240131211753_06732201_006_01.h5,0.86,Combined_25km_jan24_gt3r.csv
-74.25773240822748,-43.8494533708172,27.0,0.29,1.00631333142519,2.745160967525509,0.2054412215948104,processed_ATL10-02_20240131211753_06732201_006_01.h5,1.12,Combined_25km_jan24_gt3r.csv
-74.0317176334432,-43.97229613068612,24.0,0.32,1.053380242415837,2.7529806888196617,0.2018647491931915,processed_ATL10-02_20240131211753_06732201_006_01.h5,1.23,Combined_25km_jan24_gt3r.csv
-73.80565268546601,-44.09209635378535,27.0,0.22,0.8685584962368011,1.3259462132636044,0.1614279448986053,processed_ATL10-02_20240131211753_06732201_006_01.h5,0.86,Combined_25km_jan24_gt3r.csv
-73.57953856310546,-44.209119927296896,24.0,0.3,0.9798096617062888,0.8789932209765539,0.171121284365654,processed_ATL10-02_20240131211753_06732201_006_01.h5,1.15,Combined_25km_jan24_gt3r.csv
-73.35340679338535,-44.32343533351054,27.0,0.09,0.8986944726535252,8.297369794713127,0.201511338353157,processed_ATL10-02_20240131211753_06732201_006_01.h5,0.39,Combined_25km_jan24_gt3r.csv
-73.12872568148634,-44.434484003990896,24.0,0.41,1.1554891977991375,5.099533859174699,0.2631541490554809,processed_ATL10-02_20240131211753_06732201_006_01.h5,1.55,Combined_25km_jan24_gt3r.csv
-72.90086988157941,-44.544488147701344,27.0,0.24,0.9947277648108346,10.47469067076842,0.2696176767349243,processed_ATL10-02_20240131211753_06732201_006_01.h5,0.94,Combined_25km_jan24_gt3r.csv
-72.67456315723535,-44.65140546301016,24.0,0.34,1.1577041745185852,5.072156491223723,0.2501572370529175,processed_ATL10-02_20240131211753_06732201_006_01.h5,1.3,Combined_25km_jan24_gt3r.csv
